site_id,date,year,kwh_elec,kwh_gas,avg_temp
S001,2025-01-01,2025,174.74,215.02,4.73
S002,2025-01-01,2025,116.47,341.47,0.70
S003,2025-01-01,2025,944.24,984.26,1.72
S004,2025-01-01,2025,168.49,430.39,-0.48
S005,2025-01-01,2025,149.79,263.89,0.06
S006,2025-01-01,2025,164.60,415.32,0.15
S007,2025-01-01,2025,869.09,772.93,2.85
S008,2025-01-01,2025,29.09,57.32,4.97
S009,2025-01-01,2025,123.03,218.78,2.50
S010,2025-01-01,2025,210.87,688.13,1.73
S011,2025-01-01,2025,946.14,795.02,1.92
S012,2025-01-01,2025,76.24,156.71,1.32
S013,2025-01-01,2025,53.69,96.84,0.69
S014,2025-01-01,2025,266.58,529.94,4.46
S015,2025-01-01,2025,610.63,817.99,-0.22
S016,2025-01-01,2025,50.26,109.65,2.61
S017,2025-01-01,2025,52.94,107.51,-0.67
S018,2025-01-01,2025,127.19,331.91,2.62
S019,2025-01-01,2025,1204.61,1307.15,0.25
S020,2025-01-01,2025,67.21,132.50,2.42
S021,2025-01-01,2025,120.37,161.67,4.72
S022,2025-01-01,2025,108.14,356.09,0.57
S023,2025-01-01,2025,754.51,540.72,4.46
S024,2025-01-01,2025,36.60,83.26,2.39
S025,2025-01-01,2025,195.46,269.23,4.94
S026,2025-01-01,2025,81.68,261.73,0.76
S027,2025-01-01,2025,892.58,658.42,5.22
S028,2025-01-01,2025,0.00,0.00,1.51
S029,2025-01-01,2025,0.00,0.00,1.70
S030,2025-01-01,2025,0.00,0.00,4.62
S001,2025-01-02,2025,162.18,252.98,2.92
S002,2025-01-02,2025,99.92,253.45,4.88
S003,2025-01-02,2025,1000.19,1087.94,1.18
S004,2025-01-02,2025,188.40,330.40,3.22
S005,2025-01-02,2025,154.00,244.25,3.82
S006,2025-01-02,2025,148.57,405.55,1.43
S007,2025-01-02,2025,912.98,623.36,5.01
S008,2025-01-02,2025,31.20,59.32,3.69
S009,2025-01-02,2025,117.15,184.58,3.00
S010,2025-01-02,2025,220.83,645.19,3.06
S011,2025-01-02,2025,814.08,760.53,2.90
S012,2025-01-02,2025,67.97,176.68,0.68
S013,2025-01-02,2025,54.91,77.69,3.48
S014,2025-01-02,2025,257.54,715.24,0.86
S015,2025-01-02,2025,588.28,582.26,4.41
S016,2025-01-02,2025,50.59,99.73,4.15
S017,2025-01-02,2025,45.06,70.99,3.83
S018,2025-01-02,2025,128.71,376.14,0.90
S019,2025-01-02,2025,1077.37,1121.31,2.63
S020,2025-01-02,2025,73.28,135.44,2.66
S021,2025-01-02,2025,126.79,235.27,0.95
S022,2025-01-02,2025,112.16,309.05,3.23
S023,2025-01-02,2025,756.35,622.54,3.74
S024,2025-01-02,2025,42.46,86.59,2.61
S025,2025-01-02,2025,183.16,341.09,-0.12
S026,2025-01-02,2025,83.78,207.94,4.96
S027,2025-01-02,2025,902.73,659.44,4.55
S028,2025-01-02,2025,0.00,0.00,-0.11
S029,2025-01-02,2025,0.00,0.00,4.81
S030,2025-01-02,2025,0.00,0.00,2.44
S001,2025-01-03,2025,159.00,259.79,2.20
S002,2025-01-03,2025,114.67,365.70,-0.06
S003,2025-01-03,2025,1026.77,871.87,2.36
S004,2025-01-03,2025,204.32,332.87,3.44
S005,2025-01-03,2025,132.92,273.55,0.80
S006,2025-01-03,2025,156.96,351.16,3.57
S007,2025-01-03,2025,721.32,800.84,0.78
S008,2025-01-03,2025,30.06,59.94,3.56
S009,2025-01-03,2025,128.86,254.71,0.27
S010,2025-01-03,2025,240.68,641.60,2.53
S011,2025-01-03,2025,792.44,793.65,4.32
S012,2025-01-03,2025,77.09,182.99,0.84
S013,2025-01-03,2025,49.26,87.75,2.07
S014,2025-01-03,2025,215.69,597.52,3.99
S015,2025-01-03,2025,606.19,687.02,0.94
S016,2025-01-03,2025,44.24,120.20,0.87
S017,2025-01-03,2025,46.79,83.25,2.57
S018,2025-01-03,2025,110.93,402.30,0.56
S019,2025-01-03,2025,1192.66,1193.85,-0.01
S020,2025-01-03,2025,77.14,163.03,-0.71
S021,2025-01-03,2025,134.43,224.39,0.47
S022,2025-01-03,2025,119.79,254.53,4.18
S023,2025-01-03,2025,620.87,708.98,-0.31
S024,2025-01-03,2025,40.40,101.98,0.53
S025,2025-01-03,2025,161.58,296.21,2.76
S026,2025-01-03,2025,88.72,259.69,0.47
S027,2025-01-03,2025,757.42,757.89,3.29
S028,2025-01-03,2025,0.00,0.00,3.06
S029,2025-01-03,2025,0.00,0.00,0.00
S030,2025-01-03,2025,0.00,0.00,2.71
S001,2025-01-04,2025,95.56,174.72,1.70
S002,2025-01-04,2025,69.50,172.08,2.54
S003,2025-01-04,2025,564.65,690.59,0.50
S004,2025-01-04,2025,114.35,266.95,0.15
S005,2025-01-04,2025,83.54,170.23,-0.59
S006,2025-01-04,2025,84.95,298.55,-0.08
S007,2025-01-04,2025,482.58,457.21,4.14
S008,2025-01-04,2025,19.74,39.96,2.60
S009,2025-01-04,2025,84.09,138.24,1.70
S010,2025-01-04,2025,157.04,405.79,1.59
S011,2025-01-04,2025,516.59,508.43,4.13
S012,2025-01-04,2025,47.45,85.88,4.24
S013,2025-01-04,2025,29.23,59.05,-0.17
S014,2025-01-04,2025,160.68,445.75,-0.31
S015,2025-01-04,2025,439.84,400.28,3.60
S016,2025-01-04,2025,34.13,68.45,1.11
S017,2025-01-04,2025,32.80,45.47,4.66
S018,2025-01-04,2025,68.73,239.04,0.48
S019,2025-01-04,2025,681.87,720.45,2.41
S020,2025-01-04,2025,47.97,94.64,2.99
S021,2025-01-04,2025,78.49,132.89,0.72
S022,2025-01-04,2025,75.61,164.96,4.86
S023,2025-01-04,2025,423.51,528.04,-0.48
S024,2025-01-04,2025,22.73,52.06,3.07
S025,2025-01-04,2025,101.07,209.40,0.50
S026,2025-01-04,2025,51.68,115.91,4.19
S027,2025-01-04,2025,561.54,515.71,3.80
S028,2025-01-04,2025,0.00,0.00,0.36
S029,2025-01-04,2025,0.00,0.00,4.51
S030,2025-01-04,2025,0.00,0.00,3.08
S001,2025-01-05,2025,111.43,166.50,1.80
S002,2025-01-05,2025,61.36,193.19,1.05
S003,2025-01-05,2025,581.28,591.78,2.15
S004,2025-01-05,2025,109.55,235.60,3.96
S005,2025-01-05,2025,94.43,171.04,0.79
S006,2025-01-05,2025,99.08,272.58,-0.28
S007,2025-01-05,2025,514.07,489.98,1.82
S008,2025-01-05,2025,19.30,50.36,0.14
S009,2025-01-05,2025,78.94,133.77,3.20
S010,2025-01-05,2025,137.67,441.56,-0.58
S011,2025-01-05,2025,498.79,466.73,3.97
S012,2025-01-05,2025,43.89,105.30,0.01
S013,2025-01-05,2025,34.09,59.14,0.99
S014,2025-01-05,2025,157.16,434.60,1.86
S015,2025-01-05,2025,379.69,399.74,2.28
S016,2025-01-05,2025,30.14,72.33,-0.28
S017,2025-01-05,2025,32.15,51.61,2.72
,,,,,
S019,2025-01-05,2025,671.43,757.24,1.35
S020,2025-01-05,2025,38.54,84.17,3.24
S021,2025-01-05,2025,77.87,115.57,4.61
S022,2025-01-05,2025,68.98,221.34,1.53
S023,2025-01-05,2025,408.92,399.03,4.24
S024,2025-01-05,2025,24.78,55.23,2.82
S025,2025-01-05,2025,97.41,199.13,0.44
S026,2025-01-05,2025,58.78,141.41,2.31
S027,2025-01-05,2025,533.86,438.44,3.64
S028,2025-01-05,2025,0.00,0.00,5.16
S029,2025-01-05,2025,0.00,0.00,0.56
S030,2025-01-05,2025,0.00,0.00,2.39
S001,2025-01-06,2025,179.64,300.38,1.14
S002,2025-01-06,2025,120.05,261.88,3.89
S003,2025-01-06,2025,931.23,825.77,3.20
S004,2025-01-06,2025,172.11,469.29,0.70
S005,2025-01-06,2025,131.74,269.16,1.87
S006,2025-01-06,2025,143.44,328.40,5.03
S007,2025-01-06,2025,912.02,965.95,0.74
S008,2025-01-06,2025,31.59,58.72,3.70
S009,2025-01-06,2025,119.82,227.09,1.54
S010,2025-01-06,2025,209.06,653.21,2.37
S011,2025-01-06,2025,916.56,947.81,-0.61
S012,2025-01-06,2025,65.37,174.58,1.44
S013,2025-01-06,2025,48.38,87.39,2.41
S014,2025-01-06,2025,261.42,728.38,-0.57
S015,2025-01-06,2025,619.32,638.92,2.22
S016,2025-01-06,2025,53.87,107.89,1.98
S017,2025-01-06,2025,51.76,83.69,2.29
S018,2025-01-06,2025,129.76,387.36,1.41
S019,2025-01-06,2025,997.92,1043.08,2.71
S020,2025-01-06,2025,66.09,161.94,1.76
S021,2025-01-06,2025,122.02,181.53,3.23
S022,2025-01-06,2025,115.42,322.94,1.28
S023,2025-01-06,2025,750.23,595.04,3.73
S024,2025-01-06,2025,36.29,78.22,2.70
S025,2025-01-06,2025,180.98,291.63,3.03
S026,2025-01-06,2025,89.64,270.59,-0.42
S027,2025-01-06,2025,865.55,893.98,-0.55
S028,2025-01-06,2025,0.00,0.00,-0.83
S029,2025-01-06,2025,0.00,0.00,0.16
S030,2025-01-06,2025,0.00,0.00,2.65
S001,2025-01-07,2025,161.85,325.11,1.40
S002,2025-01-07,2025,108.52,330.10,0.41
S003,2025-01-07,2025,916.32,796.70,3.96
S004,2025-01-07,2025,163.75,372.78,1.33
S005,2025-01-07,2025,157.21,231.26,3.00
S006,2025-01-07,2025,151.66,327.04,4.61
S007,2025-01-07,2025,900.98,879.48,2.41
S008,2025-01-07,2025,29.70,65.12,1.35
S009,2025-01-07,2025,133.56,180.35,4.25
S010,2025-01-07,2025,212.51,641.14,2.22
S011,2025-01-07,2025,898.35,933.39,1.79
S012,2025-01-07,2025,75.60,167.16,-0.09
S013,2025-01-07,2025,52.01,88.18,3.53
S014,2025-01-07,2025,236.26,631.06,2.66
S015,2025-01-07,2025,610.25,613.61,2.83
S016,2025-01-07,2025,52.69,123.66,0.92
S017,2025-01-07,2025,45.43,75.15,3.16
S018,2025-01-07,2025,111.73,298.56,4.17
S019,2025-01-07,2025,1089.72,1286.33,-0.06
S020,2025-01-07,2025,77.60,149.62,2.03
S021,2025-01-07,2025,133.71,185.86,2.88
S022,2025-01-07,2025,115.18,361.14,0.52
S023,2025-01-07,2025,636.00,556.89,3.70
S024,2025-01-07,2025,42.76,68.58,4.78
S025,2025-01-07,2025,189.30,260.56,3.11
S026,2025-01-07,2025,85.01,208.52,2.32
S027,2025-01-07,2025,859.66,799.10,1.87
S028,2025-01-07,2025,0.00,0.00,-0.82
S029,2025-01-07,2025,0.00,0.00,4.15
S030,2025-01-07,2025,0.00,0.00,3.56
S001,2025-01-08,2025,168.25,284.94,2.01
S002,2025-01-08,2025,115.67,326.77,-0.40
S003,2025-01-08,2025,877.16,1045.32,0.35
S004,2025-01-08,2025,180.84,366.22,2.92
S005,2025-01-08,2025,148.17,279.71,0.86
S006,2025-01-08,2025,133.45,496.42,0.15
S007,2025-01-08,2025,882.80,965.83,-0.27
S008,2025-01-08,2025,29.48,75.70,-0.26
S009,2025-01-08,2025,118.34,236.21,1.53
S010,2025-01-08,2025,223.14,662.83,2.44
S011,2025-01-08,2025,762.92,649.34,4.88
S012,2025-01-08,2025,invalid,177.72,0.50
S013,2025-01-08,2025,52.80,75.22,4.59
S014,2025-01-08,2025,219.52,708.53,0.61
S015,2025-01-08,2025,633.97,583.39,3.03
S016,2025-01-08,2025,44.52,104.20,0.85
S017,2025-01-08,2025,45.05,75.35,2.40
S018,2025-01-08,2025,132.78,379.23,0.44
S019,2025-01-08,2025,973.49,884.89,4.27
S020,2025-01-08,2025,77.33,139.28,2.86
S021,2025-01-08,2025,117.76,218.76,2.04
S022,2025-01-08,2025,121.48,275.18,4.76
S023,2025-01-08,2025,737.86,821.28,0.55
S024,2025-01-08,2025,37.74,103.81,-0.81
S025,2025-01-08,2025,172.00,246.13,4.32
S026,2025-01-08,2025,77.46,286.84,-0.85
S027,2025-01-08,2025,838.12,738.69,3.40
S028,2025-01-08,2025,0.00,0.00,0.65
S029,2025-01-08,2025,0.00,0.00,4.01
S030,2025-01-08,2025,0.00,0.00,0.22
S001,2025-01-09,2025,152.04,271.64,2.72
S002,2025-01-09,2025,109.37,246.43,4.89
S003,2025-01-09,2025,875.75,787.62,4.86
S004,2025-01-09,2025,197.72,472.24,0.05
S005,2025-01-09,2025,145.63,223.84,4.47
S006,2025-01-09,2025,141.10,416.20,3.05
S007,2025-01-09,2025,827.38,951.15,1.05
S008,2025-01-09,2025,29.99,60.36,4.75
S009,2025-01-09,2025,127.38,172.52,3.89
S010,2025-01-09,2025,237.37,558.00,3.63
S011,2025-01-09,2025,852.96,715.37,4.53
S012,2025-01-09,2025,67.63,171.91,0.03
S013,2025-01-09,2025,50.07,79.29,3.73
S014,2025-01-09,2025,221.62,736.94,0.19
S015,2025-01-09,2025,645.55,624.15,3.88
S016,2025-01-09,2025,50.96,113.89,1.41
S017,2025-01-09,2025,invalid,72.32,4.47
S018,2025-01-09,2025,113.73,373.67,-0.12
S019,2025-01-09,2025,1189.52,1087.86,3.02
S020,2025-01-09,2025,73.07,179.99,-0.48
S021,2025-01-09,2025,114.40,175.59,4.32
S022,2025-01-09,2025,127.37,300.08,1.36
S023,2025-01-09,2025,619.20,776.27,-0.74
S024,2025-01-09,2025,43.89,83.73,3.64
S025,2025-01-09,2025,182.75,245.85,3.91
S026,2025-01-09,2025,92.57,178.29,4.60
S027,2025-01-09,2025,825.10,887.56,2.08
S028,2025-01-09,2025,0.00,0.00,0.44
S029,2025-01-09,2025,0.00,0.00,-0.81
S030,2025-01-09,2025,0.00,0.00,2.49
S001,2025-01-10,2025,182.17,265.90,2.90
S002,2025-01-10,2025,111.19,271.21,4.70
S003,2025-01-10,2025,850.03,982.88,0.03
S004,2025-01-10,2025,187.24,354.56,4.68
S005,2025-01-10,2025,135.34,295.10,-0.56
S006,2025-01-10,2025,147.65,464.70,0.56
S007,2025-01-10,2025,803.39,865.59,2.55
S008,2025-01-10,2025,32.26,66.05,2.49
S009,2025-01-10,2025,131.30,226.31,-0.23
S010,2025-01-10,2025,236.00,649.68,0.72
S011,2025-01-10,2025,892.74,930.84,2.19
S012,2025-01-10,2025,79.17,186.52,-0.46
S013,2025-01-10,2025,56.20,113.15,-0.44
S014,2025-01-10,2025,224.59,631.51,3.37
S015,2025-01-10,2025,720.78,820.71,0.21
S016,2025-01-10,2025,55.35,102.53,3.21
S017,2025-01-10,2025,43.11,98.10,0.70
S018,2025-01-10,2025,133.72,275.41,4.03
S019,2025-01-10,2025,1015.03,994.74,4.78
S020,2025-01-10,2025,72.01,138.07,3.43
S021,2025-01-10,2025,117.00,183.59,3.09
S022,2025-01-10,2025,112.07,281.31,4.01
S023,2025-01-10,2025,655.82,700.18,2.34
S024,2025-01-10,2025,41.84,109.24,-0.51
S025,2025-01-10,2025,192.73,304.14,2.78
S026,2025-01-10,2025,87.29,258.80,-0.01
S027,2025-01-10,2025,835.41,1053.30,-0.06
S028,2025-01-10,2025,0.00,0.00,-0.91
S029,2025-01-10,2025,0.00,0.00,2.00
S030,2025-01-10,2025,0.00,0.00,5.05
S001,2025-01-11,2025,107.60,197.66,0.77
S002,2025-01-11,2025,64.28,213.65,0.70
S003,2025-01-11,2025,602.79,620.55,2.24
S004,2025-01-11,2025,109.88,228.64,2.25
S005,2025-01-11,2025,80.23,175.93,0.02
S006,2025-01-11,2025,88.86,294.37,0.26
S007,2025-01-11,2025,510.74,532.84,1.29
S008,2025-01-11,2025,17.24,35.23,3.85
S009,2025-01-11,2025,71.18,125.82,1.47
S010,2025-01-11,2025,139.65,431.03,0.37
S011,2025-01-11,2025,512.72,505.07,4.07
S012,2025-01-11,2025,44.11,87.05,3.12
S013,2025-01-11,2025,34.76,56.00,1.70
S014,2025-01-11,2025,151.32,309.49,4.57
S015,2025-01-11,2025,424.32,500.05,-0.01
S016,2025-01-11,2025,31.74,78.05,-0.53
S017,2025-01-11,2025,32.93,59.81,1.32
S018,2025-01-11,2025,68.64,207.47,1.68
S019,2025-01-11,2025,754.44,798.29,-0.51
S020,2025-01-11,2025,43.46,81.22,3.56
S021,2025-01-11,2025,68.96,157.12,-0.80
S022,2025-01-11,2025,73.68,198.32,1.99
S023,2025-01-11,2025,436.93,476.12,0.43
S024,2025-01-11,2025,25.53,60.39,-0.84
S025,2025-01-11,2025,112.22,195.47,1.49
S026,2025-01-11,2025,54.62,165.35,1.33
S027,2025-01-11,2025,471.88,557.41,-0.45
S028,2025-01-11,2025,0.00,0.00,-0.23
S029,2025-01-11,2025,0.00,0.00,0.40
S030,2025-01-11,2025,0.00,0.00,0.07
S001,2025-01-12,2025,94.70,199.36,0.70
S002,2025-01-12,2025,73.68,163.30,4.20
S003,2025-01-12,2025,573.55,503.35,3.39
S004,2025-01-12,2025,127.83,212.50,4.46
S005,2025-01-12,2025,99.80,148.70,2.44
S006,2025-01-12,2025,89.14,245.66,3.31
S007,2025-01-12,2025,518.45,534.72,2.57
S008,2025-01-12,2025,19.80,42.17,3.12
S009,2025-01-12,2025,68.80,133.29,2.73
S010,2025-01-12,2025,152.53,449.57,0.65
S011,2025-01-12,2025,581.86,458.11,3.30
S012,2025-01-12,2025,41.31,84.00,3.70
S013,2025-01-12,2025,30.34,68.95,0.27
S014,2025-01-12,2025,141.89,372.95,2.38
S015,2025-01-12,2025,412.78,510.49,-0.92
S016,2025-01-12,2025,31.47,65.23,2.13
S017,2025-01-12,2025,26.55,57.01,1.06
S018,2025-01-12,2025,77.76,241.61,-0.78
S019,2025-01-12,2025,700.07,671.49,1.80
S020,2025-01-12,2025,42.71,89.62,0.96
S021,2025-01-12,2025,77.38,112.69,4.12
S022,2025-01-12,2025,71.45,216.42,0.10
S023,2025-01-12,2025,370.94,487.56,-0.79
S024,2025-01-12,2025,23.61,52.89,1.28
S025,2025-01-12,2025,115.26,196.20,1.62
S026,2025-01-12,2025,56.21,136.67,2.64
S027,2025-01-12,2025,555.68,497.02,4.08
S028,2025-01-12,2025,0.00,0.00,1.68
S029,2025-01-12,2025,0.00,0.00,3.05
S030,2025-01-12,2025,0.00,0.00,2.30
S001,2025-01-13,2025,172.22,265.17,3.90
S002,2025-01-13,2025,97.05,280.13,2.80
S003,2025-01-13,2025,937.17,983.37,1.37
S004,2025-01-13,2025,175.85,376.02,1.35
S005,2025-01-13,2025,153.58,244.04,3.53
S006,2025-01-13,2025,147.54,416.76,2.70
S007,2025-01-13,2025,750.95,968.39,-0.16
S008,2025-01-13,2025,30.92,66.12,2.19
S009,2025-01-13,2025,117.94,243.36,-0.49
S010,2025-01-13,2025,242.14,749.56,1.05
S011,2025-01-13,2025,854.27,815.09,2.47
S012,2025-01-13,2025,80.09,156.85,2.64
S013,2025-01-13,2025,46.94,91.93,2.70
S014,2025-01-13,2025,215.18,672.24,1.54
S015,2025-01-13,2025,619.45,621.16,3.86
S016,2025-01-13,2025,47.49,100.74,3.75
S017,2025-01-13,2025,49.31,100.29,0.39
S018,2025-01-13,2025,117.51,341.53,0.94
S019,2025-01-13,2025,1122.22,1060.82,2.65
S020,2025-01-13,2025,78.75,186.24,-0.16
S021,2025-01-13,2025,108.62,200.90,3.03
S022,2025-01-13,2025,109.66,355.92,-0.88
S023,2025-01-13,2025,735.84,590.02,4.37
S024,2025-01-13,2025,42.78,92.28,-0.32
S025,2025-01-13,2025,180.23,365.66,0.12
S026,2025-01-13,2025,85.47,244.28,0.19
S027,2025-01-13,2025,753.30,897.31,0.39
S028,2025-01-13,2025,0.00,0.00,1.93
S029,2025-01-13,2025,0.00,0.00,1.79
S030,2025-01-13,2025,0.00,0.00,-0.59
S001,2025-01-14,2025,163.93,287.05,1.63
S002,2025-01-14,2025,97.80,285.36,3.68
S003,2025-01-14,2025,893.97,962.13,0.55
S004,2025-01-14,2025,207.14,361.83,3.17
S005,2025-01-14,2025,138.45,292.95,-0.52
S006,2025-01-14,2025,153.56,345.92,4.20
S007,2025-01-14,2025,821.71,754.80,2.52
S008,2025-01-14,2025,27.98,66.22,2.00
S009,2025-01-14,2025,114.74,181.59,4.33
S010,2025-01-14,2025,257.50,725.80,0.37
S011,2025-01-14,2025,945.96,899.27,0.01
S012,2025-01-14,2025,80.78,146.92,1.54
S013,2025-01-14,2025,55.58,80.50,3.81
S014,2025-01-14,2025,239.32,712.75,1.80
S015,2025-01-14,2025,645.35,737.99,0.83
S016,2025-01-14,2025,46.82,95.69,4.78
S017,2025-01-14,2025,49.51,80.10,1.87
S018,2025-01-14,2025,136.96,345.88,1.76
S019,2025-01-14,2025,1043.70,1032.20,2.79
S020,2025-01-14,2025,72.44,151.77,0.14
S021,2025-01-14,2025,117.55,219.96,1.74
S022,2025-01-14,2025,116.18,361.29,-0.25
S023,2025-01-14,2025,702.64,528.82,4.47
S024,2025-01-14,2025,41.29,92.65,0.25
S025,2025-01-14,2025,194.59,342.81,0.10
S026,2025-01-14,2025,90.98,256.70,-0.60
S027,2025-01-14,2025,835.48,916.10,-0.92
S028,2025-01-14,2025,0.00,0.00,1.27
S029,2025-01-14,2025,0.00,0.00,2.93
S030,2025-01-14,2025,0.00,0.00,1.63
S001,2025-01-15,2025,156.39,288.05,3.27
S002,2025-01-15,2025,110.92,244.76,4.72
S003,2025-01-15,2025,25991.81,9886.85,3.50
S004,2025-01-15,2025,178.40,326.84,4.99
S005,2025-01-15,2025,138.34,302.99,-0.71
S006,2025-01-15,2025,135.58,407.59,1.55
S007,2025-01-15,2025,invalid,851.33,1.34
S008,2025-01-15,2025,31.50,71.14,0.48
S009,2025-01-15,2025,108.98,190.27,2.84
S010,2025-01-15,2025,227.61,679.24,1.93
S011,2025-01-15,2025,896.74,941.03,0.45
S012,2025-01-15,2025,70.21,186.35,0.59
S013,2025-01-15,2025,51.98,93.70,0.60
S014,2025-01-15,2025,226.31,682.17,0.11
S015,2025-01-15,2025,673.42,663.48,0.81
S016,2025-01-15,2025,45.00,123.32,0.73
S017,2025-01-15,2025,43.87,80.82,2.94
S018,2025-01-15,2025,124.36,355.96,2.55
S019,2025-01-15,2025,980.56,1048.51,1.51
S020,2025-01-15,2025,72.03,146.61,1.57
S021,2025-01-15,2025,136.20,223.33,-0.04
S022,2025-01-15,2025,112.49,356.62,-0.08
S023,2025-01-15,2025,686.30,602.98,4.58
S024,2025-01-15,2025,41.30,81.74,2.49
S025,2025-01-15,2025,189.30,287.90,4.25
S026,2025-01-15,2025,76.01,221.53,2.95
S027,2025-01-15,2025,751.48,932.37,0.66
S028,2025-01-15,2025,0.00,0.00,2.30
S029,2025-01-15,2025,0.00,0.00,2.03
S030,2025-01-15,2025,0.00,0.00,0.44
S001,2025-01-16,2025,166.74,315.07,0.31
S002,2025-01-16,2025,108.65,340.56,1.29
S003,2025-01-16,2025,994.24,874.49,2.66
S004,2025-01-16,2025,192.88,429.88,2.23
S005,2025-01-16,2025,143.52,284.16,1.18
S006,2025-01-16,2025,160.03,403.64,1.05
S007,2025-01-16,2025,755.71,732.34,2.24
S008,2025-01-16,2025,32.36,67.57,2.28
S009,2025-01-16,2025,126.91,212.94,2.50
S010,2025-01-16,2025,220.32,546.43,3.14
S011,2025-01-16,2025,845.83,884.56,0.51
S012,2025-01-16,2025,75.98,138.97,3.74
S013,2025-01-16,2025,52.55,86.89,1.67
S014,2025-01-16,2025,227.61,572.78,2.91
S015,2025-01-16,2025,703.33,607.17,2.42
S016,2025-01-16,2025,54.31,90.50,4.50
S017,2025-01-16,2025,49.37,67.14,4.47
S018,2025-01-16,2025,135.58,282.31,4.41
S019,2025-01-16,2025,1214.55,896.05,4.72
S020,2025-01-16,2025,65.01,172.05,0.40
S021,2025-01-16,2025,110.74,226.88,0.64
S022,2025-01-16,2025,117.99,323.31,0.53
S023,2025-01-16,2025,758.15,603.77,2.54
S024,2025-01-16,2025,39.88,88.52,0.11
S025,2025-01-16,2025,169.27,287.44,3.95
S026,2025-01-16,2025,88.22,262.81,0.18
S027,2025-01-16,2025,760.82,944.40,0.54
S028,2025-01-16,2025,0.00,0.00,-0.18
S029,2025-01-16,2025,0.00,0.00,2.06
S030,2025-01-16,2025,0.00,0.00,-0.70
S001,2025-01-17,2025,170.80,345.43,-0.50
S002,2025-01-17,2025,111.55,311.28,-0.18
S003,2025-01-17,2025,884.36,803.99,4.65
S004,2025-01-17,2025,206.29,414.75,2.61
S005,2025-01-17,2025,144.72,295.10,-0.15
S006,2025-01-17,2025,161.60,325.58,4.99
S007,2025-01-17,2025,865.38,695.68,4.00
S008,2025-01-17,2025,32.53,76.61,0.03
S009,2025-01-17,2025,117.93,226.59,1.52
S010,2025-01-17,2025,245.07,642.12,1.74
S011,2025-01-17,2025,787.39,940.78,1.55
S012,2025-01-17,2025,74.35,183.78,0.46
S013,2025-01-17,2025,49.69,115.81,-0.26
S014,2025-01-17,2025,212.16,794.37,0.29
S015,2025-01-17,2025,649.30,658.50,2.00
S016,2025-01-17,2025,47.95,92.06,4.75
S017,2025-01-17,2025,42.85,94.73,-0.49
S018,2025-01-17,2025,117.42,321.01,2.64
S019,2025-01-17,2025,1022.66,1197.27,2.14
S020,2025-01-17,2025,67.90,120.07,4.84
S021,2025-01-17,2025,113.10,214.15,1.95
S022,2025-01-17,2025,115.42,315.47,2.62
S023,2025-01-17,2025,706.33,669.83,1.99
S024,2025-01-17,2025,37.24,98.09,-0.74
S025,2025-01-17,2025,169.99,371.90,0.35
S026,2025-01-17,2025,84.08,183.00,4.29
S027,2025-01-17,2025,877.82,849.44,2.80
S028,2025-01-17,2025,0.00,0.00,-0.42
S029,2025-01-17,2025,0.00,0.00,-0.77
S030,2025-01-17,2025,0.00,0.00,1.42
S001,2025-01-18,2025,96.42,204.22,0.40
S002,2025-01-18,2025,60.32,188.13,0.60
S003,2025-01-18,2025,537.81,581.30,1.17
S004,2025-01-18,2025,119.01,202.27,3.40
S005,2025-01-18,2025,83.32,144.39,4.21
S006,2025-01-18,2025,100.09,248.18,3.14
S007,2025-01-18,2025,446.91,544.49,0.98
S008,2025-01-18,2025,20.35,38.96,2.60
S009,2025-01-18,2025,68.55,122.58,2.55
S010,2025-01-18,2025,138.62,346.51,3.64
S011,2025-01-18,2025,563.37,542.58,1.98
S012,2025-01-18,2025,44.08,101.07,0.69
S013,2025-01-18,2025,33.19,61.26,1.94
S014,2025-01-18,2025,161.22,415.52,2.40
S015,2025-01-18,2025,369.39,390.14,3.48
S016,2025-01-18,2025,28.46,67.30,2.24
S017,2025-01-18,2025,27.87,45.03,5.01
S018,2025-01-18,2025,75.08,217.21,3.04
S019,2025-01-18,2025,invalid,793.00,0.17
S020,2025-01-18,2025,48.50,107.82,0.68
S021,2025-01-18,2025,77.55,138.92,-0.53
S022,2025-01-18,2025,73.44,228.58,0.95
S023,2025-01-18,2025,399.02,468.92,-0.97
S024,2025-01-18,2025,24.92,48.37,3.51
S025,2025-01-18,2025,99.81,182.55,1.95
S026,2025-01-18,2025,56.58,143.37,2.63
S027,2025-01-18,2025,585.35,532.39,0.75
S028,2025-01-18,2025,0.00,0.00,4.39
S029,2025-01-18,2025,0.00,0.00,2.95
S030,2025-01-18,2025,0.00,0.00,0.52
S001,2025-01-19,2025,94.75,182.17,2.98
S002,2025-01-19,2025,72.90,214.07,-0.65
S003,2025-01-19,2025,649.33,487.63,5.01
S004,2025-01-19,2025,125.75,278.27,1.47
S005,2025-01-19,2025,84.39,187.27,-0.06
S006,2025-01-19,2025,102.50,213.87,3.34
S007,2025-01-19,2025,524.29,409.44,4.97
S008,2025-01-19,2025,19.72,43.71,2.69
S009,2025-01-19,2025,69.03,162.90,-0.16
S010,2025-01-19,2025,132.32,369.35,2.54
S011,2025-01-19,2025,533.23,507.06,3.48
S012,2025-01-19,2025,46.94,117.04,-0.41
S013,2025-01-19,2025,35.26,54.34,3.65
S014,2025-01-19,2025,154.40,417.04,0.14
S015,2025-01-19,2025,412.85,372.17,2.60
S016,2025-01-19,2025,28.68,66.60,2.85
S017,2025-01-19,2025,31.39,57.47,1.07
S018,2025-01-19,2025,70.04,202.54,3.03
S019,2025-01-19,2025,751.28,750.95,0.56
S020,2025-01-19,2025,47.08,89.75,1.66
S021,2025-01-19,2025,75.72,130.25,2.22
S022,2025-01-19,2025,72.96,168.89,4.78
S023,2025-01-19,2025,436.18,393.19,3.24
S024,2025-01-19,2025,25.47,47.52,3.25
S025,2025-01-19,2025,117.79,177.42,4.06
S026,2025-01-19,2025,52.76,150.51,1.08
S027,2025-01-19,2025,519.05,510.98,1.06
S028,2025-01-19,2025,0.00,0.00,1.36
S029,2025-01-19,2025,0.00,0.00,0.48
S030,2025-01-19,2025,0.00,0.00,4.03
S001,2025-01-20,2025,178.40,228.00,4.48
S002,2025-01-20,2025,113.82,357.65,-0.69
S003,2025-01-20,2025,864.18,775.79,4.98
S004,2025-01-20,2025,205.50,383.51,2.13
S005,2025-01-20,2025,136.82,212.24,3.24
S006,2025-01-20,2025,163.14,492.71,-0.86
S007,2025-01-20,2025,892.56,976.26,-0.66
S008,2025-01-20,2025,34.16,75.13,0.09
S009,2025-01-20,2025,109.26,191.42,2.15
S010,2025-01-20,2025,260.86,607.66,1.51
S011,2025-01-20,2025,949.28,880.93,0.94
S012,2025-01-20,2025,76.75,120.59,4.85
S013,2025-01-20,2025,46.91,101.37,0.21
S014,2025-01-20,2025,245.78,700.10,-0.65
S015,2025-01-20,2025,684.38,573.25,4.00
S016,2025-01-20,2025,49.66,105.24,3.43
S017,2025-01-20,2025,44.02,90.35,1.20
S018,2025-01-20,2025,119.26,305.99,4.30
S019,2025-01-20,2025,1025.73,1144.13,0.94
S020,2025-01-20,2025,69.65,119.22,5.02
S021,2025-01-20,2025,132.15,178.74,3.72
S022,2025-01-20,2025,121.63,341.64,1.38
S023,2025-01-20,2025,751.15,801.78,-0.83
S024,2025-01-20,2025,37.97,111.84,-0.95
S025,2025-01-20,2025,157.63,293.19,2.54
S026,2025-01-20,2025,88.61,227.24,3.52
S027,2025-01-20,2025,756.68,975.30,0.04
S028,2025-01-20,2025,0.00,0.00,0.86
S029,2025-01-20,2025,0.00,0.00,4.76
S030,2025-01-20,2025,0.00,0.00,4.23
S001,2025-01-21,2025,165.47,305.36,-0.04
S002,2025-01-21,2025,101.63,260.51,4.07
S003,2025-01-21,2025,858.17,1033.77,-0.81
S004,2025-01-21,2025,169.99,417.40,1.58
S005,2025-01-21,2025,160.52,285.22,1.36
S006,2025-01-21,2025,157.88,378.50,4.15
S007,2025-01-21,2025,768.68,787.90,2.53
S008,2025-01-21,2025,31.59,71.15,2.28
S009,2025-01-21,2025,117.12,186.16,4.93
S010,2025-01-21,2025,209.16,573.21,4.49
S011,2025-01-21,2025,899.03,1052.08,-0.17
S012,2025-01-21,2025,76.66,154.09,1.80
S013,2025-01-21,2025,52.66,89.96,3.14
S014,2025-01-21,2025,218.88,630.63,2.89
S015,2025-01-21,2025,739.49,661.18,2.96
S016,2025-01-21,2025,53.29,113.45,2.06
S017,2025-01-21,2025,43.84,77.12,2.80
S018,2025-01-21,2025,123.03,430.85,-0.83
S019,2025-01-21,2025,1020.45,1166.59,-0.61
S020,2025-01-21,2025,73.03,122.69,4.79
S021,2025-01-21,2025,109.38,225.79,-0.22
S022,2025-01-21,2025,103.81,290.52,3.45
S023,2025-01-21,2025,645.48,528.21,4.62
S024,2025-01-21,2025,37.00,75.19,3.76
S025,2025-01-21,2025,172.50,247.94,4.17
S026,2025-01-21,2025,90.88,220.03,3.84
S027,2025-01-21,2025,846.83,769.87,4.57
S028,2025-01-21,2025,0.00,0.00,0.72
S029,2025-01-21,2025,0.00,0.00,4.72
S030,2025-01-21,2025,0.00,0.00,0.85
S001,2025-01-22,2025,182.09,279.45,1.16
S002,2025-01-22,2025,102.70,290.13,1.79
S003,2025-01-22,2025,869.32,1169.36,-0.24
S004,2025-01-22,2025,207.28,419.33,0.30
S005,2025-01-22,2025,150.42,277.86,0.80
S006,2025-01-22,2025,142.95,459.85,0.32
S007,2025-01-22,2025,750.83,804.59,1.87
S008,2025-01-22,2025,34.07,58.94,4.71
S009,2025-01-22,2025,125.87,244.52,0.44
S010,2025-01-22,2025,238.27,588.95,4.48
S011,2025-01-22,2025,766.14,1007.06,-0.48
S012,2025-01-22,2025,72.30,184.10,0.49
S013,2025-01-22,2025,50.72,102.81,-0.90
S014,2025-01-22,2025,235.70,575.70,4.25
S015,2025-01-22,2025,650.37,663.48,3.59
S016,2025-01-22,2025,51.46,89.82,3.35
S017,2025-01-22,2025,50.59,67.45,4.51
S018,2025-01-22,2025,117.21,266.78,5.04
S019,2025-01-22,2025,1205.86,966.57,3.78
S020,2025-01-22,2025,73.30,137.09,3.96
S021,2025-01-22,2025,135.62,180.91,3.29
S022,2025-01-22,2025,114.45,282.87,3.27
S023,2025-01-22,2025,714.97,742.58,1.04
S024,2025-01-22,2025,36.81,84.81,2.21
S025,2025-01-22,2025,171.48,335.45,1.92
S026,2025-01-22,2025,81.80,232.33,1.40
S027,2025-01-22,2025,776.97,868.61,1.04
S028,2025-01-22,2025,0.00,0.00,-0.65
S029,2025-01-22,2025,0.00,0.00,4.03
S030,2025-01-22,2025,0.00,0.00,-0.38
S001,2025-01-23,2025,150.54,244.12,3.07
S002,2025-01-23,2025,104.49,350.46,-0.75
S003,2025-01-23,2025,1007.92,1079.25,0.01
S004,2025-01-23,2025,182.19,461.63,0.05
S005,2025-01-23,2025,159.69,228.57,2.26
S006,2025-01-23,2025,133.72,351.37,4.70
S007,2025-01-23,2025,770.90,850.06,0.04
S008,2025-01-23,2025,29.27,56.30,3.99
S009,2025-01-23,2025,119.94,170.99,4.77
S010,2025-01-23,2025,261.32,694.20,0.58
S011,2025-01-23,2025,773.08,836.84,2.33
S012,2025-01-23,2025,82.55,142.56,2.48
S013,2025-01-23,2025,invalid,98.03,1.18
S014,2025-01-23,2025,224.04,535.85,4.54
S015,2025-01-23,2025,677.88,664.95,0.88
S016,2025-01-23,2025,54.99,95.59,4.75
S017,2025-01-23,2025,50.80,75.48,2.94
S018,2025-01-23,2025,124.77,354.99,2.39
S019,2025-01-23,2025,1033.48,968.53,3.57
S020,2025-01-23,2025,73.98,150.83,2.51
S021,2025-01-23,2025,132.71,260.51,0.34
S022,2025-01-23,2025,123.19,273.56,4.09
S023,2025-01-23,2025,703.72,598.40,3.47
S024,2025-01-23,2025,43.42,84.99,2.63
S025,2025-01-23,2025,167.94,280.85,3.16
S026,2025-01-23,2025,94.14,221.08,2.90
S027,2025-01-23,2025,747.95,1017.78,-0.68
S028,2025-01-23,2025,0.00,0.00,0.85
S029,2025-01-23,2025,0.00,0.00,4.87
S030,2025-01-23,2025,0.00,0.00,2.23
S001,2025-01-24,2025,144.47,306.83,1.79
S002,2025-01-24,2025,110.27,280.18,2.00
S003,2025-01-24,2025,985.45,864.71,4.60
S004,2025-01-24,2025,176.30,492.11,-0.32
S005,2025-01-24,2025,159.17,290.85,0.27
S006,2025-01-24,2025,153.80,344.64,4.09
S007,2025-01-24,2025,841.95,883.36,-0.05
S008,2025-01-24,2025,29.15,69.35,0.24
S009,2025-01-24,2025,126.97,197.79,2.20
S010,2025-01-24,2025,230.39,502.14,4.58
S011,2025-01-24,2025,791.35,719.32,3.74
S012,2025-01-24,2025,66.38,152.06,3.61
S013,2025-01-24,2025,55.95,95.31,2.76
S014,2025-01-24,2025,235.45,579.54,3.75
S015,2025-01-24,2025,695.40,558.00,3.90
S016,2025-01-24,2025,49.36,80.92,4.75
S017,2025-01-24,2025,47.98,103.21,-0.67
S018,2025-01-24,2025,123.89,424.19,-0.71
S019,2025-01-24,2025,1145.22,1134.18,2.05
S020,2025-01-24,2025,65.42,164.65,1.52
S021,2025-01-24,2025,111.17,246.68,-0.06
S022,2025-01-24,2025,108.00,357.92,1.55
S023,2025-01-24,2025,719.33,844.91,-0.58
S024,2025-01-24,2025,38.15,89.88,1.73
S025,2025-01-24,2025,191.33,365.81,0.45
S026,2025-01-24,2025,82.44,242.15,0.24
S027,2025-01-24,2025,863.46,917.79,-0.27
S028,2025-01-24,2025,0.00,0.00,4.24
S029,2025-01-24,2025,0.00,0.00,3.66
S030,2025-01-24,2025,0.00,0.00,2.05
S001,2025-01-25,2025,102.00,219.08,-0.64
S002,2025-01-25,2025,68.71,194.92,0.59
S003,2025-01-25,2025,653.79,695.78,0.43
S004,2025-01-25,2025,109.42,280.71,0.79
S005,2025-01-25,2025,95.06,177.52,-0.81
S006,2025-01-25,2025,86.99,282.85,0.72
S007,2025-01-25,2025,538.99,464.21,3.45
S008,2025-01-25,2025,21.29,45.52,-0.48
S009,2025-01-25,2025,66.69,152.65,0.96
S010,2025-01-25,2025,154.71,326.08,4.07
S011,2025-01-25,2025,498.27,518.65,2.40
S012,2025-01-25,2025,46.87,101.64,0.24
S013,2025-01-25,2025,31.34,49.46,4.15
S014,2025-01-25,2025,138.89,455.97,0.29
S015,2025-01-25,2025,454.11,445.10,1.80
S016,2025-01-25,2025,29.48,66.05,1.17
S017,2025-01-25,2025,26.54,53.75,0.93
S018,2025-01-25,2025,85.90,207.65,3.71
S019,2025-01-25,2025,609.62,703.36,1.23
S020,2025-01-25,2025,41.66,80.71,2.68
S021,2025-01-25,2025,73.46,123.07,3.80
S022,2025-01-25,2025,73.23,179.89,4.67
S023,2025-01-25,2025,388.47,343.64,4.02
S024,2025-01-25,2025,27.86,45.79,3.50
S025,2025-01-25,2025,120.93,175.15,2.43
S026,2025-01-25,2025,55.09,157.82,0.69
S027,2025-01-25,2025,473.31,535.39,1.27
S028,2025-01-25,2025,0.00,0.00,1.27
S029,2025-01-25,2025,0.00,0.00,5.03
S030,2025-01-25,2025,0.00,0.00,4.10
S001,2025-01-26,2025,108.60,182.85,2.70
S002,2025-01-26,2025,75.21,147.56,4.51
S003,2025-01-26,2025,613.68,684.57,-0.47
S004,2025-01-26,2025,113.35,247.67,1.81
S005,2025-01-26,2025,83.72,174.03,1.87
S006,2025-01-26,2025,82.30,244.10,1.61
S007,2025-01-26,2025,530.27,385.92,4.78
S008,2025-01-26,2025,19.43,46.83,-0.70
S009,2025-01-26,2025,79.33,113.10,3.74
S010,2025-01-26,2025,153.61,440.59,1.09
S011,2025-01-26,2025,481.00,612.14,-0.54
S012,2025-01-26,2025,40.81,106.63,-0.82
S013,2025-01-26,2025,36.80,73.93,-0.65
S014,2025-01-26,2025,163.72,429.49,0.61
S015,2025-01-26,2025,441.30,427.11,2.88
S016,2025-01-26,2025,28.75,55.18,3.34
S017,2025-01-26,2025,30.11,60.83,0.26
S018,2025-01-26,2025,71.54,173.26,4.57
S019,2025-01-26,2025,680.61,680.12,3.17
S020,2025-01-26,2025,48.21,69.77,4.84
S021,2025-01-26,2025,70.72,131.27,2.58
S022,2025-01-26,2025,77.33,199.81,3.18
S023,2025-01-26,2025,425.24,406.35,1.42
S024,2025-01-26,2025,26.89,44.89,5.00
S025,2025-01-26,2025,114.99,217.45,1.38
S026,2025-01-26,2025,57.78,138.05,2.92
S027,2025-01-26,2025,582.90,500.50,3.32
S028,2025-01-26,2025,0.00,0.00,-0.09
S029,2025-01-26,2025,0.00,0.00,-0.37
S030,2025-01-26,2025,0.00,0.00,-0.26
S001,2025-01-27,2025,168.54,272.94,2.48
S002,2025-01-27,2025,106.18,314.58,2.33
S003,2025-01-27,2025,866.78,934.27,3.29
S004,2025-01-27,2025,176.88,325.51,4.88
S005,2025-01-27,2025,158.48,259.67,2.07
S006,2025-01-27,2025,134.63,376.10,4.02
S007,2025-01-27,2025,754.25,834.75,1.72
S008,2025-01-27,2025,32.22,61.08,4.36
S009,2025-01-27,2025,114.56,208.49,1.70
S010,2025-01-27,2025,208.21,608.46,2.57
S011,2025-01-27,2025,885.69,828.21,1.77
S012,2025-01-27,2025,69.14,142.34,2.69
S013,2025-01-27,2025,55.21,101.28,1.77
S014,2025-01-27,2025,245.33,599.16,4.27
S015,2025-01-27,2025,623.47,535.14,4.87
S016,2025-01-27,2025,55.23,116.12,0.77
S017,2025-01-27,2025,43.07,81.16,3.42
S018,2025-01-27,2025,112.70,290.23,4.13
S019,2025-01-27,2025,1036.83,862.68,5.11
S020,2025-01-27,2025,70.86,140.75,4.16
S021,2025-01-27,2025,121.74,185.70,2.66
S022,2025-01-27,2025,117.79,309.11,2.94
S023,2025-01-27,2025,674.22,781.62,-0.32
S024,2025-01-27,2025,42.34,67.91,4.51
S025,2025-01-27,2025,157.29,284.07,2.40
S026,2025-01-27,2025,76.27,221.94,2.98
S027,2025-01-27,2025,890.81,826.55,2.75
S028,2025-01-27,2025,0.00,0.00,4.63
S029,2025-01-27,2025,0.00,0.00,1.21
S030,2025-01-27,2025,0.00,0.00,0.26
S001,2025-01-28,2025,149.09,207.08,5.19
S002,2025-01-28,2025,116.46,289.34,0.84
S003,2025-01-28,2025,1013.66,863.46,2.46
S004,2025-01-28,2025,176.52,343.95,3.18
S005,2025-01-28,2025,138.37,216.06,5.17
S006,2025-01-28,2025,138.43,392.88,1.07
S007,2025-01-28,2025,838.88,695.66,5.06
S008,2025-01-28,2025,30.51,62.37,3.88
S009,2025-01-28,2025,123.28,175.43,3.58
S010,2025-01-28,2025,238.80,562.54,2.49
S011,2025-01-28,2025,967.69,737.62,3.97
S012,2025-01-28,2025,78.48,158.08,1.66
S013,2025-01-28,2025,52.72,99.68,2.11
S014,2025-01-28,2025,248.34,584.34,2.64
S015,2025-01-28,2025,687.65,676.45,2.71
S016,2025-01-28,2025,49.10,117.14,1.20
S017,2025-01-28,2025,48.76,89.47,0.80
S018,2025-01-28,2025,132.33,315.07,3.47
S019,2025-01-28,2025,1143.21,1037.32,2.12
S020,2025-01-28,2025,78.87,145.51,2.29
S021,2025-01-28,2025,117.39,251.42,0.29
S022,2025-01-28,2025,108.07,393.88,-0.39
S023,2025-01-28,2025,648.61,593.97,4.49
S024,2025-01-28,2025,37.49,86.50,3.13
S025,2025-01-28,2025,169.23,274.83,3.57
S026,2025-01-28,2025,83.65,281.73,0.18
S027,2025-01-28,2025,912.50,941.98,-0.69
S028,2025-01-28,2025,0.00,0.00,0.91
S029,2025-01-28,2025,0.00,0.00,4.09
S030,2025-01-28,2025,0.00,0.00,2.89
S001,2025-01-29,2025,145.01,226.45,5.24
S002,2025-01-29,2025,109.82,297.04,1.56
S003,2025-01-29,2025,1027.36,923.92,2.23
S004,2025-01-29,2025,207.82,401.49,2.10
S005,2025-01-29,2025,162.14,211.57,4.67
S006,2025-01-29,2025,158.29,395.15,0.94
S007,2025-01-29,2025,878.28,793.82,2.21
S008,2025-01-29,2025,29.96,68.05,1.01
S009,2025-01-29,2025,121.64,202.67,3.22
S010,2025-01-29,2025,248.83,666.10,2.29
S011,2025-01-29,2025,927.27,855.20,1.15
S012,2025-01-29,2025,73.46,183.03,1.05
S013,2025-01-29,2025,51.48,89.78,1.31
S014,2025-01-29,2025,244.58,563.37,4.53
S015,2025-01-29,2025,655.47,694.11,1.89
S016,2025-01-29,2025,43.66,111.50,0.11
S017,2025-01-29,2025,43.64,85.77,0.58
S018,2025-01-29,2025,135.84,355.49,2.51
S019,2025-01-29,2025,1141.56,1194.11,0.29
S020,2025-01-29,2025,66.35,157.05,1.84
S021,2025-01-29,2025,111.03,176.31,4.77
S022,2025-01-29,2025,128.28,312.43,2.63
S023,2025-01-29,2025,683.85,622.22,3.20
S024,2025-01-29,2025,42.95,88.43,0.80
S025,2025-01-29,2025,157.96,283.27,3.31
S026,2025-01-29,2025,76.11,213.19,2.23
S027,2025-01-29,2025,943.02,815.27,3.31
S028,2025-01-29,2025,0.00,0.00,2.60
S029,2025-01-29,2025,0.00,0.00,2.00
S030,2025-01-29,2025,0.00,0.00,3.83
S001,2025-01-30,2025,174.89,343.29,-0.59
S002,2025-01-30,2025,121.23,233.19,4.17
S003,2025-01-30,2025,invalid,950.28,2.22
S004,2025-01-30,2025,174.11,372.68,4.08
S005,2025-01-30,2025,129.99,298.87,-0.27
S006,2025-01-30,2025,159.32,399.78,0.94
S007,2025-01-30,2025,859.26,801.08,3.61
S008,2025-01-30,2025,30.68,52.32,4.99
S009,2025-01-30,2025,136.12,181.93,3.65
S010,2025-01-30,2025,217.80,607.59,3.49
S011,2025-01-30,2025,946.79,879.08,0.47
S012,2025-01-30,2025,77.26,146.63,3.03
S013,2025-01-30,2025,55.28,75.57,5.10
S014,2025-01-30,2025,263.65,807.36,-0.21
S015,2025-01-30,2025,607.85,683.69,2.83
S016,2025-01-30,2025,46.54,92.60,2.70
S017,2025-01-30,2025,51.92,74.64,4.74
S018,2025-01-30,2025,117.22,305.80,4.32
S019,2025-01-30,2025,1225.61,1167.54,2.26
S020,2025-01-30,2025,69.57,151.74,2.22
S021,2025-01-30,2025,112.58,183.15,4.99
S022,2025-01-30,2025,107.92,294.07,4.39
S023,2025-01-30,2025,724.23,633.36,3.15
S024,2025-01-30,2025,41.60,97.26,0.80
S025,2025-01-30,2025,173.09,300.87,2.42
S026,2025-01-30,2025,80.94,263.18,0.86
,,,,,
S028,2025-01-30,2025,0.00,0.00,4.89
S029,2025-01-30,2025,0.00,0.00,2.02
S030,2025-01-30,2025,0.00,0.00,0.65
S001,2025-01-31,2025,182.62,278.79,2.19
S002,2025-01-31,2025,98.94,304.20,0.94
S003,2025-01-31,2025,1028.67,1044.89,0.42
S004,2025-01-31,2025,205.80,302.57,5.20
S005,2025-01-31,2025,147.07,219.72,5.03
S006,2025-01-31,2025,153.06,421.69,2.50
S007,2025-01-31,2025,763.96,898.41,0.52
S008,2025-01-31,2025,27.98,61.48,4.49
S009,2025-01-31,2025,118.91,210.12,2.06
S010,2025-01-31,2025,216.81,673.78,2.10
S011,2025-01-31,2025,786.76,860.59,3.42
S012,2025-01-31,2025,71.00,168.46,2.39
S013,2025-01-31,2025,51.11,88.88,1.65
S014,2025-01-31,2025,237.05,632.12,1.82
S015,2025-01-31,2025,669.86,722.44,-0.57
S016,2025-01-31,2025,54.52,127.91,0.07
S017,2025-01-31,2025,47.41,87.62,0.73
S018,2025-01-31,2025,125.67,284.36,4.63
S019,2025-01-31,2025,998.45,991.97,4.56
S020,2025-01-31,2025,69.11,159.31,1.33
S021,2025-01-31,2025,124.27,194.41,3.70
S022,2025-01-31,2025,109.49,393.13,-0.09
S023,2025-01-31,2025,750.35,842.46,-0.06
S024,2025-01-31,2025,37.05,96.62,0.24
S025,2025-01-31,2025,196.77,316.06,2.53
S026,2025-01-31,2025,77.49,258.08,1.91
S027,2025-01-31,2025,793.16,877.90,2.71
S028,2025-01-31,2025,0.00,0.00,1.87
S029,2025-01-31,2025,0.00,0.00,0.73
S030,2025-01-31,2025,0.00,0.00,4.22
S001,2025-02-01,2025,98.18,166.92,1.81
S002,2025-02-01,2025,62.39,190.75,1.79
S003,2025-02-01,2025,528.02,556.06,1.48
S004,2025-02-01,2025,128.49,266.34,1.15
S005,2025-02-01,2025,98.21,144.12,3.58
S006,2025-02-01,2025,82.38,250.51,0.60
S007,2025-02-01,2025,484.81,472.62,2.52
S008,2025-02-01,2025,20.38,48.65,0.81
S009,2025-02-01,2025,70.59,126.05,3.90
S010,2025-02-01,2025,154.11,398.96,1.57
S011,2025-02-01,2025,569.20,520.25,2.66
S012,2025-02-01,2025,49.94,81.93,4.74
S013,2025-02-01,2025,29.96,55.44,2.79
S014,2025-02-01,2025,161.58,357.66,4.42
S015,2025-02-01,2025,437.29,327.46,4.84
S016,2025-02-01,2025,27.04,77.40,0.41
S017,2025-02-01,2025,28.71,45.19,2.71
S018,2025-02-01,2025,73.70,228.62,1.92
S019,2025-02-01,2025,709.70,630.64,3.46
S020,2025-02-01,2025,40.32,101.64,-0.52
S021,2025-02-01,2025,75.99,153.59,-0.44
S022,2025-02-01,2025,80.52,154.92,5.13
S023,2025-02-01,2025,383.51,406.96,3.56
S024,2025-02-01,2025,25.04,64.32,0.55
S025,2025-02-01,2025,119.24,168.84,2.63
S026,2025-02-01,2025,54.09,148.37,2.98
S027,2025-02-01,2025,560.75,649.68,-0.06
S028,2025-02-01,2025,0.00,0.00,4.22
S029,2025-02-01,2025,0.00,0.00,4.52
S030,2025-02-01,2025,0.00,0.00,5.14
S001,2025-02-02,2025,106.43,185.35,0.61
S002,2025-02-02,2025,74.43,153.19,4.88
S003,2025-02-02,2025,560.30,431.30,5.38
S004,2025-02-02,2025,110.74,239.68,2.68
S005,2025-02-02,2025,89.66,186.15,0.12
S006,2025-02-02,2025,96.58,230.77,4.44
S007,2025-02-02,2025,476.35,496.30,1.99
S008,2025-02-02,2025,17.88,37.07,3.41
S009,2025-02-02,2025,81.82,143.97,0.22
S010,2025-02-02,2025,150.42,410.66,2.15
S011,2025-02-02,2025,587.63,504.18,2.43
S012,2025-02-02,2025,43.29,75.55,4.81
S013,2025-02-02,2025,34.94,57.78,1.73
S014,2025-02-02,2025,135.56,399.42,1.81
S015,2025-02-02,2025,382.93,381.08,3.38
S016,2025-02-02,2025,29.93,52.93,5.12
S017,2025-02-02,2025,30.09,60.13,0.91
S018,2025-02-02,2025,81.25,226.62,-0.07
S019,2025-02-02,2025,719.05,530.73,4.82
S020,2025-02-02,2025,47.74,82.55,4.93
S021,2025-02-02,2025,71.94,139.78,2.40
S022,2025-02-02,2025,71.08,212.47,-0.46
S023,2025-02-02,2025,405.46,480.16,-0.17
S024,2025-02-02,2025,23.96,40.86,4.70
S025,2025-02-02,2025,116.38,165.22,4.36
S026,2025-02-02,2025,55.36,119.69,4.15
S027,2025-02-02,2025,468.90,606.87,0.15
S028,2025-02-02,2025,0.00,0.00,0.95
S029,2025-02-02,2025,0.00,0.00,1.47
S030,2025-02-02,2025,0.00,0.00,1.17
S001,2025-02-03,2025,168.50,255.22,4.67
S002,2025-02-03,2025,105.78,310.25,2.33
S003,2025-02-03,2025,1009.08,810.47,4.92
S004,2025-02-03,2025,165.79,416.71,-0.09
S005,2025-02-03,2025,145.05,199.64,4.71
S006,2025-02-03,2025,163.05,444.39,0.54
S007,2025-02-03,2025,846.47,669.33,4.41
S008,2025-02-03,2025,27.80,80.58,-0.41
S009,2025-02-03,2025,133.41,162.52,4.87
S010,2025-02-03,2025,252.97,587.45,3.59
S011,2025-02-03,2025,772.95,686.48,4.12
S012,2025-02-03,2025,77.43,134.85,4.49
S013,2025-02-03,2025,59.09,88.73,2.08
S014,2025-02-03,2025,243.96,512.30,5.44
S015,2025-02-03,2025,667.76,679.90,3.22
S016,2025-02-03,2025,45.92,97.75,1.98
S017,2025-02-03,2025,46.32,85.68,0.93
S018,2025-02-03,2025,124.20,360.83,1.72
S019,2025-02-03,2025,1062.62,963.00,4.04
S020,2025-02-03,2025,64.74,173.66,-0.07
S021,2025-02-03,2025,127.77,234.52,0.57
S022,2025-02-03,2025,115.30,281.16,4.80
S023,2025-02-03,2025,747.11,777.21,0.24
S024,2025-02-03,2025,40.21,90.32,-0.17
S025,2025-02-03,2025,158.60,321.48,2.56
S026,2025-02-03,2025,92.18,203.27,5.05
S027,2025-02-03,2025,894.02,747.65,4.64
S028,2025-02-03,2025,0.00,0.00,2.88
S029,2025-02-03,2025,0.00,0.00,0.43
S030,2025-02-03,2025,0.00,0.00,-0.26
S001,2025-02-04,2025,175.39,269.43,3.39
S002,2025-02-04,2025,107.77,279.36,2.02
S003,2025-02-04,2025,909.52,916.97,2.91
S004,2025-02-04,2025,206.85,324.89,4.45
S005,2025-02-04,2025,147.88,250.87,2.99
S006,2025-02-04,2025,156.10,341.59,3.35
S007,2025-02-04,2025,866.74,727.61,4.95
S008,2025-02-04,2025,28.68,70.02,2.25
S009,2025-02-04,2025,111.74,242.81,0.53
S010,2025-02-04,2025,235.11,580.83,3.76
S011,2025-02-04,2025,963.07,880.83,0.36
S012,2025-02-04,2025,74.55,186.89,0.29
S013,2025-02-04,2025,51.20,87.93,3.14
S014,2025-02-04,2025,212.12,739.54,1.11
S015,2025-02-04,2025,669.37,813.93,-0.46
S016,2025-02-04,2025,47.82,90.84,3.49
S017,2025-02-04,2025,50.77,69.56,4.33
S018,2025-02-04,2025,137.79,348.25,3.01
S019,2025-02-04,2025,1084.33,934.20,5.46
S020,2025-02-04,2025,66.18,164.21,0.44
S021,2025-02-04,2025,113.80,208.39,1.29
S022,2025-02-04,2025,122.24,394.53,-0.41
S023,2025-02-04,2025,617.37,706.10,1.63
S024,2025-02-04,2025,41.70,73.80,4.81
S025,2025-02-04,2025,179.02,296.69,3.79
S026,2025-02-04,2025,86.67,259.95,0.33
S027,2025-02-04,2025,885.79,865.93,0.54
S028,2025-02-04,2025,0.00,0.00,-0.06
S029,2025-02-04,2025,0.00,0.00,4.63
S030,2025-02-04,2025,0.00,0.00,-0.14
S001,2025-02-05,2025,163.85,274.26,3.66
S002,2025-02-05,2025,106.22,311.24,0.98
S003,2025-02-05,2025,1029.17,901.18,4.37
S004,2025-02-05,2025,200.46,375.31,3.01
S005,2025-02-05,2025,132.69,277.85,1.82
S006,2025-02-05,2025,152.60,321.80,5.38
S007,2025-02-05,2025,852.51,893.15,-0.05
S008,2025-02-05,2025,28.42,54.71,4.42
S009,2025-02-05,2025,127.32,202.48,3.44
S010,2025-02-05,2025,230.50,596.53,1.80
S011,2025-02-05,2025,940.41,1080.01,-0.38
S012,2025-02-05,2025,78.73,149.82,1.95
S013,2025-02-05,2025,53.28,104.09,1.58
S014,2025-02-05,2025,252.46,490.05,5.12
S015,2025-02-05,2025,711.58,695.23,1.30
S016,2025-02-05,2025,46.84,112.94,2.29
S017,2025-02-05,2025,50.29,65.32,4.43
S018,2025-02-05,2025,118.40,380.72,0.68
S019,2025-02-05,2025,969.64,997.87,2.82
S020,2025-02-05,2025,67.89,150.34,3.25
S021,2025-02-05,2025,137.00,207.22,2.28
S022,2025-02-05,2025,114.28,254.34,4.00
S023,2025-02-05,2025,733.84,518.88,4.83
S024,2025-02-05,2025,44.36,86.76,1.65
S025,2025-02-05,2025,194.38,251.13,3.82
S026,2025-02-05,2025,91.68,219.66,2.74
S027,2025-02-05,2025,751.96,698.68,3.92
S028,2025-02-05,2025,0.00,0.00,5.55
S029,2025-02-05,2025,0.00,0.00,5.13
S030,2025-02-05,2025,0.00,0.00,2.66
S001,2025-02-06,2025,146.23,290.77,0.28
S002,2025-02-06,2025,120.38,317.01,2.33
S003,2025-02-06,2025,901.54,844.97,2.61
S004,2025-02-06,2025,184.52,290.21,5.50
S005,2025-02-06,2025,134.51,223.49,4.84
S006,2025-02-06,2025,133.14,292.22,5.32
S007,2025-02-06,2025,804.54,787.14,2.74
S008,2025-02-06,2025,29.19,59.58,4.17
S009,2025-02-06,2025,133.02,238.08,1.67
S010,2025-02-06,2025,224.44,717.33,0.24
S011,2025-02-06,2025,793.79,747.57,4.86
S012,2025-02-06,2025,67.37,143.26,3.29
S013,2025-02-06,2025,53.87,73.18,4.10
S014,2025-02-06,2025,237.84,562.28,5.19
S015,2025-02-06,2025,707.48,719.44,1.80
S016,2025-02-06,2025,48.98,108.74,2.16
S017,2025-02-06,2025,45.06,63.30,4.67
S018,2025-02-06,2025,110.23,332.89,1.80
S019,2025-02-06,2025,1215.91,926.19,3.13
S020,2025-02-06,2025,62.51,160.47,1.70
S021,2025-02-06,2025,133.55,223.12,1.66
S022,2025-02-06,2025,109.55,313.02,3.20
S023,2025-02-06,2025,672.60,685.01,2.37
S024,2025-02-06,2025,37.21,79.14,2.41
S025,2025-02-06,2025,173.11,247.81,4.04
S026,2025-02-06,2025,83.53,267.92,-0.24
S027,2025-02-06,2025,787.68,742.46,5.23
S028,2025-02-06,2025,0.00,0.00,2.92
S029,2025-02-06,2025,0.00,0.00,1.45
S030,2025-02-06,2025,0.00,0.00,4.01
S001,2025-02-07,2025,158.88,231.46,5.39
S002,2025-02-07,2025,112.32,284.72,2.07
S003,2025-02-07,2025,1002.36,1119.50,0.86
S004,2025-02-07,2025,187.68,384.53,2.04
S005,2025-02-07,2025,149.44,282.48,-0.23
S006,2025-02-07,2025,154.04,346.01,3.67
S007,2025-02-07,2025,806.40,788.03,2.80
S008,2025-02-07,2025,33.37,74.30,1.33
S009,2025-02-07,2025,126.79,166.02,4.16
,,,,,
S011,2025-02-07,2025,901.58,814.00,2.86
S012,2025-02-07,2025,82.79,182.83,1.15
S013,2025-02-07,2025,54.99,83.74,4.33
S014,2025-02-07,2025,222.66,570.95,3.41
S015,2025-02-07,2025,598.12,561.81,4.89
S016,2025-02-07,2025,48.99,116.47,0.67
S017,2025-02-07,2025,52.08,70.07,5.42
S018,2025-02-07,2025,136.88,367.79,1.95
S019,2025-02-07,2025,1198.21,946.55,4.26
S020,2025-02-07,2025,65.53,171.98,0.66
S021,2025-02-07,2025,121.51,159.32,5.50
S022,2025-02-07,2025,126.36,352.67,0.42
S023,2025-02-07,2025,706.52,620.36,4.30
S024,2025-02-07,2025,36.62,74.41,3.03
S025,2025-02-07,2025,178.32,340.19,0.64
S026,2025-02-07,2025,79.05,211.84,3.66
S027,2025-02-07,2025,788.89,685.46,5.28
S028,2025-02-07,2025,0.00,0.00,2.77
S029,2025-02-07,2025,0.00,0.00,4.07
S030,2025-02-07,2025,0.00,0.00,3.90
S001,2025-02-08,2025,107.54,166.84,2.21
S002,2025-02-08,2025,67.41,182.44,2.26
S003,2025-02-08,2025,548.39,471.97,4.43
S004,2025-02-08,2025,104.76,227.73,2.53
S005,2025-02-08,2025,82.15,169.85,1.95
S006,2025-02-08,2025,84.78,285.32,0.75
S007,2025-02-08,2025,457.07,563.57,1.75
S008,2025-02-08,2025,18.20,42.68,2.83
S009,2025-02-08,2025,83.29,134.77,1.41
S010,2025-02-08,2025,153.98,328.22,4.06
S011,2025-02-08,2025,480.04,639.87,0.42
S012,2025-02-08,2025,50.37,111.23,0.58
S013,2025-02-08,2025,34.82,50.16,3.25
S014,2025-02-08,2025,invalid,477.44,0.75
S015,2025-02-08,2025,443.23,358.28,3.62
S016,2025-02-08,2025,28.87,56.94,5.01
S017,2025-02-08,2025,30.99,55.57,1.33
S018,2025-02-08,2025,84.69,193.46,4.00
S019,2025-02-08,2025,720.67,643.22,4.17
S020,2025-02-08,2025,47.66,102.47,0.48
S021,2025-02-08,2025,71.94,145.89,0.08
S022,2025-02-08,2025,70.87,172.94,3.97
S023,2025-02-08,2025,452.37,378.74,4.11
S024,2025-02-08,2025,27.94,54.13,0.98
S025,2025-02-08,2025,112.09,147.00,5.74
,,,,,
S027,2025-02-08,2025,499.95,418.00,5.15
S028,2025-02-08,2025,0.00,0.00,-0.21
S029,2025-02-08,2025,0.00,0.00,0.06
S030,2025-02-08,2025,0.00,0.00,4.38
S001,2025-02-09,2025,103.78,203.02,0.87
S002,2025-02-09,2025,74.56,162.40,3.61
S003,2025-02-09,2025,622.25,622.86,0.05
S004,2025-02-09,2025,110.52,219.11,2.81
S005,2025-02-09,2025,91.83,188.09,0.48
S006,2025-02-09,2025,94.83,242.50,2.50
S007,2025-02-09,2025,457.96,356.32,5.68
S008,2025-02-09,2025,17.32,36.34,3.90
S009,2025-02-09,2025,75.87,139.32,0.77
S010,2025-02-09,2025,137.26,424.89,0.19
S011,2025-02-09,2025,495.49,455.60,4.86
S012,2025-02-09,2025,41.01,74.76,4.64
S013,2025-02-09,2025,33.20,45.14,4.83
S014,2025-02-09,2025,129.99,317.97,5.33
S015,2025-02-09,2025,384.99,445.65,0.95
S016,2025-02-09,2025,32.19,57.62,4.93
S017,2025-02-09,2025,31.45,53.76,1.59
S018,2025-02-09,2025,68.66,168.22,5.59
S019,2025-02-09,2025,720.31,607.22,4.09
S020,2025-02-09,2025,48.55,71.01,4.95
S021,2025-02-09,2025,72.53,156.23,0.64
S022,2025-02-09,2025,65.10,206.41,1.65
S023,2025-02-09,2025,448.86,524.35,0.04
S024,2025-02-09,2025,27.34,41.78,4.67
S025,2025-02-09,2025,102.14,175.18,2.00
S026,2025-02-09,2025,47.38,137.19,3.34
S027,2025-02-09,2025,583.11,490.70,4.13
S028,2025-02-09,2025,0.00,0.00,4.58
S029,2025-02-09,2025,0.00,0.00,0.11
S030,2025-02-09,2025,0.00,0.00,5.02
S001,2025-02-10,2025,148.43,296.31,1.70
S002,2025-02-10,2025,102.49,316.85,1.93
S003,2025-02-10,2025,940.10,947.82,1.70
S004,2025-02-10,2025,197.78,455.98,1.25
S005,2025-02-10,2025,149.29,258.50,0.62
S006,2025-02-10,2025,140.72,375.49,3.26
S007,2025-02-10,2025,911.32,676.04,3.93
S008,2025-02-10,2025,29.78,52.51,4.88
S009,2025-02-10,2025,113.89,241.49,0.00
S010,2025-02-10,2025,253.61,519.52,5.09
S011,2025-02-10,2025,859.16,714.03,3.73
S012,2025-02-10,2025,76.82,135.62,3.98
S013,2025-02-10,2025,50.60,88.79,4.07
S014,2025-02-10,2025,247.26,726.14,1.74
S015,2025-02-10,2025,640.22,694.02,1.43
S016,2025-02-10,2025,47.03,85.61,3.87
S017,2025-02-10,2025,45.00,93.21,0.83
S018,2025-02-10,2025,131.97,295.12,4.45
S019,2025-02-10,2025,1195.05,1045.28,3.95
S020,2025-02-10,2025,63.06,140.59,2.30
S021,2025-02-10,2025,117.98,196.25,4.56
S022,2025-02-10,2025,invalid,259.53,4.10
S023,2025-02-10,2025,636.44,722.01,2.64
S024,2025-02-10,2025,44.76,74.98,2.82
S025,2025-02-10,2025,158.77,326.69,0.17
S026,2025-02-10,2025,80.32,203.57,3.75
S027,2025-02-10,2025,785.69,864.10,1.78
S028,2025-02-10,2025,0.00,0.00,4.47
,,,,,
S030,2025-02-10,2025,0.00,0.00,1.94
S001,2025-02-11,2025,145.61,332.62,0.77
S002,2025-02-11,2025,106.75,268.38,4.00
S003,2025-02-11,2025,959.68,737.03,5.02
S004,2025-02-11,2025,198.25,387.80,3.61
S005,2025-02-11,2025,139.35,266.94,0.18
S006,2025-02-11,2025,149.70,361.48,3.95
S007,2025-02-11,2025,818.33,864.24,2.55
S008,2025-02-11,2025,34.95,57.14,3.59
S009,2025-02-11,2025,110.70,180.61,5.49
S010,2025-02-11,2025,241.53,563.67,3.75
S011,2025-02-11,2025,860.54,951.08,0.98
S012,2025-02-11,2025,74.90,181.97,0.84
S013,2025-02-11,2025,52.29,68.42,5.17
S014,2025-02-11,2025,238.75,513.20,5.11
S015,2025-02-11,2025,597.21,566.51,5.09
S016,2025-02-11,2025,50.24,110.23,1.48
S017,2025-02-11,2025,43.61,76.71,3.95
S018,2025-02-11,2025,130.64,370.23,0.49
S019,2025-02-11,2025,1029.87,1091.44,2.49
S020,2025-02-11,2025,63.01,142.49,3.56
S021,2025-02-11,2025,116.03,226.78,1.60
S022,2025-02-11,2025,111.99,235.39,5.31
S023,2025-02-11,2025,675.29,668.84,3.14
S024,2025-02-11,2025,37.99,96.36,0.01
S025,2025-02-11,2025,162.90,296.57,2.05
S026,2025-02-11,2025,78.07,234.00,2.92
S027,2025-02-11,2025,846.98,874.25,1.58
S028,2025-02-11,2025,0.00,0.00,4.33
S029,2025-02-11,2025,0.00,0.00,1.07
S030,2025-02-11,2025,0.00,0.00,1.51
S001,2025-02-12,2025,167.13,309.39,1.67
S002,2025-02-12,2025,106.35,302.32,1.35
S003,2025-02-12,2025,987.38,792.34,4.73
S004,2025-02-12,2025,201.49,376.65,4.08
S005,2025-02-12,2025,145.50,226.16,3.14
S006,2025-02-12,2025,133.26,360.67,3.68
S007,2025-02-12,2025,842.79,834.83,1.14
S008,2025-02-12,2025,32.12,49.11,5.96
S009,2025-02-12,2025,121.23,210.80,0.78
S010,2025-02-12,2025,223.48,617.90,1.41
S011,2025-02-12,2025,939.57,898.75,0.33
S012,2025-02-12,2025,73.01,148.80,2.26
S013,2025-02-12,2025,50.49,96.79,2.48
S014,2025-02-12,2025,262.24,591.08,3.71
S015,2025-02-12,2025,733.12,665.45,0.67
S016,2025-02-12,2025,44.40,117.11,0.71
S017,2025-02-12,2025,42.55,84.70,1.48
S018,2025-02-12,2025,129.78,328.68,3.92
S019,2025-02-12,2025,1161.22,1216.44,1.47
S020,2025-02-12,2025,64.61,154.82,1.68
S021,2025-02-12,2025,125.51,236.92,0.86
S022,2025-02-12,2025,104.97,275.92,2.72
S023,2025-02-12,2025,687.78,592.61,3.99
S024,2025-02-12,2025,37.70,81.59,3.66
S025,2025-02-12,2025,182.47,370.42,0.30
S026,2025-02-12,2025,79.27,275.36,0.46
S027,2025-02-12,2025,833.72,760.82,3.44
S028,2025-02-12,2025,0.00,0.00,5.17
S029,2025-02-12,2025,0.00,0.00,1.00
S030,2025-02-12,2025,0.00,0.00,5.80
S001,2025-02-13,2025,178.54,260.63,3.09
S002,2025-02-13,2025,100.31,286.81,2.62
S003,2025-02-13,2025,867.12,804.74,4.55
S004,2025-02-13,2025,171.34,387.40,1.91
S005,2025-02-13,2025,157.18,236.51,4.14
S006,2025-02-13,2025,158.27,339.20,5.70
S007,2025-02-13,2025,824.45,732.16,4.15
S008,2025-02-13,2025,invalid,55.65,4.85
S009,2025-02-13,2025,136.10,196.59,3.56
S010,2025-02-13,2025,218.49,646.25,2.98
S011,2025-02-13,2025,956.47,872.01,3.26
S012,2025-02-13,2025,73.60,151.81,2.01
S013,2025-02-13,2025,47.58,76.66,5.82
S014,2025-02-13,2025,233.33,686.72,0.46
S015,2025-02-13,2025,732.26,715.22,0.56
S016,2025-02-13,2025,49.28,94.12,3.07
S017,2025-02-13,2025,46.84,71.48,5.00
S018,2025-02-13,2025,134.54,263.79,6.12
S019,2025-02-13,2025,1164.62,1112.31,0.44
S020,2025-02-13,2025,77.96,112.15,5.70
S021,2025-02-13,2025,117.73,215.31,2.20
S022,2025-02-13,2025,126.08,326.04,1.48
S023,2025-02-13,2025,712.19,547.81,4.33
S024,2025-02-13,2025,36.60,89.95,0.18
S025,2025-02-13,2025,158.72,226.23,6.08
S026,2025-02-13,2025,77.65,185.63,4.64
S027,2025-02-13,2025,896.02,751.56,2.95
S028,2025-02-13,2025,0.00,0.00,3.40
S029,2025-02-13,2025,0.00,0.00,2.21
S030,2025-02-13,2025,0.00,0.00,1.60
S001,2025-02-14,2025,154.27,254.73,4.95
S002,2025-02-14,2025,114.76,347.56,0.74
S003,2025-02-14,2025,858.07,741.45,5.26
S004,2025-02-14,2025,163.78,314.14,4.83
S005,2025-02-14,2025,162.01,231.30,2.91
S006,2025-02-14,2025,158.17,412.38,3.04
S007,2025-02-14,2025,766.71,744.12,3.19
S008,2025-02-14,2025,31.51,72.34,2.27
S009,2025-02-14,2025,125.01,193.58,4.68
S010,2025-02-14,2025,237.52,489.13,6.05
S011,2025-02-14,2025,891.76,737.10,5.37
S012,2025-02-14,2025,70.05,132.06,5.30
S013,2025-02-14,2025,50.57,93.10,0.65
S014,2025-02-14,2025,244.92,547.49,5.61
S015,2025-02-14,2025,661.28,566.51,3.61
S016,2025-02-14,2025,51.12,110.25,1.81
S017,2025-02-14,2025,45.72,78.89,2.69
S018,2025-02-14,2025,131.70,356.13,2.12
S019,2025-02-14,2025,1077.74,918.22,4.48
S020,2025-02-14,2025,76.79,168.49,1.20
S021,2025-02-14,2025,122.92,216.76,1.82
S022,2025-02-14,2025,102.56,352.07,1.32
S023,2025-02-14,2025,743.04,689.46,2.73
S024,2025-02-14,2025,45.03,95.37,1.12
S025,2025-02-14,2025,185.48,359.16,0.63
S026,2025-02-14,2025,76.19,254.71,1.16
S027,2025-02-14,2025,808.11,689.27,5.84
S028,2025-02-14,2025,0.00,0.00,2.55
S029,2025-02-14,2025,0.00,0.00,4.84
S030,2025-02-14,2025,0.00,0.00,2.22
S001,2025-02-15,2025,96.20,162.74,2.15
S002,2025-02-15,2025,74.33,193.17,2.10
S003,2025-02-15,2025,551.16,605.66,3.25
S004,2025-02-15,2025,114.82,186.54,5.49
S005,2025-02-15,2025,93.56,169.95,2.12
S006,2025-02-15,2025,98.89,243.10,1.66
S007,2025-02-15,2025,480.67,449.67,4.53
S008,2025-02-15,2025,19.72,42.44,3.12
S009,2025-02-15,2025,76.01,104.49,5.55
S010,2025-02-15,2025,136.14,328.60,3.88
S011,2025-02-15,2025,593.46,553.11,1.49
S012,2025-02-15,2025,46.88,99.63,0.43
S013,2025-02-15,2025,29.93,52.04,3.23
S014,2025-02-15,2025,164.90,386.62,1.03
S015,2025-02-15,2025,377.33,396.30,3.36
S016,2025-02-15,2025,27.35,60.26,1.69
S017,2025-02-15,2025,26.94,53.27,1.01
S018,2025-02-15,2025,75.99,233.54,1.92
S019,2025-02-15,2025,682.29,695.05,0.84
S020,2025-02-15,2025,38.69,104.66,1.48
S021,2025-02-15,2025,76.31,125.81,2.74
S022,2025-02-15,2025,77.24,187.41,1.30
S023,2025-02-15,2025,397.34,390.54,2.30
S024,2025-02-15,2025,22.26,45.47,3.70
S025,2025-02-15,2025,100.60,146.40,4.48
S026,2025-02-15,2025,57.39,113.46,5.58
S027,2025-02-15,2025,556.30,471.39,4.33
S028,2025-02-15,2025,0.00,0.00,0.42
S029,2025-02-15,2025,0.00,0.00,5.48
S030,2025-02-15,2025,0.00,0.00,0.92
S001,2025-02-16,2025,98.03,178.96,0.58
S002,2025-02-16,2025,62.39,173.83,1.93
S003,2025-02-16,2025,565.92,659.35,1.12
S004,2025-02-16,2025,125.76,195.00,5.87
S005,2025-02-16,2025,98.99,142.01,3.06
S006,2025-02-16,2025,83.92,266.79,1.58
S007,2025-02-16,2025,468.11,467.51,4.63
S008,2025-02-16,2025,17.79,39.35,3.50
S009,2025-02-16,2025,75.04,116.09,4.91
S010,2025-02-16,2025,137.51,447.09,0.80
S011,2025-02-16,2025,487.75,400.31,6.10
S012,2025-02-16,2025,42.48,81.48,5.85
S013,2025-02-16,2025,36.36,50.88,4.19
S014,2025-02-16,2025,153.26,399.81,2.38
S015,2025-02-16,2025,399.86,382.95,3.09
S016,2025-02-16,2025,28.66,65.84,0.81
S017,2025-02-16,2025,29.71,48.87,2.71
S018,2025-02-16,2025,79.16,157.04,5.96
S019,2025-02-16,2025,715.48,685.73,1.05
S020,2025-02-16,2025,48.48,73.87,4.60
S021,2025-02-16,2025,71.11,116.32,3.07
S022,2025-02-16,2025,64.25,157.59,4.49
S023,2025-02-16,2025,384.84,369.62,5.25
S024,2025-02-16,2025,24.31,37.71,5.64
S025,2025-02-16,2025,118.70,147.38,4.69
S026,2025-02-16,2025,58.73,161.46,1.25
S027,2025-02-16,2025,570.13,457.49,3.66
S028,2025-02-16,2025,0.00,0.00,0.82
S029,2025-02-16,2025,0.00,0.00,1.29
S030,2025-02-16,2025,0.00,0.00,5.42
S001,2025-02-17,2025,173.64,235.94,4.76
S002,2025-02-17,2025,117.92,254.96,3.20
S003,2025-02-17,2025,988.29,1011.78,0.75
S004,2025-02-17,2025,183.79,376.43,3.03
S005,2025-02-17,2025,138.32,218.80,4.79
S006,2025-02-17,2025,145.79,292.49,6.08
S007,2025-02-17,2025,806.37,705.66,3.62
S008,2025-02-17,2025,28.83,60.78,3.90
S009,2025-02-17,2025,128.83,194.57,2.80
S010,2025-02-17,2025,258.45,563.91,3.44
S011,2025-02-17,2025,962.11,661.07,5.63
S012,2025-02-17,2025,77.09,151.76,3.29
S013,2025-02-17,2025,47.35,86.80,3.01
S014,2025-02-17,2025,233.50,534.55,3.88
S015,2025-02-17,2025,603.41,558.53,4.69
S016,2025-02-17,2025,51.95,94.46,2.81
S017,2025-02-17,2025,53.09,76.35,4.74
S018,2025-02-17,2025,135.37,253.97,6.39
S019,2025-02-17,2025,1061.02,1021.28,4.11
S020,2025-02-17,2025,65.85,151.28,0.96
S021,2025-02-17,2025,121.99,203.95,3.51
S022,2025-02-17,2025,126.63,323.31,1.62
S023,2025-02-17,2025,710.29,627.15,4.64
,,,,,
S025,2025-02-17,2025,182.82,319.89,2.68
S026,2025-02-17,2025,91.62,197.97,4.25
S027,2025-02-17,2025,769.08,627.38,5.71
S028,2025-02-17,2025,0.00,0.00,2.55
S029,2025-02-17,2025,0.00,0.00,3.43
S030,2025-02-17,2025,0.00,0.00,2.06
S001,2025-02-18,2025,162.93,228.44,4.22
S002,2025-02-18,2025,100.07,220.46,6.27
S003,2025-02-18,2025,961.53,909.70,1.89
S004,2025-02-18,2025,208.11,411.95,1.48
S005,2025-02-18,2025,162.56,199.44,5.19
S006,2025-02-18,2025,147.58,410.74,2.05
S007,2025-02-18,2025,903.43,627.51,5.19
S008,2025-02-18,2025,31.34,61.46,3.17
S009,2025-02-18,2025,123.87,236.20,0.77
S010,2025-02-18,2025,237.33,629.82,1.22
S011,2025-02-18,2025,791.35,887.90,0.64
S012,2025-02-18,2025,80.26,183.37,0.99
S013,2025-02-18,2025,49.31,62.02,6.46
S014,2025-02-18,2025,246.05,561.05,4.23
S015,2025-02-18,2025,621.66,753.98,1.27
S016,2025-02-18,2025,55.34,99.53,3.96
S017,2025-02-18,2025,47.86,92.04,1.65
S018,2025-02-18,2025,127.06,233.44,5.94
S019,2025-02-18,2025,1059.79,1121.72,0.72
S020,2025-02-18,2025,72.37,131.53,4.82
S021,2025-02-18,2025,128.82,228.18,0.73
S022,2025-02-18,2025,129.78,258.30,6.12
S023,2025-02-18,2025,692.55,516.22,6.30
S024,2025-02-18,2025,40.58,75.69,2.56
S025,2025-02-18,2025,187.03,298.42,1.27
S026,2025-02-18,2025,82.23,207.77,3.23
S027,2025-02-18,2025,859.64,819.22,1.75
S028,2025-02-18,2025,0.00,0.00,1.40
S029,2025-02-18,2025,0.00,0.00,5.42
S030,2025-02-18,2025,0.00,0.00,5.22
S001,2025-02-19,2025,181.05,271.08,3.50
S002,2025-02-19,2025,111.22,282.96,2.21
S003,2025-02-19,2025,1065.35,937.38,2.00
S004,2025-02-19,2025,170.50,302.13,4.74
S005,2025-02-19,2025,139.42,203.81,4.62
S006,2025-02-19,2025,130.65,381.21,4.27
S007,2025-02-19,2025,861.62,831.26,1.12
S008,2025-02-19,2025,29.00,65.19,3.10
S009,2025-02-19,2025,136.00,191.73,4.15
S010,2025-02-19,2025,249.37,492.26,5.71
S011,2025-02-19,2025,866.66,923.99,1.02
S012,2025-02-19,2025,77.85,137.42,5.03
S013,2025-02-19,2025,48.35,82.17,3.68
S014,2025-02-19,2025,244.20,581.21,3.51
S015,2025-02-19,2025,721.13,616.18,4.65
S016,2025-02-19,2025,50.79,79.43,5.50
S017,2025-02-19,2025,45.19,75.52,4.05
S018,2025-02-19,2025,114.93,337.67,3.16
S019,2025-02-19,2025,1132.25,1141.48,2.14
S020,2025-02-19,2025,75.64,124.71,4.16
S021,2025-02-19,2025,125.09,218.18,1.97
S022,2025-02-19,2025,102.23,242.21,4.88
S023,2025-02-19,2025,746.80,669.73,0.68
S024,2025-02-19,2025,37.13,86.35,2.06
S025,2025-02-19,2025,185.66,217.68,5.64
S026,2025-02-19,2025,86.19,185.78,4.93
S027,2025-02-19,2025,856.51,740.43,5.34
S028,2025-02-19,2025,0.00,0.00,5.67
S029,2025-02-19,2025,0.00,0.00,0.67
S030,2025-02-19,2025,0.00,0.00,1.02
S001,2025-02-20,2025,160.34,320.16,1.68
S002,2025-02-20,2025,110.23,289.37,3.74
S003,2025-02-20,2025,921.22,1038.30,1.63
S004,2025-02-20,2025,183.75,369.35,1.51
S005,2025-02-20,2025,157.31,179.75,6.55
S006,2025-02-20,2025,142.03,391.25,1.97
S007,2025-02-20,2025,743.36,847.68,0.79
S008,2025-02-20,2025,30.32,62.48,3.07
S009,2025-02-20,2025,108.72,178.29,4.41
S010,2025-02-20,2025,230.98,594.32,2.28
S011,2025-02-20,2025,937.15,915.79,2.26
S012,2025-02-20,2025,76.77,128.26,5.97
S013,2025-02-20,2025,51.42,106.18,0.92
S014,2025-02-20,2025,221.15,489.05,5.80
S015,2025-02-20,2025,745.10,701.70,2.11
S016,2025-02-20,2025,45.76,114.01,1.40
S017,2025-02-20,2025,50.28,78.57,3.87
S018,2025-02-20,2025,121.77,377.12,1.67
S019,2025-02-20,2025,1174.91,1078.53,2.56
S020,2025-02-20,2025,72.81,148.35,3.07
S021,2025-02-20,2025,113.05,146.09,6.58
S022,2025-02-20,2025,110.85,299.87,4.23
S023,2025-02-20,2025,729.58,464.33,6.66
S024,2025-02-20,2025,40.98,93.05,0.85
S025,2025-02-20,2025,175.03,245.78,5.53
S026,2025-02-20,2025,79.40,269.13,0.98
S027,2025-02-20,2025,883.81,595.91,6.51
S028,2025-02-20,2025,0.00,0.00,2.02
S029,2025-02-20,2025,0.00,0.00,2.38
S030,2025-02-20,2025,0.00,0.00,0.82
S001,2025-02-21,2025,157.94,195.84,6.81
S002,2025-02-21,2025,101.62,334.37,0.96
S003,2025-02-21,2025,931.23,815.00,4.06
S004,2025-02-21,2025,175.03,282.09,5.95
S005,2025-02-21,2025,159.41,229.14,2.73
S006,2025-02-21,2025,148.92,439.42,2.09
S007,2025-02-21,2025,890.42,767.75,3.80
S008,2025-02-21,2025,30.64,57.63,4.57
S009,2025-02-21,2025,124.82,226.04,1.54
S010,2025-02-21,2025,214.26,483.60,4.92
S011,2025-02-21,2025,962.96,806.30,2.48
S012,2025-02-21,2025,67.82,149.86,3.66
S013,2025-02-21,2025,58.86,78.18,5.23
S014,2025-02-21,2025,225.93,529.35,5.76
S015,2025-02-21,2025,632.27,687.78,2.84
S016,2025-02-21,2025,51.24,102.33,3.55
S017,2025-02-21,2025,51.86,69.45,3.36
S018,2025-02-21,2025,131.38,256.23,6.34
S019,2025-02-21,2025,1158.00,1047.44,2.84
S020,2025-02-21,2025,78.85,135.44,3.97
S021,2025-02-21,2025,124.30,182.44,3.01
S022,2025-02-21,2025,123.84,275.18,5.38
S023,2025-02-21,2025,667.94,505.72,6.44
S024,2025-02-21,2025,42.13,85.10,2.60
S025,2025-02-21,2025,160.61,262.87,3.22
S026,2025-02-21,2025,91.06,241.03,2.45
S027,2025-02-21,2025,900.74,646.13,4.75
S028,2025-02-21,2025,0.00,0.00,1.71
S029,2025-02-21,2025,0.00,0.00,5.60
S030,2025-02-21,2025,0.00,0.00,2.93
S001,2025-02-22,2025,92.71,149.10,5.78
S002,2025-02-22,2025,70.41,162.43,3.85
S003,2025-02-22,2025,541.17,650.96,1.74
S004,2025-02-22,2025,113.83,240.28,1.40
S005,2025-02-22,2025,95.20,168.68,2.47
S006,2025-02-22,2025,100.98,205.08,5.79
S007,2025-02-22,2025,504.83,346.03,6.57
S008,2025-02-22,2025,18.74,39.79,2.13
S009,2025-02-22,2025,72.84,106.29,5.95
S010,2025-02-22,2025,134.62,370.42,2.83
S011,2025-02-22,2025,584.52,467.95,4.68
S012,2025-02-22,2025,47.30,89.68,2.74
S013,2025-02-22,2025,32.54,45.47,4.65
S014,2025-02-22,2025,140.49,274.06,6.88
S015,2025-02-22,2025,373.53,408.73,2.28
S016,2025-02-22,2025,32.70,56.64,5.10
S017,2025-02-22,2025,33.02,44.22,3.23
S018,2025-02-22,2025,72.14,133.97,6.77
S019,2025-02-22,2025,612.91,582.03,4.90
S020,2025-02-22,2025,48.86,90.54,3.59
S021,2025-02-22,2025,77.75,112.59,5.37
S022,2025-02-22,2025,70.86,178.21,3.85
S023,2025-02-22,2025,443.65,481.43,1.25
S024,2025-02-22,2025,23.46,52.22,2.52
S025,2025-02-22,2025,111.05,164.46,5.18
S026,2025-02-22,2025,55.06,100.25,6.73
S027,2025-02-22,2025,523.52,440.95,4.20
S028,2025-02-22,2025,0.00,0.00,5.66
S029,2025-02-22,2025,0.00,0.00,5.03
S030,2025-02-22,2025,0.00,0.00,1.34
S001,2025-02-23,2025,102.94,137.48,5.83
S002,2025-02-23,2025,66.54,188.79,1.86
S003,2025-02-23,2025,609.04,545.54,4.19
S004,2025-02-23,2025,124.62,197.31,4.66
S005,2025-02-23,2025,87.08,151.48,2.05
S006,2025-02-23,2025,98.93,255.15,3.21
S007,2025-02-23,2025,506.80,454.10,4.77
S008,2025-02-23,2025,18.50,36.85,2.74
S009,2025-02-23,2025,80.41,104.37,5.41
S010,2025-02-23,2025,131.98,288.33,5.21
S011,2025-02-23,2025,477.40,352.87,6.75
S012,2025-02-23,2025,45.45,88.64,2.61
S013,2025-02-23,2025,32.81,62.03,2.02
S014,2025-02-23,2025,133.02,336.03,5.92
S015,2025-02-23,2025,449.64,411.49,1.85
S016,2025-02-23,2025,29.55,46.31,6.18
S017,2025-02-23,2025,26.32,47.25,2.63
S018,2025-02-23,2025,80.35,139.77,6.42
S019,2025-02-23,2025,620.49,571.61,4.52
S020,2025-02-23,2025,46.95,77.57,4.41
S021,2025-02-23,2025,81.12,128.92,2.37
S022,2025-02-23,2025,68.26,147.03,5.22
S023,2025-02-23,2025,430.44,379.01,3.08
S024,2025-02-23,2025,22.19,53.86,2.94
S025,2025-02-23,2025,121.82,164.27,3.98
S026,2025-02-23,2025,55.06,141.02,3.28
S027,2025-02-23,2025,569.07,399.10,5.43
S028,2025-02-23,2025,0.00,0.00,4.37
S029,2025-02-23,2025,0.00,0.00,3.81
S030,2025-02-23,2025,0.00,0.00,3.19
S001,2025-02-24,2025,150.86,285.54,1.79
S002,2025-02-24,2025,109.62,238.69,4.17
S003,2025-02-24,2025,860.38,946.15,2.13
S004,2025-02-24,2025,200.85,320.81,4.73
S005,2025-02-24,2025,157.19,231.42,2.95
S006,2025-02-24,2025,139.03,436.35,2.23
S007,2025-02-24,2025,826.38,616.11,6.83
S008,2025-02-24,2025,34.01,56.88,4.36
S009,2025-02-24,2025,133.63,152.86,5.34
S010,2025-02-24,2025,228.33,552.75,3.22
S011,2025-02-24,2025,773.38,728.94,5.66
S012,2025-02-24,2025,82.77,114.19,5.63
S013,2025-02-24,2025,51.87,78.32,4.12
S014,2025-02-24,2025,218.22,635.49,3.58
S015,2025-02-24,2025,642.51,484.86,6.40
S016,2025-02-24,2025,52.12,98.97,4.26
S017,2025-02-24,2025,52.00,77.92,1.98
S018,2025-02-24,2025,112.44,307.95,4.85
S019,2025-02-24,2025,1169.21,683.48,7.08
S020,2025-02-24,2025,66.26,134.65,3.39
S021,2025-02-24,2025,128.84,198.32,2.23
S022,2025-02-24,2025,127.52,316.41,3.38
S023,2025-02-24,2025,690.79,541.48,6.24
S024,2025-02-24,2025,42.44,81.19,1.87
S025,2025-02-24,2025,176.98,268.10,4.90
S026,2025-02-24,2025,77.93,158.33,6.13
S027,2025-02-24,2025,811.75,744.16,4.97
S028,2025-02-24,2025,0.00,0.00,5.01
S029,2025-02-24,2025,0.00,0.00,1.78
S030,2025-02-24,2025,0.00,0.00,2.68
S001,2025-02-25,2025,159.07,259.31,2.52
S002,2025-02-25,2025,114.00,290.09,2.99
S003,2025-02-25,2025,899.55,869.76,4.40
S004,2025-02-25,2025,195.38,344.83,5.08
S005,2025-02-25,2025,161.87,195.26,4.88
S006,2025-02-25,2025,141.12,365.45,2.36
S007,2025-02-25,2025,901.73,528.11,7.18
S008,2025-02-25,2025,35.00,59.96,4.19
S009,2025-02-25,2025,132.32,163.41,5.86
S010,2025-02-25,2025,258.91,684.77,1.57
S011,2025-02-25,2025,959.46,668.42,6.62
S012,2025-02-25,2025,78.35,163.27,2.58
S013,2025-02-25,2025,48.47,77.59,5.72
S014,2025-02-25,2025,218.83,647.85,1.39
S015,2025-02-25,2025,601.53,525.53,4.92
S016,2025-02-25,2025,49.90,104.35,3.29
S017,2025-02-25,2025,50.26,84.43,2.92
S018,2025-02-25,2025,110.35,263.91,5.95
S019,2025-02-25,2025,981.55,890.80,5.28
S020,2025-02-25,2025,76.85,107.89,6.29
S021,2025-02-25,2025,126.69,152.70,6.91
S022,2025-02-25,2025,111.81,281.18,4.71
S023,2025-02-25,2025,643.02,603.39,2.90
S024,2025-02-25,2025,37.15,62.25,6.45
S025,2025-02-25,2025,163.83,320.64,2.10
S026,2025-02-25,2025,95.28,190.54,4.21
S027,2025-02-25,2025,793.58,629.09,5.77
S028,2025-02-25,2025,0.00,0.00,4.40
S029,2025-02-25,2025,0.00,0.00,1.33
S030,2025-02-25,2025,0.00,0.00,6.27
S001,2025-02-26,2025,180.33,283.66,2.84
S002,2025-02-26,2025,120.16,292.32,1.68
S003,2025-02-26,2025,1032.32,792.41,4.56
S004,2025-02-26,2025,192.60,275.32,6.58
S005,2025-02-26,2025,144.76,260.23,1.86
S006,2025-02-26,2025,142.70,370.41,2.43
S007,2025-02-26,2025,863.82,655.77,3.89
S008,2025-02-26,2025,31.61,42.51,7.08
S009,2025-02-26,2025,109.21,193.17,4.49
S010,2025-02-26,2025,219.71,481.63,5.37
S011,2025-02-26,2025,921.06,877.55,2.99
S012,2025-02-26,2025,70.68,177.25,1.58
S013,2025-02-26,2025,50.79,65.13,5.95
S014,2025-02-26,2025,212.58,538.72,5.62
S015,2025-02-26,2025,643.88,667.14,1.89
S016,2025-02-26,2025,54.65,87.31,4.18
S017,2025-02-26,2025,47.74,76.33,3.06
S018,2025-02-26,2025,132.05,270.12,4.60
S019,2025-02-26,2025,1064.50,815.65,6.31
S020,2025-02-26,2025,64.60,149.07,2.29
S021,2025-02-26,2025,118.14,180.22,3.30
S022,2025-02-26,2025,128.25,264.99,4.69
S023,2025-02-26,2025,643.70,679.28,3.02
S024,2025-02-26,2025,39.03,63.72,7.11
S025,2025-02-26,2025,176.96,308.10,1.46
S026,2025-02-26,2025,77.56,209.19,4.51
S027,2025-02-26,2025,828.56,627.72,6.78
S028,2025-02-26,2025,0.00,0.00,2.98
S029,2025-02-26,2025,0.00,0.00,3.71
S030,2025-02-26,2025,0.00,0.00,5.22
S001,2025-02-27,2025,165.56,249.28,3.34
S002,2025-02-27,2025,102.83,246.11,4.10
S003,2025-02-27,2025,1014.55,720.55,6.96
S004,2025-02-27,2025,166.09,322.78,5.08
S005,2025-02-27,2025,140.84,210.91,5.35
S006,2025-02-27,2025,155.67,370.13,4.55
S007,2025-02-27,2025,760.67,830.77,2.37
S008,2025-02-27,2025,28.62,61.43,4.43
S009,2025-02-27,2025,123.58,195.64,2.86
S010,2025-02-27,2025,247.16,683.62,2.27
S011,2025-02-27,2025,825.74,799.36,4.04
S012,2025-02-27,2025,77.91,166.50,1.73
S013,2025-02-27,2025,51.05,77.47,5.50
S014,2025-02-27,2025,228.73,644.33,2.69
S015,2025-02-27,2025,643.38,500.97,5.58
S016,2025-02-27,2025,51.22,95.83,4.73
S017,2025-02-27,2025,51.45,73.88,2.49
S018,2025-02-27,2025,116.55,287.03,5.56
S019,2025-02-27,2025,1066.25,1136.29,2.29
S020,2025-02-27,2025,75.37,117.68,5.23
S021,2025-02-27,2025,131.75,218.47,2.02
S022,2025-02-27,2025,103.11,276.29,5.07
S023,2025-02-27,2025,646.09,519.68,6.81
S024,2025-02-27,2025,43.14,67.26,4.55
S025,2025-02-27,2025,182.31,274.92,4.05
S026,2025-02-27,2025,85.56,214.07,4.00
S027,2025-02-27,2025,753.20,736.19,5.17
S028,2025-02-27,2025,0.00,0.00,6.69
S029,2025-02-27,2025,0.00,0.00,2.28
S030,2025-02-27,2025,0.00,0.00,2.79
S001,2025-02-28,2025,181.28,314.81,2.01
S002,2025-02-28,2025,97.01,309.05,2.78
S003,2025-02-28,2025,992.50,626.30,7.48
S004,2025-02-28,2025,164.30,271.25,7.30
S005,2025-02-28,2025,163.36,181.19,5.57
S006,2025-02-28,2025,162.20,351.21,4.19
S007,2025-02-28,2025,847.11,713.41,3.92
S008,2025-02-28,2025,32.11,52.75,4.11
S009,2025-02-28,2025,132.05,219.01,2.26
S010,2025-02-28,2025,229.77,475.12,6.10
S011,2025-02-28,2025,833.46,839.05,2.94
S012,2025-02-28,2025,69.82,122.40,5.32
S013,2025-02-28,2025,56.41,63.15,7.42
S014,2025-02-28,2025,229.24,499.27,6.19
S015,2025-02-28,2025,646.76,708.03,2.66
S016,2025-02-28,2025,47.62,97.43,2.54
S017,2025-02-28,2025,53.36,69.57,5.01
S018,2025-02-28,2025,116.12,297.67,2.53
S019,2025-02-28,2025,968.76,1088.57,2.27
S020,2025-02-28,2025,76.25,150.21,3.01
S021,2025-02-28,2025,130.08,151.41,5.74
S022,2025-02-28,2025,103.61,192.23,7.31
S023,2025-02-28,2025,605.12,459.13,6.96
S024,2025-02-28,2025,38.76,65.21,6.56
S025,2025-02-28,2025,164.10,219.08,6.08
S026,2025-02-28,2025,95.57,201.99,3.22
S027,2025-02-28,2025,760.86,748.41,4.82
S028,2025-02-28,2025,0.00,0.00,7.35
S029,2025-02-28,2025,0.00,0.00,5.36
S030,2025-02-28,2025,0.00,0.00,2.66
S001,2025-03-01,2025,98.31,140.34,6.18
S002,2025-03-01,2025,60.60,194.32,2.19
S003,2025-03-01,2025,646.86,394.87,7.08
S004,2025-03-01,2025,105.25,177.19,5.55
S005,2025-03-01,2025,92.22,151.40,2.49
S006,2025-03-01,2025,98.76,263.53,2.32
S007,2025-03-01,2025,470.76,448.71,3.02
S008,2025-03-01,2025,19.34,28.22,6.92
S009,2025-03-01,2025,76.11,82.05,7.26
S010,2025-03-01,2025,145.88,290.34,7.16
S011,2025-03-01,2025,522.25,384.55,7.46
S012,2025-03-01,2025,51.22,84.98,3.33
S013,2025-03-01,2025,33.28,48.75,4.27
S014,2025-03-01,2025,136.01,353.15,3.29
S015,2025-03-01,2025,431.43,302.27,7.00
S016,2025-03-01,2025,29.64,50.32,6.15
S017,2025-03-01,2025,28.37,31.50,7.44
S018,2025-03-01,2025,74.43,190.33,3.97
S019,2025-03-01,2025,724.10,440.70,7.30
S020,2025-03-01,2025,44.07,61.64,7.11
S021,2025-03-01,2025,77.21,105.71,5.14
S022,2025-03-01,2025,64.80,132.28,6.99
S023,2025-03-01,2025,374.00,427.37,2.31
S024,2025-03-01,2025,22.14,49.35,2.06
S025,2025-03-01,2025,105.22,139.36,6.18
S026,2025-03-01,2025,46.69,138.96,3.48
S027,2025-03-01,2025,517.59,403.55,5.52
S028,2025-03-01,2025,0.00,0.00,2.42
S029,2025-03-01,2025,0.00,0.00,4.18
S030,2025-03-01,2025,0.00,0.00,2.19
S001,2025-03-02,2025,89.71,115.16,7.80
S002,2025-03-02,2025,66.76,162.36,5.19
S003,2025-03-02,2025,604.41,440.53,6.56
S004,2025-03-02,2025,127.52,220.89,2.97
S005,2025-03-02,2025,93.24,147.80,2.06
S006,2025-03-02,2025,102.72,175.79,5.85
S007,2025-03-02,2025,527.43,540.41,1.98
S008,2025-03-02,2025,20.16,34.00,5.03
S009,2025-03-02,2025,77.01,95.04,6.07
S010,2025-03-02,2025,160.97,372.47,3.33
S011,2025-03-02,2025,510.63,372.36,7.52
S012,2025-03-02,2025,42.22,79.03,4.98
S013,2025-03-02,2025,36.92,41.77,6.60
S014,2025-03-02,2025,147.34,374.88,4.17
S015,2025-03-02,2025,385.78,380.56,2.54
S016,2025-03-02,2025,31.57,59.44,4.41
S017,2025-03-02,2025,26.59,46.37,3.46
S018,2025-03-02,2025,69.24,186.96,4.71
S019,2025-03-02,2025,609.98,549.30,6.31
S020,2025-03-02,2025,48.89,85.87,3.78
S021,2025-03-02,2025,75.57,87.62,7.14
S022,2025-03-02,2025,76.43,169.40,3.10
S023,2025-03-02,2025,434.20,380.74,4.36
S024,2025-03-02,2025,23.88,40.63,6.88
S025,2025-03-02,2025,109.44,143.01,6.53
S026,2025-03-02,2025,52.98,122.48,5.18
S027,2025-03-02,2025,544.72,353.85,7.41
S028,2025-03-02,2025,0.00,0.00,6.09
S029,2025-03-02,2025,0.00,0.00,2.37
S030,2025-03-02,2025,0.00,0.00,1.94
S001,2025-03-03,2025,148.98,280.30,2.93
S002,2025-03-03,2025,98.74,220.70,5.00
S003,2025-03-03,2025,989.44,875.39,4.05
S004,2025-03-03,2025,199.83,326.84,4.90
S005,2025-03-03,2025,142.30,209.61,4.88
S006,2025-03-03,2025,157.96,372.89,3.81
S007,2025-03-03,2025,873.37,820.42,3.30
S008,2025-03-03,2025,34.85,62.87,4.38
S009,2025-03-03,2025,125.61,139.41,7.63
S010,2025-03-03,2025,256.62,612.12,3.37
S011,2025-03-03,2025,768.04,765.24,3.34
S012,2025-03-03,2025,72.05,139.02,2.60
S013,2025-03-03,2025,54.18,98.06,2.57
S014,2025-03-03,2025,214.46,531.33,4.59
S015,2025-03-03,2025,731.04,588.54,5.16
S016,2025-03-03,2025,44.94,80.32,4.61
S017,2025-03-03,2025,46.63,83.78,2.42
S018,2025-03-03,2025,127.16,302.94,2.97
S019,2025-03-03,2025,invalid,1148.91,2.23
S020,2025-03-03,2025,76.86,89.11,7.97
S021,2025-03-03,2025,108.57,186.00,3.36
S022,2025-03-03,2025,117.61,230.32,7.24
S023,2025-03-03,2025,635.98,592.14,3.24
S024,2025-03-03,2025,42.55,57.57,7.66
S025,2025-03-03,2025,196.54,319.73,2.77
S026,2025-03-03,2025,87.04,193.95,5.24
S027,2025-03-03,2025,885.01,626.72,6.71
S028,2025-03-03,2025,0.00,0.00,6.14
S029,2025-03-03,2025,0.00,0.00,2.67
S030,2025-03-03,2025,0.00,0.00,5.01
S001,2025-03-04,2025,144.89,170.97,7.54
S002,2025-03-04,2025,97.50,259.78,4.32
S003,2025-03-04,2025,1002.25,687.05,6.09
S004,2025-03-04,2025,176.66,376.49,3.84
S005,2025-03-04,2025,160.53,186.98,5.89
S006,2025-03-04,2025,142.73,378.80,3.99
S007,2025-03-04,2025,758.03,657.11,6.37
S008,2025-03-04,2025,34.53,50.86,5.73
S009,2025-03-04,2025,111.43,169.10,4.61
S010,2025-03-04,2025,225.28,572.97,4.65
S011,2025-03-04,2025,947.20,825.97,2.39
S012,2025-03-04,2025,74.92,154.09,2.72
S013,2025-03-04,2025,48.08,76.49,5.02
S014,2025-03-04,2025,260.63,443.40,6.34
S015,2025-03-04,2025,704.37,411.48,7.49
S016,2025-03-04,2025,48.78,95.61,2.28
S017,2025-03-04,2025,52.31,67.62,4.13
S018,2025-03-04,2025,113.68,369.40,2.23
S019,2025-03-04,2025,1034.51,780.57,6.42
S020,2025-03-04,2025,66.98,96.53,7.86
S021,2025-03-04,2025,110.56,176.19,3.50
S022,2025-03-04,2025,104.68,260.98,5.93
S023,2025-03-04,2025,685.78,442.49,7.55
S024,2025-03-04,2025,36.53,58.61,6.84
S025,2025-03-04,2025,158.39,270.02,3.83
S026,2025-03-04,2025,77.02,153.72,7.60
S027,2025-03-04,2025,923.04,751.70,3.84
S028,2025-03-04,2025,0.00,0.00,4.50
S029,2025-03-04,2025,0.00,0.00,5.48
S030,2025-03-04,2025,0.00,0.00,3.85
S001,2025-03-05,2025,179.72,251.60,4.57
S002,2025-03-05,2025,112.86,194.52,7.34
S003,2025-03-05,2025,1000.18,816.09,5.34
S004,2025-03-05,2025,208.14,389.52,2.75
S005,2025-03-05,2025,149.20,170.49,6.40
S006,2025-03-05,2025,154.57,386.90,2.47
S007,2025-03-05,2025,749.55,707.16,3.87
S008,2025-03-05,2025,27.89,57.03,4.57
S009,2025-03-05,2025,125.74,162.83,6.85
S010,2025-03-05,2025,221.80,389.00,7.77
S011,2025-03-05,2025,893.08,750.02,5.23
S012,2025-03-05,2025,81.87,108.51,6.68
S013,2025-03-05,2025,53.91,77.73,4.46
S014,2025-03-05,2025,211.52,604.85,3.36
S015,2025-03-05,2025,723.74,530.78,5.44
S016,2025-03-05,2025,48.92,97.97,4.47
S017,2025-03-05,2025,53.02,52.40,8.21
S018,2025-03-05,2025,122.85,276.21,5.69
S019,2025-03-05,2025,1084.15,706.69,7.24
S020,2025-03-05,2025,63.56,139.23,4.32
S021,2025-03-05,2025,128.08,145.96,6.58
S022,2025-03-05,2025,110.31,239.79,4.73
S023,2025-03-05,2025,645.79,458.29,8.15
S024,2025-03-05,2025,39.95,71.72,3.29
S025,2025-03-05,2025,190.74,223.34,5.46
S026,2025-03-05,2025,87.01,200.92,3.40
S027,2025-03-05,2025,859.25,738.56,3.34
S028,2025-03-05,2025,0.00,0.00,5.17
S029,2025-03-05,2025,0.00,0.00,6.62
S030,2025-03-05,2025,0.00,0.00,6.76
S001,2025-03-06,2025,148.89,258.14,3.54
S002,2025-03-06,2025,119.91,289.83,3.19
S003,2025-03-06,2025,976.93,637.46,6.38
S004,2025-03-06,2025,199.76,352.36,2.74
S005,2025-03-06,2025,148.14,183.21,6.68
S006,2025-03-06,2025,138.01,345.60,4.45
S007,2025-03-06,2025,855.28,623.95,6.80
S008,2025-03-06,2025,35.19,52.33,6.12
S009,2025-03-06,2025,115.98,192.38,2.54
S010,2025-03-06,2025,215.33,452.68,5.55
S011,2025-03-06,2025,940.20,743.16,4.01
S012,2025-03-06,2025,78.73,150.45,3.39
S013,2025-03-06,2025,50.81,74.11,4.33
S014,2025-03-06,2025,254.89,362.40,8.23
S015,2025-03-06,2025,691.37,582.81,5.41
S016,2025-03-06,2025,51.05,66.61,7.35
S017,2025-03-06,2025,52.03,62.78,5.97
S018,2025-03-06,2025,124.19,230.66,6.62
S019,2025-03-06,2025,1031.66,930.48,5.08
S020,2025-03-06,2025,71.55,97.71,6.64
S021,2025-03-06,2025,110.73,129.42,8.31
S022,2025-03-06,2025,110.98,323.40,3.12
S023,2025-03-06,2025,752.48,581.24,2.96
S024,2025-03-06,2025,41.93,67.76,5.66
S025,2025-03-06,2025,172.70,291.15,3.10
S026,2025-03-06,2025,92.42,153.68,7.66
S027,2025-03-06,2025,911.65,784.71,2.42
S028,2025-03-06,2025,0.00,0.00,3.96
S029,2025-03-06,2025,0.00,0.00,6.68
S030,2025-03-06,2025,invalid,0.00,3.29
S001,2025-03-07,2025,150.20,296.95,2.62
S002,2025-03-07,2025,103.11,188.67,7.46
S003,2025-03-07,2025,943.63,639.12,6.94
S004,2025-03-07,2025,164.67,374.16,2.56
S005,2025-03-07,2025,149.40,220.49,4.62
S006,2025-03-07,2025,159.88,343.43,5.02
S007,2025-03-07,2025,900.07,534.75,7.76
S008,2025-03-07,2025,31.19,44.64,7.50
S009,2025-03-07,2025,135.71,133.68,7.14
S010,2025-03-07,2025,249.88,451.53,5.72
S011,2025-03-07,2025,769.97,828.26,4.11
S012,2025-03-07,2025,65.62,156.20,3.05
S013,2025-03-07,2025,55.09,76.45,5.09
S014,2025-03-07,2025,244.02,503.50,4.72
S015,2025-03-07,2025,652.65,595.70,4.41
S016,2025-03-07,2025,54.45,81.49,6.74
S017,2025-03-07,2025,47.57,80.41,3.91
S018,2025-03-07,2025,120.08,331.33,2.58
S019,2025-03-07,2025,1215.34,946.57,4.28
S020,2025-03-07,2025,72.96,95.22,7.18
S021,2025-03-07,2025,137.44,163.59,6.28
S022,2025-03-07,2025,119.87,230.37,7.10
S023,2025-03-07,2025,704.45,474.64,7.53
S024,2025-03-07,2025,41.65,72.66,5.02
S025,2025-03-07,2025,180.12,212.73,7.94
S026,2025-03-07,2025,92.76,133.29,8.25
S027,2025-03-07,2025,750.48,661.27,4.79
S028,2025-03-07,2025,0.00,0.00,3.84
S029,2025-03-07,2025,0.00,0.00,6.48
S030,2025-03-07,2025,0.00,0.00,7.61
S001,2025-03-08,2025,90.07,127.53,7.14
S002,2025-03-08,2025,invalid,183.41,3.21
S003,2025-03-08,2025,611.02,323.47,8.38
S004,2025-03-08,2025,127.02,178.91,6.11
S005,2025-03-08,2025,99.28,137.25,2.92
S006,2025-03-08,2025,96.36,205.28,5.63
S007,2025-03-08,2025,498.64,356.17,7.63
S008,2025-03-08,2025,20.58,30.89,6.66
S009,2025-03-08,2025,75.91,106.17,6.08
S010,2025-03-08,2025,159.81,316.17,5.94
S011,2025-03-08,2025,577.15,506.40,4.08
S012,2025-03-08,2025,44.41,68.36,5.76
S013,2025-03-08,2025,30.29,36.42,7.50
S014,2025-03-08,2025,150.86,282.36,5.86
S015,2025-03-08,2025,438.24,360.94,4.19
S016,2025-03-08,2025,32.00,35.45,8.49
S017,2025-03-08,2025,32.35,35.25,7.37
S018,2025-03-08,2025,78.59,147.70,7.71
S019,2025-03-08,2025,677.52,503.17,6.39
S020,2025-03-08,2025,38.69,82.75,3.65
S021,2025-03-08,2025,76.85,97.78,6.43
S022,2025-03-08,2025,70.20,127.58,7.84
S023,2025-03-08,2025,382.73,285.41,7.08
S024,2025-03-08,2025,25.50,34.74,6.65
S025,2025-03-08,2025,98.32,131.74,6.80
S026,2025-03-08,2025,56.45,88.80,7.94
S027,2025-03-08,2025,520.86,408.50,5.38
S028,2025-03-08,2025,0.00,0.00,6.22
S029,2025-03-08,2025,0.00,0.00,6.70
S030,2025-03-08,2025,0.00,0.00,7.71
S001,2025-03-09,2025,89.96,108.05,8.19
S002,2025-03-09,2025,65.19,139.39,6.33
S003,2025-03-09,2025,547.17,492.46,4.85
S004,2025-03-09,2025,122.32,156.05,7.13
S005,2025-03-09,2025,83.87,144.56,3.57
S006,2025-03-09,2025,95.09,238.55,3.87
S007,2025-03-09,2025,526.92,461.04,3.69
S008,2025-03-09,2025,18.72,43.33,2.88
S009,2025-03-09,2025,73.86,93.70,6.60
S010,2025-03-09,2025,133.11,277.65,6.34
S011,2025-03-09,2025,503.19,462.92,3.41
S012,2025-03-09,2025,50.50,82.79,3.59
S013,2025-03-09,2025,30.72,45.40,4.42
S014,2025-03-09,2025,162.04,314.68,6.62
S015,2025-03-09,2025,442.91,295.13,5.55
S016,2025-03-09,2025,29.26,42.36,7.29
S017,2025-03-09,2025,30.65,40.40,5.99
S018,2025-03-09,2025,75.61,197.73,3.06
S019,2025-03-09,2025,618.86,486.77,7.07
S020,2025-03-09,2025,40.57,79.18,4.33
S021,2025-03-09,2025,74.88,88.05,7.34
S022,2025-03-09,2025,75.89,133.12,6.85
S023,2025-03-09,2025,450.03,383.25,3.53
S024,2025-03-09,2025,26.09,30.02,8.06
S025,2025-03-09,2025,116.34,155.09,4.76
S026,2025-03-09,2025,53.75,134.52,4.42
S027,2025-03-09,2025,564.49,415.87,4.28
S028,2025-03-09,2025,0.00,0.00,8.00
S029,2025-03-09,2025,0.00,0.00,3.87
S030,2025-03-09,2025,0.00,0.00,5.47
S001,2025-03-10,2025,157.26,271.19,3.99
S002,2025-03-10,2025,114.18,192.79,6.75
S003,2025-03-10,2025,931.63,734.29,4.76
S004,2025-03-10,2025,203.08,323.27,4.25
S005,2025-03-10,2025,146.90,161.93,7.02
S006,2025-03-10,2025,145.52,350.41,4.86
S007,2025-03-10,2025,896.96,614.91,5.04
S008,2025-03-10,2025,35.27,50.54,4.98
S009,2025-03-10,2025,115.71,145.05,6.50
S010,2025-03-10,2025,246.03,429.58,6.18
S011,2025-03-10,2025,955.61,839.55,3.63
S012,2025-03-10,2025,77.29,153.28,2.98
S013,2025-03-10,2025,47.94,83.89,4.53
S014,2025-03-10,2025,218.76,552.02,3.31
S015,2025-03-10,2025,654.29,566.91,5.74
S016,2025-03-10,2025,51.48,83.38,6.46
S017,2025-03-10,2025,42.62,75.29,2.91
S018,2025-03-10,2025,139.17,287.59,3.99
S019,2025-03-10,2025,968.95,733.67,7.30
S020,2025-03-10,2025,76.20,122.44,5.60
S021,2025-03-10,2025,124.17,195.03,4.36
S022,2025-03-10,2025,127.03,279.00,3.87
S023,2025-03-10,2025,761.03,454.79,7.62
S024,2025-03-10,2025,37.11,74.26,3.93
S025,2025-03-10,2025,187.67,217.24,6.23
S026,2025-03-10,2025,77.11,146.25,8.17
S027,2025-03-10,2025,879.33,771.05,4.60
S028,2025-03-10,2025,0.00,0.00,3.88
S029,2025-03-10,2025,0.00,0.00,5.10
S030,2025-03-10,2025,0.00,0.00,7.30
S001,2025-03-11,2025,162.24,270.86,4.15
S002,2025-03-11,2025,97.99,225.36,5.26
,,,,,
S004,2025-03-11,2025,189.41,371.14,3.16
S005,2025-03-11,2025,146.70,165.31,6.60
S006,2025-03-11,2025,151.51,238.42,8.35
S007,2025-03-11,2025,720.85,530.41,8.33
S008,2025-03-11,2025,31.18,38.83,8.19
S009,2025-03-11,2025,126.05,122.17,7.96
S010,2025-03-11,2025,230.03,421.41,6.60
S011,2025-03-11,2025,858.98,527.91,8.69
S012,2025-03-11,2025,82.64,104.75,6.64
S013,2025-03-11,2025,54.07,85.65,3.67
S014,2025-03-11,2025,250.29,498.05,5.87
S015,2025-03-11,2025,739.14,606.70,4.70
S016,2025-03-11,2025,52.96,82.86,6.03
S017,2025-03-11,2025,53.17,79.55,3.30
S018,2025-03-11,2025,132.30,268.51,4.14
S019,2025-03-11,2025,1096.00,857.40,4.34
S020,2025-03-11,2025,76.23,94.56,8.06
S021,2025-03-11,2025,136.27,146.88,6.79
S022,2025-03-11,2025,121.57,248.25,4.89
S023,2025-03-11,2025,708.18,446.64,6.85
S024,2025-03-11,2025,43.02,59.91,7.77
S025,2025-03-11,2025,167.64,206.51,7.60
S026,2025-03-11,2025,93.18,127.41,8.65
S027,2025-03-11,2025,753.36,839.39,3.20
S028,2025-03-11,2025,0.00,0.00,3.18
S029,2025-03-11,2025,0.00,0.00,3.24
S030,2025-03-11,2025,0.00,0.00,7.65
S001,2025-03-12,2025,166.38,196.36,7.80
S002,2025-03-12,2025,117.89,232.85,4.32
S003,2025-03-12,2025,1053.65,757.56,5.69
S004,2025-03-12,2025,189.04,357.93,4.18
S005,2025-03-12,2025,148.24,191.46,6.93
S006,2025-03-12,2025,155.23,231.18,8.41
S007,2025-03-12,2025,25858.82,9666.03,3.68
S008,2025-03-12,2025,33.13,38.39,8.20
S009,2025-03-12,2025,136.64,140.28,6.61
S010,2025-03-12,2025,214.17,515.02,5.57
S011,2025-03-12,2025,926.69,628.91,6.09
S012,2025-03-12,2025,79.54,136.63,3.21
S013,2025-03-12,2025,55.17,82.02,3.40
S014,2025-03-12,2025,243.07,338.08,9.06
S015,2025-03-12,2025,600.02,347.48,8.94
S016,2025-03-12,2025,48.44,80.68,4.89
S017,2025-03-12,2025,43.93,56.06,7.60
S018,2025-03-12,2025,133.13,275.98,4.20
S019,2025-03-12,2025,1083.87,908.84,5.42
S020,2025-03-12,2025,77.96,123.63,5.30
S021,2025-03-12,2025,112.60,157.68,7.15
S022,2025-03-12,2025,112.27,221.39,7.03
S023,2025-03-12,2025,641.75,378.85,8.81
S024,2025-03-12,2025,40.08,71.34,4.73
S025,2025-03-12,2025,163.69,211.45,7.42
S026,2025-03-12,2025,86.18,126.36,9.14
S027,2025-03-12,2025,912.34,833.03,3.79
S028,2025-03-12,2025,0.00,0.00,6.35
S029,2025-03-12,2025,0.00,0.00,7.05
S030,2025-03-12,2025,0.00,0.00,8.43
S001,2025-03-13,2025,166.10,190.84,7.42
S002,2025-03-13,2025,115.39,230.41,4.50
S003,2025-03-13,2025,967.50,519.89,8.87
S004,2025-03-13,2025,203.23,354.72,3.97
S005,2025-03-13,2025,158.69,138.47,8.68
S006,2025-03-13,2025,156.35,330.41,5.98
S007,2025-03-13,2025,897.32,500.45,8.69
S008,2025-03-13,2025,33.28,38.21,8.38
S009,2025-03-13,2025,135.87,199.94,4.14
S010,2025-03-13,2025,210.36,556.11,4.37
S011,2025-03-13,2025,797.58,472.98,8.53
S012,2025-03-13,2025,82.09,105.39,8.00
S013,2025-03-13,2025,52.81,79.57,4.02
S014,2025-03-13,2025,240.09,481.91,5.91
S015,2025-03-13,2025,647.56,412.89,8.18
S016,2025-03-13,2025,53.17,69.35,6.95
S017,2025-03-13,2025,50.89,55.76,6.94
S018,2025-03-13,2025,111.39,273.82,3.98
S019,2025-03-13,2025,1136.30,738.52,7.10
S020,2025-03-13,2025,77.84,85.97,8.18
S021,2025-03-13,2025,114.56,189.58,4.17
S022,2025-03-13,2025,116.84,311.34,3.70
S023,2025-03-13,2025,686.00,436.09,8.00
S024,2025-03-13,2025,40.54,75.31,4.36
S025,2025-03-13,2025,167.92,257.58,5.15
S026,2025-03-13,2025,77.35,194.90,5.54
S027,2025-03-13,2025,864.13,603.12,7.36
S028,2025-03-13,2025,0.00,0.00,9.10
S029,2025-03-13,2025,0.00,0.00,9.10
S030,2025-03-13,2025,0.00,0.00,9.19
S001,2025-03-14,2025,158.00,212.38,5.24
S002,2025-03-14,2025,102.95,228.07,6.39
S003,2025-03-14,2025,848.29,730.48,6.52
S004,2025-03-14,2025,167.48,384.78,3.69
S005,2025-03-14,2025,148.18,196.54,6.66
S006,2025-03-14,2025,149.85,248.02,8.16
S007,2025-03-14,2025,906.41,797.25,3.77
S008,2025-03-14,2025,28.74,39.36,8.05
S009,2025-03-14,2025,117.60,180.24,4.75
S010,2025-03-14,2025,237.91,494.50,5.19
S011,2025-03-14,2025,779.75,727.59,4.78
S012,2025-03-14,2025,71.03,113.31,7.47
S013,2025-03-14,2025,55.60,67.79,6.44
S014,2025-03-14,2025,233.22,564.57,4.12
S015,2025-03-14,2025,595.99,623.67,4.23
S016,2025-03-14,2025,44.28,94.81,3.91
S017,2025-03-14,2025,53.56,77.41,3.67
S018,2025-03-14,2025,131.57,287.21,4.08
S019,2025-03-14,2025,1180.15,677.34,8.16
S020,2025-03-14,2025,71.71,84.66,8.35
S021,2025-03-14,2025,117.47,173.20,3.82
S022,2025-03-14,2025,111.21,297.31,3.88
S023,2025-03-14,2025,687.36,607.85,3.97
S024,2025-03-14,2025,44.54,57.02,6.97
S025,2025-03-14,2025,177.26,199.56,7.65
S026,2025-03-14,2025,93.76,186.45,3.93
S027,2025-03-14,2025,760.98,587.32,7.43
S028,2025-03-14,2025,0.00,0.00,5.55
S029,2025-03-14,2025,0.00,0.00,6.47
S030,2025-03-14,2025,0.00,0.00,5.63
S001,2025-03-15,2025,109.33,104.85,8.49
S002,2025-03-15,2025,68.99,139.87,6.07
S003,2025-03-15,2025,657.59,555.48,3.73
S004,2025-03-15,2025,103.56,228.32,4.16
S005,2025-03-15,2025,83.96,115.03,6.96
S006,2025-03-15,2025,102.73,200.14,6.19
S007,2025-03-15,2025,502.32,337.13,7.25
S008,2025-03-15,2025,20.60,29.16,6.23
S009,2025-03-15,2025,71.43,71.69,8.59
S010,2025-03-15,2025,149.57,272.90,7.24
S011,2025-03-15,2025,506.61,301.41,8.87
S012,2025-03-15,2025,51.18,71.22,6.66
S013,2025-03-15,2025,30.90,50.75,3.60
S014,2025-03-15,2025,152.12,322.59,5.81
S015,2025-03-15,2025,398.82,206.36,9.53
S016,2025-03-15,2025,31.56,55.23,5.41
S017,2025-03-15,2025,27.42,34.84,6.78
S018,2025-03-15,2025,73.38,128.52,7.57
S019,2025-03-15,2025,669.63,416.27,8.83
S020,2025-03-15,2025,45.21,68.33,7.20
S021,2025-03-15,2025,79.62,80.21,9.22
S022,2025-03-15,2025,78.47,160.32,4.10
S023,2025-03-15,2025,434.14,297.65,7.23
S024,2025-03-15,2025,25.80,41.25,6.57
S025,2025-03-15,2025,108.79,127.68,6.19
S026,2025-03-15,2025,55.78,75.16,8.90
S027,2025-03-15,2025,492.98,360.71,6.87
S028,2025-03-15,2025,84.97,101.07,8.73
S029,2025-03-15,2025,0.00,0.00,8.31
S030,2025-03-15,2025,0.00,0.00,3.90
S001,2025-03-16,2025,109.85,148.54,4.53
S002,2025-03-16,2025,68.60,117.03,8.81
S003,2025-03-16,2025,525.68,386.63,7.36
S004,2025-03-16,2025,122.71,186.87,6.54
S005,2025-03-16,2025,93.23,141.36,4.79
S006,2025-03-16,2025,88.35,183.70,5.57
S007,2025-03-16,2025,460.43,357.90,7.26
S008,2025-03-16,2025,17.74,27.51,7.05
S009,2025-03-16,2025,68.37,101.15,6.27
S010,2025-03-16,2025,138.68,223.83,9.53
S011,2025-03-16,2025,496.50,394.93,6.13
S012,2025-03-16,2025,45.86,75.67,4.45
S013,2025-03-16,2025,30.45,35.61,8.78
S014,2025-03-16,2025,163.56,311.45,6.32
S015,2025-03-16,2025,378.64,286.93,7.25
S016,2025-03-16,2025,28.52,40.10,8.08
S017,2025-03-16,2025,31.44,34.43,8.10
S018,2025-03-16,2025,70.25,125.23,8.33
S019,2025-03-16,2025,746.16,345.40,9.50
S020,2025-03-16,2025,48.08,61.79,8.30
S021,2025-03-16,2025,81.33,95.08,6.23
S022,2025-03-16,2025,69.67,127.50,7.23
S023,2025-03-16,2025,449.18,278.54,7.11
S024,2025-03-16,2025,24.58,27.10,9.14
S025,2025-03-16,2025,106.79,152.00,5.72
S026,2025-03-16,2025,52.21,71.43,9.70
S027,2025-03-16,2025,572.58,467.27,5.17
S028,2025-03-16,2025,78.60,120.37,7.43
S029,2025-03-16,2025,0.00,0.00,8.08
S030,2025-03-16,2025,0.00,0.00,7.94
S001,2025-03-17,2025,162.53,178.82,8.31
S002,2025-03-17,2025,96.65,187.38,8.39
S003,2025-03-17,2025,1005.38,613.21,7.63
S004,2025-03-17,2025,180.48,310.61,5.94
S005,2025-03-17,2025,132.50,141.63,8.22
S006,2025-03-17,2025,161.65,206.31,9.37
S007,2025-03-17,2025,812.20,422.25,9.83
S008,2025-03-17,2025,33.99,37.03,9.34
S009,2025-03-17,2025,135.89,115.43,8.59
S010,2025-03-17,2025,241.84,459.83,5.51
S011,2025-03-17,2025,888.10,533.35,7.79
S012,2025-03-17,2025,69.44,106.19,7.28
S013,2025-03-17,2025,56.91,50.72,8.81
S014,2025-03-17,2025,249.35,487.37,6.22
S015,2025-03-17,2025,629.64,530.53,5.33
S016,2025-03-17,2025,46.70,66.46,6.88
S017,2025-03-17,2025,50.30,45.16,9.60
S018,2025-03-17,2025,125.45,302.61,4.93
S019,2025-03-17,2025,1089.02,581.13,9.01
S020,2025-03-17,2025,69.85,84.10,9.01
S021,2025-03-17,2025,121.64,171.73,5.99
S022,2025-03-17,2025,128.60,262.20,5.41
S023,2025-03-17,2025,754.89,601.89,3.89
S024,2025-03-17,2025,39.29,62.16,7.00
S025,2025-03-17,2025,171.75,288.56,4.31
S026,2025-03-17,2025,83.76,155.60,7.30
S027,2025-03-17,2025,786.80,769.13,4.27
S028,2025-03-17,2025,120.13,247.78,4.00
S029,2025-03-17,2025,0.00,0.00,8.95
S030,2025-03-17,2025,0.00,0.00,4.90
S001,2025-03-18,2025,164.22,239.09,4.55
S002,2025-03-18,2025,117.99,200.56,6.30
S003,2025-03-18,2025,1035.11,770.42,5.29
S004,2025-03-18,2025,181.56,267.91,8.02
S005,2025-03-18,2025,136.01,181.15,6.60
S006,2025-03-18,2025,131.87,204.25,9.47
S007,2025-03-18,2025,834.25,647.12,5.79
S008,2025-03-18,2025,33.44,56.75,5.66
S009,2025-03-18,2025,109.23,114.71,9.83
S010,2025-03-18,2025,243.78,504.53,6.30
S011,2025-03-18,2025,816.88,526.42,7.47
S012,2025-03-18,2025,73.39,113.01,6.33
S013,2025-03-18,2025,48.51,69.35,6.89
S014,2025-03-18,2025,220.40,413.93,8.50
S015,2025-03-18,2025,710.68,396.08,7.76
S016,2025-03-18,2025,48.42,74.82,6.12
S017,2025-03-18,2025,45.86,57.56,7.38
S018,2025-03-18,2025,118.57,283.67,4.10
S019,2025-03-18,2025,1152.19,633.56,9.27
S020,2025-03-18,2025,66.93,79.46,9.13
S021,2025-03-18,2025,110.51,192.91,4.25
S022,2025-03-18,2025,104.28,292.67,4.40
S023,2025-03-18,2025,696.80,408.45,8.45
S024,2025-03-18,2025,42.93,70.81,4.97
S025,2025-03-18,2025,180.26,260.18,4.76
S026,2025-03-18,2025,86.08,108.71,9.87
S027,2025-03-18,2025,837.54,673.20,4.47
S028,2025-03-18,2025,113.33,149.90,8.42
S029,2025-03-18,2025,0.00,0.00,5.83
S030,2025-03-18,2025,0.00,0.00,7.35
S001,2025-03-19,2025,180.66,205.57,5.99
S002,2025-03-19,2025,96.85,208.95,6.97
S003,2025-03-19,2025,977.31,646.12,8.19
S004,2025-03-19,2025,170.67,281.84,5.44
S005,2025-03-19,2025,163.08,118.67,9.99
S006,2025-03-19,2025,165.24,292.00,7.01
S007,2025-03-19,2025,820.53,601.15,5.37
S008,2025-03-19,2025,29.04,47.29,6.33
S009,2025-03-19,2025,131.84,135.14,7.86
S010,2025-03-19,2025,235.25,461.65,5.46
S011,2025-03-19,2025,793.26,741.55,4.19
S012,2025-03-19,2025,79.52,83.44,9.68
S013,2025-03-19,2025,55.16,73.54,5.63
S014,2025-03-19,2025,240.29,375.64,8.51
S015,2025-03-19,2025,683.67,405.07,7.33
S016,2025-03-19,2025,45.67,53.83,9.63
S017,2025-03-19,2025,45.34,59.18,7.36
S018,2025-03-19,2025,119.62,277.38,5.19
S019,2025-03-19,2025,1183.68,604.50,9.64
S020,2025-03-19,2025,63.71,101.24,6.71
S021,2025-03-19,2025,125.76,114.22,9.88
S022,2025-03-19,2025,109.96,183.64,9.17
S023,2025-03-19,2025,692.82,418.29,8.41
S024,2025-03-19,2025,40.86,55.64,8.33
S025,2025-03-19,2025,168.62,222.44,5.23
S026,2025-03-19,2025,81.19,169.49,7.35
S027,2025-03-19,2025,935.60,725.93,4.89
S028,2025-03-19,2025,135.57,243.40,4.71
S029,2025-03-19,2025,0.00,0.00,9.90
S030,2025-03-19,2025,0.00,0.00,4.45
S001,2025-03-20,2025,166.01,202.11,7.23
S002,2025-03-20,2025,101.31,207.30,7.08
S003,2025-03-20,2025,997.23,722.47,6.32
S004,2025-03-20,2025,164.56,334.62,5.16
S005,2025-03-20,2025,149.01,147.82,8.51
S006,2025-03-20,2025,159.45,205.81,9.78
S007,2025-03-20,2025,736.64,637.07,4.40
S008,2025-03-20,2025,29.85,38.88,9.02
S009,2025-03-20,2025,125.48,181.15,5.51
S010,2025-03-20,2025,221.09,371.69,8.86
S011,2025-03-20,2025,777.57,452.46,9.55
S012,2025-03-20,2025,79.56,83.11,9.30
S013,2025-03-20,2025,51.74,71.95,6.07
S014,2025-03-20,2025,261.68,308.53,9.69
S015,2025-03-20,2025,734.12,442.69,7.90
S016,2025-03-20,2025,46.28,64.87,7.46
S017,2025-03-20,2025,53.10,53.83,7.43
S018,2025-03-20,2025,111.81,184.46,9.74
S019,2025-03-20,2025,1106.38,998.70,4.73
S020,2025-03-20,2025,69.23,94.83,7.63
S021,2025-03-20,2025,136.15,129.09,9.23
S022,2025-03-20,2025,122.18,188.45,7.69
S023,2025-03-20,2025,659.56,386.50,9.28
S024,2025-03-20,2025,41.88,65.63,5.10
S025,2025-03-20,2025,165.87,232.33,5.50
S026,2025-03-20,2025,91.33,106.71,10.06
S027,2025-03-20,2025,837.52,640.08,5.48
S028,2025-03-20,2025,invalid,142.15,9.60
S029,2025-03-20,2025,0.00,0.00,10.29
S030,2025-03-20,2025,0.00,0.00,4.74
S001,2025-03-21,2025,162.19,218.54,6.77
S002,2025-03-21,2025,108.92,203.63,7.35
S003,2025-03-21,2025,963.78,572.50,8.22
S004,2025-03-21,2025,201.32,290.37,7.25
S005,2025-03-21,2025,141.30,151.44,8.04
S006,2025-03-21,2025,153.82,288.44,7.25
S007,2025-03-21,2025,793.69,472.65,9.48
S008,2025-03-21,2025,34.66,49.14,5.85
S009,2025-03-21,2025,123.98,110.41,10.29
S010,2025-03-21,2025,225.45,390.39,8.95
S011,2025-03-21,2025,877.96,567.47,7.10
S012,2025-03-21,2025,75.91,117.17,6.55
S013,2025-03-21,2025,49.78,55.87,8.51
S014,2025-03-21,2025,227.87,351.31,9.72
S015,2025-03-21,2025,670.56,448.28,7.58
S016,2025-03-21,2025,43.91,80.65,6.27
S017,2025-03-21,2025,51.87,53.07,7.03
S018,2025-03-21,2025,125.88,218.59,8.48
S019,2025-03-21,2025,1195.96,920.24,5.73
S020,2025-03-21,2025,78.16,79.25,9.33
S021,2025-03-21,2025,125.46,113.17,8.99
S022,2025-03-21,2025,126.45,172.67,10.10
S023,2025-03-21,2025,698.05,391.88,8.50
S024,2025-03-21,2025,35.70,46.58,9.90
S025,2025-03-21,2025,187.96,188.59,7.64
S026,2025-03-21,2025,91.49,119.64,9.84
S027,2025-03-21,2025,887.67,463.48,9.33
S028,2025-03-21,2025,123.50,175.04,6.63
S029,2025-03-21,2025,0.00,0.00,5.92
S030,2025-03-21,2025,0.00,0.00,6.80
S001,2025-03-22,2025,113.93,124.77,7.43
S002,2025-03-22,2025,63.83,90.95,9.87
S003,2025-03-22,2025,625.09,373.85,8.12
S004,2025-03-22,2025,118.89,200.22,5.68
S005,2025-03-22,2025,91.66,67.68,10.47
S006,2025-03-22,2025,96.85,227.20,4.80
S007,2025-03-22,2025,516.60,296.09,8.67
S008,2025-03-22,2025,20.48,20.50,10.20
S009,2025-03-22,2025,75.55,92.34,6.47
S010,2025-03-22,2025,134.38,182.39,10.35
S011,2025-03-22,2025,535.18,350.19,8.56
S012,2025-03-22,2025,47.09,60.77,7.33
S013,2025-03-22,2025,36.20,44.11,6.27
S014,2025-03-22,2025,162.59,336.93,5.07
S015,2025-03-22,2025,409.40,179.74,10.50
S016,2025-03-22,2025,30.68,33.82,9.08
S017,2025-03-22,2025,31.85,30.94,8.25
S018,2025-03-22,2025,85.55,166.74,6.46
S019,2025-03-22,2025,673.00,327.20,10.15
S020,2025-03-22,2025,41.77,74.13,5.59
S021,2025-03-22,2025,77.41,59.93,10.53
S022,2025-03-22,2025,78.19,107.10,9.18
S023,2025-03-22,2025,468.71,279.42,8.35
S024,2025-03-22,2025,27.27,27.39,9.40
S025,2025-03-22,2025,101.91,115.03,8.76
S026,2025-03-22,2025,56.55,78.49,8.59
S027,2025-03-22,2025,465.56,332.95,7.94
S028,2025-03-22,2025,72.01,102.62,7.11
S029,2025-03-22,2025,0.00,0.00,4.67
S030,2025-03-22,2025,0.00,0.00,10.15
S001,2025-03-23,2025,109.41,116.30,7.87
S002,2025-03-23,2025,74.04,79.72,10.56
S003,2025-03-23,2025,629.35,364.80,7.84
S004,2025-03-23,2025,120.40,171.80,7.74
S005,2025-03-23,2025,83.54,132.30,4.98
S006,2025-03-23,2025,93.00,123.99,9.81
S007,2025-03-23,2025,554.11,413.35,4.89
S008,2025-03-23,2025,21.53,24.03,9.31
S009,2025-03-23,2025,82.54,62.68,9.63
S010,2025-03-23,2025,156.48,276.87,7.60
S011,2025-03-23,2025,503.63,286.88,8.96
S012,2025-03-23,2025,42.27,65.53,6.52
S013,2025-03-23,2025,36.80,30.18,10.31
S014,2025-03-23,2025,164.82,248.86,8.56
S015,2025-03-23,2025,449.78,284.87,6.03
S016,2025-03-23,2025,28.25,54.67,5.70
S017,2025-03-23,2025,30.69,26.42,9.10
S018,2025-03-23,2025,80.42,152.92,5.91
S019,2025-03-23,2025,602.54,431.75,8.48
S020,2025-03-23,2025,39.59,55.12,8.50
S021,2025-03-23,2025,73.54,63.28,10.78
S022,2025-03-23,2025,77.62,141.65,5.32
S023,2025-03-23,2025,425.30,226.98,8.61
S024,2025-03-23,2025,27.42,31.26,7.73
S025,2025-03-23,2025,102.42,134.99,5.61
S026,2025-03-23,2025,58.46,72.89,9.49
S027,2025-03-23,2025,470.37,369.03,7.28
S028,2025-03-23,2025,85.41,136.54,5.19
S029,2025-03-23,2025,0.00,0.00,8.64
S030,2025-03-23,2025,0.00,0.00,8.48
S001,2025-03-24,2025,160.76,250.16,4.96
S002,2025-03-24,2025,116.30,172.53,8.24
S003,2025-03-24,2025,929.09,401.78,10.71
S004,2025-03-24,2025,177.33,257.78,7.94
S005,2025-03-24,2025,154.77,180.07,5.90
S006,2025-03-24,2025,132.51,269.23,6.37
S007,2025-03-24,2025,813.10,382.16,9.86
S008,2025-03-24,2025,34.24,45.75,6.27
S009,2025-03-24,2025,121.83,107.28,10.18
S010,2025-03-24,2025,257.51,437.29,7.76
S011,2025-03-24,2025,954.37,684.09,5.94
S012,2025-03-24,2025,82.38,112.17,6.13
S013,2025-03-24,2025,57.49,71.34,5.00
S014,2025-03-24,2025,221.45,474.31,6.37
S015,2025-03-24,2025,634.75,352.44,9.17
S016,2025-03-24,2025,53.46,59.30,8.38
S017,2025-03-24,2025,48.17,36.85,10.81
S018,2025-03-24,2025,130.81,248.33,7.24
S019,2025-03-24,2025,964.82,549.80,10.43
S020,2025-03-24,2025,74.64,107.26,6.38
S021,2025-03-24,2025,131.07,127.52,8.48
S022,2025-03-24,2025,127.59,224.47,5.57
S023,2025-03-24,2025,709.11,445.89,8.37
S024,2025-03-24,2025,44.39,51.04,8.57
S025,2025-03-24,2025,158.53,170.24,9.75
S026,2025-03-24,2025,92.79,138.10,9.27
S027,2025-03-24,2025,815.34,479.97,8.51
S028,2025-03-24,2025,126.15,134.11,10.13
S029,2025-03-24,2025,0.00,0.00,10.29
S030,2025-03-24,2025,0.00,0.00,9.42
S001,2025-03-25,2025,155.73,143.69,10.39
S002,2025-03-25,2025,104.06,172.91,9.31
S003,2025-03-25,2025,948.31,801.35,5.18
S004,2025-03-25,2025,165.60,291.21,5.82
S005,2025-03-25,2025,135.90,169.49,6.37
S006,2025-03-25,2025,145.71,250.08,7.75
S007,2025-03-25,2025,888.40,511.70,7.63
S008,2025-03-25,2025,30.37,45.13,6.80
S009,2025-03-25,2025,121.58,130.38,8.61
S010,2025-03-25,2025,212.76,414.18,7.52
S011,2025-03-25,2025,776.01,555.02,8.38
S012,2025-03-25,2025,74.37,80.39,10.21
S013,2025-03-25,2025,58.41,38.35,11.02
S014,2025-03-25,2025,264.46,261.46,11.07
S015,2025-03-25,2025,605.21,467.97,7.81
S016,2025-03-25,2025,53.19,53.61,10.30
S017,2025-03-25,2025,52.27,36.90,10.98
S018,2025-03-25,2025,128.09,214.12,8.10
S019,2025-03-25,2025,1089.52,710.16,7.21
S020,2025-03-25,2025,66.34,114.43,6.90
S021,2025-03-25,2025,113.13,137.58,8.42
S022,2025-03-25,2025,124.02,230.98,6.99
,,,,,
S024,2025-03-25,2025,39.07,38.27,10.74
S025,2025-03-25,2025,173.97,245.52,5.76
S026,2025-03-25,2025,76.28,177.88,6.96
S027,2025-03-25,2025,806.60,438.93,9.00
S028,2025-03-25,2025,138.71,159.50,7.84
S029,2025-03-25,2025,0.00,0.00,7.18
S030,2025-03-25,2025,0.00,0.00,5.85
S001,2025-03-26,2025,167.73,160.66,8.93
S002,2025-03-26,2025,107.61,179.43,8.51
S003,2025-03-26,2025,1046.72,787.36,5.96
S004,2025-03-26,2025,198.04,271.52,6.79
S005,2025-03-26,2025,145.21,171.90,7.54
S006,2025-03-26,2025,151.79,223.99,8.81
S007,2025-03-26,2025,727.84,580.31,5.93
S008,2025-03-26,2025,28.80,53.66,6.20
S009,2025-03-26,2025,125.63,142.43,7.29
S010,2025-03-26,2025,261.49,273.92,10.52
S011,2025-03-26,2025,793.24,614.66,7.09
S012,2025-03-26,2025,70.17,95.83,9.13
S013,2025-03-26,2025,54.74,68.35,5.68
S014,2025-03-26,2025,252.92,381.27,7.71
S015,2025-03-26,2025,684.09,477.73,6.63
S016,2025-03-26,2025,46.21,52.62,10.35
S017,2025-03-26,2025,44.81,56.31,6.30
S018,2025-03-26,2025,119.88,218.97,7.67
S019,2025-03-26,2025,1056.26,935.31,5.68
S020,2025-03-26,2025,64.92,101.28,6.18
S021,2025-03-26,2025,109.18,130.52,8.21
S022,2025-03-26,2025,121.47,149.13,10.69
S023,2025-03-26,2025,683.10,500.83,6.84
S024,2025-03-26,2025,36.99,42.26,9.92
S025,2025-03-26,2025,157.34,202.80,8.31
S026,2025-03-26,2025,83.19,139.71,7.53
S027,2025-03-26,2025,805.51,584.68,6.10
S028,2025-03-26,2025,140.18,114.64,11.07
S029,2025-03-26,2025,0.00,0.00,7.03
S030,2025-03-26,2025,0.00,0.00,5.92
S001,2025-03-27,2025,181.47,203.86,5.44
S002,2025-03-27,2025,120.26,203.81,6.48
S003,2025-03-27,2025,1029.32,552.45,9.06
S004,2025-03-27,2025,180.13,164.27,10.89
S005,2025-03-27,2025,138.91,185.65,6.11
S006,2025-03-27,2025,138.19,336.05,5.74
S007,2025-03-27,2025,846.69,683.24,5.89
S008,2025-03-27,2025,29.14,52.61,5.44
S009,2025-03-27,2025,109.84,115.94,9.29
S010,2025-03-27,2025,228.85,409.19,8.26
S011,2025-03-27,2025,894.68,436.83,9.49
S012,2025-03-27,2025,78.65,121.86,5.52
S013,2025-03-27,2025,49.09,50.31,9.74
S014,2025-03-27,2025,255.52,270.06,10.79
S015,2025-03-27,2025,673.22,362.62,9.41
S016,2025-03-27,2025,44.72,54.74,9.19
S017,2025-03-27,2025,52.74,54.46,7.89
S018,2025-03-27,2025,114.55,199.09,8.48
S019,2025-03-27,2025,1222.21,873.39,6.28
S020,2025-03-27,2025,73.86,97.89,7.28
S021,2025-03-27,2025,123.07,141.49,7.42
S022,2025-03-27,2025,122.81,268.75,5.66
S023,2025-03-27,2025,724.77,365.02,9.21
S024,2025-03-27,2025,39.63,65.85,6.55
S025,2025-03-27,2025,168.28,222.33,6.54
S026,2025-03-27,2025,92.57,120.49,9.93
S027,2025-03-27,2025,851.43,604.08,6.42
S028,2025-03-27,2025,132.32,133.16,10.73
S029,2025-03-27,2025,0.00,0.00,5.46
S030,2025-03-27,2025,0.00,0.00,8.27
S001,2025-03-28,2025,163.60,153.72,9.02
S002,2025-03-28,2025,119.94,227.24,6.18
S003,2025-03-28,2025,965.90,496.93,8.87
S004,2025-03-28,2025,170.72,248.92,8.04
S005,2025-03-28,2025,132.74,215.15,5.67
S006,2025-03-28,2025,161.51,224.80,9.29
S007,2025-03-28,2025,886.57,565.77,6.81
S008,2025-03-28,2025,31.93,42.34,7.09
S009,2025-03-28,2025,129.97,152.42,6.66
S010,2025-03-28,2025,261.16,516.78,6.17
S011,2025-03-28,2025,910.32,468.00,9.70
S012,2025-03-28,2025,68.86,119.30,6.38
S013,2025-03-28,2025,52.03,62.29,7.35
S014,2025-03-28,2025,261.02,508.96,6.17
S015,2025-03-28,2025,638.94,504.05,6.04
S016,2025-03-28,2025,44.89,49.96,11.04
S017,2025-03-28,2025,53.07,51.19,8.39
S018,2025-03-28,2025,118.88,204.54,7.45
S019,2025-03-28,2025,1164.86,562.69,10.07
S020,2025-03-28,2025,73.60,99.55,6.48
S021,2025-03-28,2025,130.81,107.74,9.59
S022,2025-03-28,2025,115.50,139.86,11.46
S023,2025-03-28,2025,624.31,384.76,8.52
S024,2025-03-28,2025,39.70,58.32,8.08
S025,2025-03-28,2025,156.90,200.49,7.40
S026,2025-03-28,2025,89.57,172.10,6.49
S027,2025-03-28,2025,919.34,558.29,8.36
S028,2025-03-28,2025,126.24,160.21,7.75
S029,2025-03-28,2025,0.00,0.00,11.26
S030,2025-03-28,2025,0.00,0.00,10.08
S001,2025-03-29,2025,110.80,88.90,9.95
S002,2025-03-29,2025,66.79,81.66,10.36
S003,2025-03-29,2025,534.72,240.77,11.07
S004,2025-03-29,2025,104.62,108.66,11.35
S005,2025-03-29,2025,82.22,108.72,6.05
S006,2025-03-29,2025,94.08,109.34,11.10
S007,2025-03-29,2025,466.11,315.87,8.62
S008,2025-03-29,2025,18.51,22.52,8.79
S009,2025-03-29,2025,81.15,54.08,10.94
S010,2025-03-29,2025,149.21,251.75,7.23
S011,2025-03-29,2025,545.28,217.00,11.60
S012,2025-03-29,2025,47.94,61.43,7.19
S013,2025-03-29,2025,36.01,26.18,10.84
S014,2025-03-29,2025,148.28,247.76,8.50
S015,2025-03-29,2025,427.05,210.75,10.16
S016,2025-03-29,2025,29.12,28.95,10.67
S017,2025-03-29,2025,31.80,21.73,10.91
S018,2025-03-29,2025,76.71,107.35,9.50
S019,2025-03-29,2025,733.18,556.61,6.08
S020,2025-03-29,2025,46.59,63.05,7.70
S021,2025-03-29,2025,70.58,55.53,10.71
S022,2025-03-29,2025,79.70,112.52,9.10
S023,2025-03-29,2025,393.04,174.35,11.28
S024,2025-03-29,2025,24.30,33.68,8.80
S025,2025-03-29,2025,107.24,82.58,11.15
S026,2025-03-29,2025,49.44,111.57,6.20
S027,2025-03-29,2025,556.85,243.36,11.00
S028,2025-03-29,2025,79.10,94.23,8.36
S029,2025-03-29,2025,0.00,0.00,9.85
S030,2025-03-29,2025,0.00,0.00,9.05
S001,2025-03-30,2025,103.44,66.40,11.61
S002,2025-03-30,2025,60.09,101.20,9.96
S003,2025-03-30,2025,632.59,421.50,7.18
S004,2025-03-30,2025,124.31,121.84,10.00
S005,2025-03-30,2025,88.17,84.86,9.64
S006,2025-03-30,2025,89.60,152.23,7.89
S007,2025-03-30,2025,468.59,311.75,8.33
S008,2025-03-30,2025,19.05,30.32,7.23
S009,2025-03-30,2025,75.85,62.08,10.14
S010,2025-03-30,2025,160.46,168.43,10.72
S011,2025-03-30,2025,487.72,350.30,6.63
S012,2025-03-30,2025,48.68,64.51,6.48
S013,2025-03-30,2025,36.26,25.95,11.28
S014,2025-03-30,2025,165.23,171.18,11.53
S015,2025-03-30,2025,438.52,206.78,9.82
S016,2025-03-30,2025,30.21,36.23,8.42
S017,2025-03-30,2025,26.84,22.72,10.44
S018,2025-03-30,2025,77.96,96.75,10.87
S019,2025-03-30,2025,658.15,302.73,10.68
S020,2025-03-30,2025,46.95,62.41,7.31
S021,2025-03-30,2025,82.81,51.93,11.69
S022,2025-03-30,2025,73.69,141.07,6.23
S023,2025-03-30,2025,420.43,179.97,10.65
S024,2025-03-30,2025,27.94,26.43,10.18
S025,2025-03-30,2025,108.50,86.50,10.20
S026,2025-03-30,2025,46.91,94.17,8.03
S027,2025-03-30,2025,511.60,226.22,11.10
S028,2025-03-30,2025,82.75,98.75,7.73
S029,2025-03-30,2025,0.00,0.00,6.66
S030,2025-03-30,2025,0.00,0.00,10.73
S001,2025-03-31,2025,144.84,192.00,7.03
S002,2025-03-31,2025,99.82,161.37,8.41
S003,2025-03-31,2025,992.66,639.94,7.18
S004,2025-03-31,2025,207.37,297.24,6.60
S005,2025-03-31,2025,161.02,127.51,10.13
S006,2025-03-31,2025,139.83,269.72,6.86
S007,2025-03-31,2025,895.06,568.34,7.97
S008,2025-03-31,2025,34.00,41.51,8.14
S009,2025-03-31,2025,112.99,130.30,7.82
S010,2025-03-31,2025,248.02,429.58,7.96
S011,2025-03-31,2025,781.77,521.81,8.80
S012,2025-03-31,2025,74.20,71.48,11.37
S013,2025-03-31,2025,55.13,36.79,11.67
S014,2025-03-31,2025,229.32,293.85,10.20
S015,2025-03-31,2025,676.75,299.32,11.32
S016,2025-03-31,2025,43.75,68.36,7.61
S017,2025-03-31,2025,50.00,63.21,6.32
S018,2025-03-31,2025,129.65,194.04,8.34
S019,2025-03-31,2025,1098.76,739.48,8.22
S020,2025-03-31,2025,71.68,80.19,10.01
S021,2025-03-31,2025,116.82,125.63,8.73
S022,2025-03-31,2025,122.61,140.38,11.16
S023,2025-03-31,2025,712.20,312.65,10.14
S024,2025-03-31,2025,43.83,37.28,11.52
S025,2025-03-31,2025,190.55,229.18,6.48
S026,2025-03-31,2025,92.67,83.98,12.05
S027,2025-03-31,2025,846.61,476.89,9.25
S028,2025-03-31,2025,115.17,194.78,7.15
S029,2025-03-31,2025,0.00,0.00,7.60
S030,2025-03-31,2025,0.00,0.00,11.52
S001,2025-04-01,2025,181.53,119.46,10.64
S002,2025-04-01,2025,110.58,190.70,8.60
S003,2025-04-01,2025,919.47,642.69,7.48
S004,2025-04-01,2025,185.36,244.49,7.38
S005,2025-04-01,2025,151.37,108.51,11.46
S006,2025-04-01,2025,132.97,133.30,12.19
S007,2025-04-01,2025,807.07,302.56,12.08
S008,2025-04-01,2025,32.79,48.40,6.27
S009,2025-04-01,2025,115.66,141.55,6.66
S010,2025-04-01,2025,207.68,329.17,8.95
S011,2025-04-01,2025,906.74,418.18,10.80
S012,2025-04-01,2025,66.61,97.42,7.74
S013,2025-04-01,2025,55.36,37.22,11.76
S014,2025-04-01,2025,247.58,456.90,7.49
S015,2025-04-01,2025,683.53,325.32,10.91
S016,2025-04-01,2025,54.91,75.88,6.95
S017,2025-04-01,2025,51.79,64.52,6.28
S018,2025-04-01,2025,136.67,205.48,8.26
S019,2025-04-01,2025,1135.78,588.64,9.99
S020,2025-04-01,2025,71.81,54.69,11.69
S021,2025-04-01,2025,133.38,82.62,11.87
S022,2025-04-01,2025,122.97,144.17,10.22
S023,2025-04-01,2025,680.44,380.28,8.50
S024,2025-04-01,2025,43.23,62.18,7.09
S025,2025-04-01,2025,187.03,198.24,7.24
S026,2025-04-01,2025,91.99,103.97,11.47
S027,2025-04-01,2025,857.21,465.52,10.06
S028,2025-04-01,2025,111.48,207.77,6.34
S029,2025-04-01,2025,0.00,0.00,6.67
S030,2025-04-01,2025,0.00,0.00,9.37
S001,2025-04-02,2025,163.30,191.87,7.57
S002,2025-04-02,2025,114.41,127.05,11.04
S003,2025-04-02,2025,876.96,613.82,8.46
S004,2025-04-02,2025,181.83,211.67,9.81
S005,2025-04-02,2025,147.62,171.65,6.61
S006,2025-04-02,2025,141.93,272.66,7.95
S007,2025-04-02,2025,832.74,462.77,8.14
S008,2025-04-02,2025,31.18,31.87,10.10
S009,2025-04-02,2025,132.00,77.29,12.21
S010,2025-04-02,2025,226.44,291.53,10.41
S011,2025-04-02,2025,785.30,537.93,7.24
S012,2025-04-02,2025,66.81,57.96,11.68
S013,2025-04-02,2025,53.75,58.22,7.24
S014,2025-04-02,2025,215.38,413.27,8.43
S015,2025-04-02,2025,596.06,365.17,9.52
S016,2025-04-02,2025,51.90,51.47,9.85
,,,,,
S018,2025-04-02,2025,136.11,131.30,11.39
S019,2025-04-02,2025,1089.07,595.87,9.36
S020,2025-04-02,2025,70.93,104.48,7.34
S021,2025-04-02,2025,114.95,83.38,11.43
S022,2025-04-02,2025,105.11,113.94,11.74
S023,2025-04-02,2025,720.37,341.09,9.31
S024,2025-04-02,2025,40.43,40.39,10.61
S025,2025-04-02,2025,165.23,173.51,7.99
S026,2025-04-02,2025,81.74,147.62,7.52
S027,2025-04-02,2025,859.88,499.85,7.72
S028,2025-04-02,2025,131.46,109.02,11.23
S029,2025-04-02,2025,0.00,0.00,10.54
S030,2025-04-02,2025,0.00,0.00,9.18
S001,2025-04-03,2025,167.82,139.71,9.91
S002,2025-04-03,2025,96.70,210.67,7.16
S003,2025-04-03,2025,874.20,496.43,9.62
S004,2025-04-03,2025,169.78,184.33,11.14
S005,2025-04-03,2025,148.29,115.76,11.01
S006,2025-04-03,2025,151.08,246.97,8.78
S007,2025-04-03,2025,750.46,337.00,11.57
S008,2025-04-03,2025,31.19,50.79,6.96
S009,2025-04-03,2025,128.41,84.72,11.42
S010,2025-04-03,2025,237.16,314.75,10.56
S011,2025-04-03,2025,895.90,541.62,7.54
S012,2025-04-03,2025,76.10,92.24,8.50
S013,2025-04-03,2025,55.26,39.52,11.15
S014,2025-04-03,2025,241.53,363.76,8.95
S015,2025-04-03,2025,630.98,444.49,8.05
S016,2025-04-03,2025,49.06,43.97,11.81
S017,2025-04-03,2025,46.80,50.32,8.00
S018,2025-04-03,2025,110.42,222.48,7.98
S019,2025-04-03,2025,1082.07,415.75,11.66
S020,2025-04-03,2025,76.12,108.38,7.04
S021,2025-04-03,2025,108.43,96.59,11.14
S022,2025-04-03,2025,114.42,183.89,7.75
S023,2025-04-03,2025,736.86,282.39,11.19
S024,2025-04-03,2025,44.56,33.21,12.27
S025,2025-04-03,2025,183.01,146.09,10.94
S026,2025-04-03,2025,92.48,92.82,11.28
S027,2025-04-03,2025,846.91,597.68,7.67
S028,2025-04-03,2025,117.33,149.89,9.44
S029,2025-04-03,2025,0.00,0.00,9.20
S030,2025-04-03,2025,0.00,0.00,8.81
S001,2025-04-04,2025,162.05,101.61,12.65
S002,2025-04-04,2025,110.82,133.00,10.69
S003,2025-04-04,2025,1059.00,500.86,10.17
S004,2025-04-04,2025,195.78,152.11,11.29
S005,2025-04-04,2025,157.30,158.85,7.95
S006,2025-04-04,2025,163.94,290.34,6.79
S007,2025-04-04,2025,819.90,629.12,6.74
S008,2025-04-04,2025,33.95,41.01,9.10
,,,,,
S010,2025-04-04,2025,219.24,383.21,8.42
S011,2025-04-04,2025,809.61,381.43,11.00
S012,2025-04-04,2025,70.10,104.96,6.84
S013,2025-04-04,2025,50.19,52.92,7.98
S014,2025-04-04,2025,237.18,309.02,10.26
S015,2025-04-04,2025,636.90,361.15,9.82
S016,2025-04-04,2025,48.25,52.07,9.76
S017,2025-04-04,2025,43.24,28.78,12.65
S018,2025-04-04,2025,117.51,191.40,9.36
S019,2025-04-04,2025,1143.76,411.71,11.57
S020,2025-04-04,2025,64.52,67.24,10.42
S021,2025-04-04,2025,117.80,126.81,8.39
S022,2025-04-04,2025,108.36,165.20,10.11
S023,2025-04-04,2025,696.39,417.32,7.20
S024,2025-04-04,2025,44.57,49.95,7.93
S025,2025-04-04,2025,170.19,146.09,10.15
S026,2025-04-04,2025,85.61,166.54,7.58
S027,2025-04-04,2025,808.83,391.75,11.26
S028,2025-04-04,2025,129.35,97.45,12.09
S029,2025-04-04,2025,0.00,0.00,11.67
S030,2025-04-04,2025,0.00,0.00,8.95
S001,2025-04-05,2025,107.01,95.11,8.49
S002,2025-04-05,2025,invalid,123.94,8.23
S003,2025-04-05,2025,606.76,339.85,9.61
S004,2025-04-05,2025,116.45,105.19,11.12
S005,2025-04-05,2025,83.03,99.80,8.35
S006,2025-04-05,2025,92.02,89.99,12.07
S007,2025-04-05,2025,485.27,256.18,9.46
S008,2025-04-05,2025,21.07,23.50,9.07
S009,2025-04-05,2025,69.51,48.48,12.64
S010,2025-04-05,2025,143.86,204.36,9.69
S011,2025-04-05,2025,557.18,252.18,10.21
S012,2025-04-05,2025,41.63,38.85,11.93
S013,2025-04-05,2025,33.99,37.76,7.63
S014,2025-04-05,2025,134.15,273.04,7.20
S015,2025-04-05,2025,395.23,299.76,7.24
S016,2025-04-05,2025,31.99,23.26,11.96
S017,2025-04-05,2025,31.37,26.00,10.33
S018,2025-04-05,2025,83.13,89.42,11.82
S019,2025-04-05,2025,675.59,369.68,10.13
S020,2025-04-05,2025,41.58,36.11,12.36
S021,2025-04-05,2025,83.12,49.82,11.45
S022,2025-04-05,2025,69.61,79.04,11.45
S023,2025-04-05,2025,453.43,193.09,10.68
S024,2025-04-05,2025,24.57,30.93,9.19
S025,2025-04-05,2025,107.84,112.11,7.93
S026,2025-04-05,2025,57.20,86.57,7.53
S027,2025-04-05,2025,516.67,237.76,10.83
S028,2025-04-05,2025,70.44,56.41,12.90
S029,2025-04-05,2025,0.00,0.00,10.99
S030,2025-04-05,2025,0.00,0.00,10.76
S001,2025-04-06,2025,100.66,61.57,12.67
S002,2025-04-06,2025,66.86,137.11,7.14
S003,2025-04-06,2025,609.64,392.59,7.31
S004,2025-04-06,2025,117.27,81.10,12.89
S005,2025-04-06,2025,81.19,100.59,8.09
S006,2025-04-06,2025,86.66,117.20,11.06
S007,2025-04-06,2025,506.75,263.37,9.04
S008,2025-04-06,2025,18.24,20.62,10.56
S009,2025-04-06,2025,77.50,67.66,9.16
S010,2025-04-06,2025,160.47,163.88,10.92
S011,2025-04-06,2025,530.99,322.13,8.73
S012,2025-04-06,2025,46.58,44.12,10.93
S013,2025-04-06,2025,31.59,19.65,12.76
S014,2025-04-06,2025,130.61,240.01,9.19
S015,2025-04-06,2025,445.62,144.53,12.59
S016,2025-04-06,2025,29.46,20.04,12.56
S017,2025-04-06,2025,31.53,18.13,12.90
S018,2025-04-06,2025,76.32,125.15,7.72
S019,2025-04-06,2025,722.54,473.89,7.91
S020,2025-04-06,2025,45.02,31.15,12.72
S021,2025-04-06,2025,73.29,78.24,7.96
S022,2025-04-06,2025,76.18,63.50,12.92
S023,2025-04-06,2025,436.37,196.52,10.75
S024,2025-04-06,2025,24.18,19.30,12.41
S025,2025-04-06,2025,113.31,95.16,9.22
S026,2025-04-06,2025,56.57,104.25,7.19
S027,2025-04-06,2025,587.29,229.02,10.95
S028,2025-04-06,2025,70.26,54.85,12.58
S029,2025-04-06,2025,0.00,0.00,9.41
S030,2025-04-06,2025,0.00,0.00,10.96
S001,2025-04-07,2025,146.47,181.74,7.40
S002,2025-04-07,2025,112.16,191.17,7.57
S003,2025-04-07,2025,938.85,352.63,12.54
S004,2025-04-07,2025,206.21,111.00,13.04
S005,2025-04-07,2025,142.55,144.96,9.63
S006,2025-04-07,2025,164.83,213.88,8.75
S007,2025-04-07,2025,862.82,252.66,13.17
S008,2025-04-07,2025,29.38,32.05,10.76
S009,2025-04-07,2025,111.21,124.82,9.37
S010,2025-04-07,2025,212.74,398.86,7.96
S011,2025-04-07,2025,957.21,302.70,12.89
S012,2025-04-07,2025,77.55,103.03,8.17
S013,2025-04-07,2025,53.95,54.38,8.01
S014,2025-04-07,2025,229.66,209.33,12.78
S015,2025-04-07,2025,660.09,267.85,11.30
S016,2025-04-07,2025,48.87,59.23,8.74
S017,2025-04-07,2025,45.99,44.50,9.60
S018,2025-04-07,2025,133.56,144.13,11.35
S019,2025-04-07,2025,1057.21,427.87,11.96
S020,2025-04-07,2025,73.30,73.50,9.98
S021,2025-04-07,2025,113.02,104.51,9.75
S022,2025-04-07,2025,112.90,113.90,12.51
S023,2025-04-07,2025,710.45,297.22,10.73
S024,2025-04-07,2025,41.99,56.56,8.03
S025,2025-04-07,2025,171.26,180.50,9.30
S026,2025-04-07,2025,80.59,126.81,8.61
S027,2025-04-07,2025,829.64,415.92,10.46
S028,2025-04-07,2025,133.25,83.97,12.82
S029,2025-04-07,2025,0.00,0.00,12.92
S030,2025-04-07,2025,0.00,0.00,12.98
S001,2025-04-08,2025,155.95,137.58,10.15
S002,2025-04-08,2025,109.44,95.54,13.20
S003,2025-04-08,2025,884.08,436.50,10.78
S004,2025-04-08,2025,207.48,240.97,8.35
S005,2025-04-08,2025,160.01,100.24,11.42
S006,2025-04-08,2025,133.44,258.44,7.67
S007,2025-04-08,2025,758.08,496.13,8.38
S008,2025-04-08,2025,31.70,20.80,12.55
S009,2025-04-08,2025,111.52,135.67,8.15
S010,2025-04-08,2025,218.94,243.46,11.74
S011,2025-04-08,2025,857.78,375.78,10.77
S012,2025-04-08,2025,75.80,73.68,10.06
S013,2025-04-08,2025,57.69,26.46,13.13
S014,2025-04-08,2025,234.17,194.40,12.86
S015,2025-04-08,2025,667.51,435.43,8.32
S016,2025-04-08,2025,46.55,31.82,13.03
S017,2025-04-08,2025,44.24,42.58,10.31
S018,2025-04-08,2025,111.21,169.12,10.68
S019,2025-04-08,2025,1133.94,621.32,8.18
S020,2025-04-08,2025,68.23,74.64,9.45
S021,2025-04-08,2025,135.12,113.03,9.41
S022,2025-04-08,2025,105.15,167.58,9.32
S023,2025-04-08,2025,750.47,307.60,10.37
S024,2025-04-08,2025,42.20,46.32,9.88
S025,2025-04-08,2025,167.14,194.06,8.51
S026,2025-04-08,2025,93.08,150.99,8.22
S027,2025-04-08,2025,928.21,283.01,12.70
S028,2025-04-08,2025,131.53,155.82,8.78
S029,2025-04-08,2025,0.00,0.00,9.66
S030,2025-04-08,2025,0.00,0.00,12.01
S001,2025-04-09,2025,145.95,121.09,10.51
S002,2025-04-09,2025,101.35,87.41,13.25
,,,,,
S004,2025-04-09,2025,173.51,225.20,9.03
S005,2025-04-09,2025,161.96,92.53,12.61
S006,2025-04-09,2025,151.93,160.20,11.39
S007,2025-04-09,2025,857.48,258.35,12.78
S008,2025-04-09,2025,31.29,23.78,12.03
S009,2025-04-09,2025,115.87,111.34,9.61
S010,2025-04-09,2025,210.62,407.41,7.78
S011,2025-04-09,2025,791.97,329.17,12.08
S012,2025-04-09,2025,77.06,74.75,10.74
S013,2025-04-09,2025,54.25,33.34,11.78
S014,2025-04-09,2025,247.72,267.33,12.04
S015,2025-04-09,2025,729.46,347.99,10.38
S016,2025-04-09,2025,55.38,66.97,8.52
S017,2025-04-09,2025,49.72,42.66,9.10
S018,2025-04-09,2025,123.31,131.34,12.28
S019,2025-04-09,2025,1130.07,503.75,10.01
S020,2025-04-09,2025,65.39,75.42,9.48
S021,2025-04-09,2025,invalid,132.30,8.91
S022,2025-04-09,2025,125.91,104.79,13.21
S023,2025-04-09,2025,628.75,444.85,8.40
S024,2025-04-09,2025,43.25,46.53,10.15
S025,2025-04-09,2025,179.64,100.47,12.92
S026,2025-04-09,2025,88.44,159.35,8.10
S027,2025-04-09,2025,873.07,269.02,12.71
S028,2025-04-09,2025,116.23,132.38,10.64
S029,2025-04-09,2025,0.00,0.00,9.90
S030,2025-04-09,2025,0.00,0.00,8.80
S001,2025-04-10,2025,159.14,184.69,8.18
S002,2025-04-10,2025,119.80,133.65,11.04
S003,2025-04-10,2025,1063.88,498.83,9.96
S004,2025-04-10,2025,182.30,154.69,11.86
S005,2025-04-10,2025,158.28,109.23,10.59
S006,2025-04-10,2025,153.44,233.58,9.14
S007,2025-04-10,2025,837.49,493.38,8.47
S008,2025-04-10,2025,31.99,34.66,9.54
S009,2025-04-10,2025,130.91,72.71,12.59
S010,2025-04-10,2025,211.11,420.61,7.76
S011,2025-04-10,2025,921.50,532.80,8.99
S012,2025-04-10,2025,81.41,80.14,9.85
S013,2025-04-10,2025,58.50,42.67,10.33
S014,2025-04-10,2025,248.30,285.87,11.00
S015,2025-04-10,2025,684.87,387.48,8.24
S016,2025-04-10,2025,54.77,28.07,13.32
S017,2025-04-10,2025,49.61,33.08,11.46
S018,2025-04-10,2025,131.35,152.92,10.65
S019,2025-04-10,2025,1124.07,301.37,13.65
S020,2025-04-10,2025,70.44,65.11,11.66
S021,2025-04-10,2025,115.40,67.62,12.95
S022,2025-04-10,2025,118.61,107.70,12.31
S023,2025-04-10,2025,760.73,324.26,9.98
S024,2025-04-10,2025,41.27,37.31,10.55
S025,2025-04-10,2025,180.19,144.02,10.81
S026,2025-04-10,2025,81.41,142.48,8.02
S027,2025-04-10,2025,852.93,363.03,11.23
S028,2025-04-10,2025,117.68,127.25,10.27
S029,2025-04-10,2025,0.00,0.00,13.67
S030,2025-04-10,2025,0.00,0.00,10.53
S001,2025-04-11,2025,146.29,106.91,12.41
S002,2025-04-11,2025,107.40,100.65,12.13
S003,2025-04-11,2025,983.95,461.90,10.39
S004,2025-04-11,2025,207.79,160.58,11.82
S005,2025-04-11,2025,148.06,67.36,13.62
S006,2025-04-11,2025,151.02,115.22,13.21
S007,2025-04-11,2025,792.69,463.63,9.45
S008,2025-04-11,2025,29.73,22.63,12.93
S009,2025-04-11,2025,110.50,53.37,13.63
S010,2025-04-11,2025,223.84,262.54,11.13
S011,2025-04-11,2025,903.02,290.18,12.16
S012,2025-04-11,2025,78.41,78.88,10.71
S013,2025-04-11,2025,56.64,22.58,13.82
S014,2025-04-11,2025,211.45,200.84,13.28
S015,2025-04-11,2025,642.22,269.34,11.00
S016,2025-04-11,2025,54.90,43.77,11.19
S017,2025-04-11,2025,44.47,36.85,10.43
S018,2025-04-11,2025,128.45,123.60,12.13
S019,2025-04-11,2025,1068.27,594.68,8.53
S020,2025-04-11,2025,74.19,49.82,12.72
S021,2025-04-11,2025,117.78,128.69,8.39
S022,2025-04-11,2025,115.23,131.81,11.40
S023,2025-04-11,2025,661.18,223.86,12.47
S024,2025-04-11,2025,43.87,39.67,10.80
S025,2025-04-11,2025,166.88,138.40,10.88
S026,2025-04-11,2025,77.58,62.87,13.59
S027,2025-04-11,2025,809.81,499.92,7.96
S028,2025-04-11,2025,136.16,166.02,8.95
S029,2025-04-11,2025,0.00,0.00,8.94
S030,2025-04-11,2025,0.00,0.00,11.17
S001,2025-04-12,2025,93.85,65.54,11.47
S002,2025-04-12,2025,invalid,62.00,13.01
S003,2025-04-12,2025,643.08,191.68,12.46
S004,2025-04-12,2025,110.62,90.97,11.88
S005,2025-04-12,2025,98.83,64.77,11.78
S006,2025-04-12,2025,91.10,105.66,11.09
S007,2025-04-12,2025,513.48,252.10,9.92
S008,2025-04-12,2025,20.29,19.72,10.34
S009,2025-04-12,2025,69.73,52.26,12.22
S010,2025-04-12,2025,136.71,123.83,12.70
S011,2025-04-12,2025,496.16,236.36,10.56
S012,2025-04-12,2025,42.46,25.05,13.74
S013,2025-04-12,2025,34.88,16.30,13.74
S014,2025-04-12,2025,158.44,220.13,9.19
S015,2025-04-12,2025,367.90,219.06,9.00
S016,2025-04-12,2025,28.92,22.87,12.90
S017,2025-04-12,2025,28.83,20.01,11.34
S018,2025-04-12,2025,73.78,131.95,8.71
S019,2025-04-12,2025,692.52,285.53,10.69
S020,2025-04-12,2025,46.07,54.14,9.16
S021,2025-04-12,2025,68.05,57.43,11.43
S022,2025-04-12,2025,65.67,51.53,13.97
S023,2025-04-12,2025,378.89,263.64,8.25
S024,2025-04-12,2025,27.10,17.53,12.44
S025,2025-04-12,2025,118.81,72.07,12.35
S026,2025-04-12,2025,48.82,39.69,13.79
S027,2025-04-12,2025,537.04,286.29,10.04
S028,2025-04-12,2025,84.66,74.32,11.12
S029,2025-04-12,2025,0.00,0.00,8.26
S030,2025-04-12,2025,0.00,0.00,12.18
S001,2025-04-13,2025,95.41,46.32,14.18
S002,2025-04-13,2025,59.59,86.49,11.11
S003,2025-04-13,2025,592.03,129.79,14.24
S004,2025-04-13,2025,104.18,80.44,12.37
S005,2025-04-13,2025,100.53,58.33,11.60
S006,2025-04-13,2025,85.91,95.19,12.25
S007,2025-04-13,2025,473.40,277.92,9.44
S008,2025-04-13,2025,18.24,18.87,10.69
S009,2025-04-13,2025,69.92,76.97,9.18
S010,2025-04-13,2025,146.37,208.98,9.25
S011,2025-04-13,2025,546.91,269.61,9.38
S012,2025-04-13,2025,51.11,29.34,12.99
S013,2025-04-13,2025,35.32,25.41,11.13
S014,2025-04-13,2025,142.73,103.29,13.49
S015,2025-04-13,2025,406.43,206.12,10.18
S016,2025-04-13,2025,31.20,24.26,11.49
S017,2025-04-13,2025,26.78,12.47,14.06
S018,2025-04-13,2025,73.93,48.53,14.26
S019,2025-04-13,2025,621.12,292.62,11.01
S020,2025-04-13,2025,39.88,33.86,11.62
S021,2025-04-13,2025,69.90,70.62,8.80
S022,2025-04-13,2025,67.27,67.77,12.91
S023,2025-04-13,2025,386.32,195.58,11.27
S024,2025-04-13,2025,27.77,15.66,13.29
S025,2025-04-13,2025,100.63,78.42,10.88
S026,2025-04-13,2025,53.92,83.83,8.95
S027,2025-04-13,2025,466.01,131.88,14.16
S028,2025-04-13,2025,81.47,88.96,10.04
S029,2025-04-13,2025,0.00,0.00,10.84
S030,2025-04-13,2025,0.00,0.00,13.62
S001,2025-04-14,2025,182.03,105.87,12.12
S002,2025-04-14,2025,114.11,90.18,13.58
S003,2025-04-14,2025,948.28,335.41,12.03
S004,2025-04-14,2025,167.99,233.01,8.96
S005,2025-04-14,2025,131.09,67.99,13.79
S006,2025-04-14,2025,158.95,241.73,8.82
S007,2025-04-14,2025,778.33,416.17,10.21
S008,2025-04-14,2025,28.81,38.75,9.16
S009,2025-04-14,2025,110.77,75.89,11.83
S010,2025-04-14,2025,207.46,237.58,12.59
S011,2025-04-14,2025,824.17,382.60,10.40
S012,2025-04-14,2025,78.80,87.10,9.66
S013,2025-04-14,2025,54.04,35.13,12.47
S014,2025-04-14,2025,229.28,232.12,12.16
S015,2025-04-14,2025,706.85,207.33,13.50
S016,2025-04-14,2025,49.06,37.23,12.08
,,,,,
S018,2025-04-14,2025,131.06,176.57,9.24
S019,2025-04-14,2025,1077.39,248.79,14.40
S020,2025-04-14,2025,78.21,75.42,9.24
S021,2025-04-14,2025,110.45,88.81,11.70
S022,2025-04-14,2025,123.69,149.49,10.07
S023,2025-04-14,2025,671.30,343.57,10.26
S024,2025-04-14,2025,37.52,41.44,10.11
S025,2025-04-14,2025,174.34,95.14,13.33
S026,2025-04-14,2025,81.72,121.21,9.43
S027,2025-04-14,2025,899.38,438.76,9.23
S028,2025-04-14,2025,121.60,61.76,14.31
S029,2025-04-14,2025,0.00,0.00,10.54
S030,2025-04-14,2025,0.00,0.00,8.88
S001,2025-04-15,2025,159.92,146.00,10.46
S002,2025-04-15,2025,113.81,147.74,10.20
S003,2025-04-15,2025,1026.92,589.67,8.63
S004,2025-04-15,2025,196.33,212.24,9.12
S005,2025-04-15,2025,140.91,82.23,13.20
S006,2025-04-15,2025,163.00,132.95,12.87
S007,2025-04-15,2025,849.84,271.04,13.17
S008,2025-04-15,2025,28.67,21.40,12.97
S009,2025-04-15,2025,118.94,104.54,10.31
S010,2025-04-15,2025,228.62,299.84,10.69
S011,2025-04-15,2025,834.28,395.56,10.89
S012,2025-04-15,2025,73.62,50.56,12.61
S013,2025-04-15,2025,55.37,34.00,12.42
S014,2025-04-15,2025,216.18,163.92,13.90
S015,2025-04-15,2025,732.12,176.63,13.94
S016,2025-04-15,2025,52.81,50.93,10.18
S017,2025-04-15,2025,44.64,34.72,11.34
S018,2025-04-15,2025,122.16,158.99,10.42
S019,2025-04-15,2025,1067.94,311.75,13.87
S020,2025-04-15,2025,76.89,62.12,10.68
S021,2025-04-15,2025,133.41,102.49,10.28
S022,2025-04-15,2025,127.61,74.81,14.37
S023,2025-04-15,2025,605.99,241.59,11.97
S024,2025-04-15,2025,41.98,19.21,14.47
S025,2025-04-15,2025,176.06,104.06,12.49
S026,2025-04-15,2025,84.28,86.07,11.80
S027,2025-04-15,2025,780.02,240.86,13.42
S028,2025-04-15,2025,124.68,91.79,12.14
S029,2025-04-15,2025,0.00,0.00,10.94
S030,2025-04-15,2025,0.00,0.00,11.39
S001,2025-04-16,2025,158.59,70.57,14.27
S002,2025-04-16,2025,114.86,158.14,9.31
S003,2025-04-16,2025,1018.08,463.84,10.18
S004,2025-04-16,2025,188.43,160.13,10.98
S005,2025-04-16,2025,142.89,51.88,14.55
S006,2025-04-16,2025,143.38,214.71,10.03
S007,2025-04-16,2025,807.86,181.12,14.65
S008,2025-04-16,2025,34.61,26.35,11.84
S009,2025-04-16,2025,136.64,65.62,12.88
S010,2025-04-16,2025,259.41,324.50,10.22
S011,2025-04-16,2025,786.50,470.05,10.00
S012,2025-04-16,2025,77.53,43.14,13.25
S013,2025-04-16,2025,52.54,42.70,10.11
S014,2025-04-16,2025,239.26,249.11,12.06
S015,2025-04-16,2025,689.85,322.76,10.53
S016,2025-04-16,2025,49.59,49.21,11.20
S017,2025-04-16,2025,51.89,17.83,14.32
S018,2025-04-16,2025,110.78,72.50,14.43
S019,2025-04-16,2025,1111.67,450.52,11.30
S020,2025-04-16,2025,70.26,76.00,10.00
S021,2025-04-16,2025,118.79,48.20,14.24
S022,2025-04-16,2025,127.33,137.85,10.39
S023,2025-04-16,2025,757.71,289.87,10.58
S024,2025-04-16,2025,44.30,19.53,14.29
S025,2025-04-16,2025,182.69,82.56,14.05
S026,2025-04-16,2025,95.09,99.18,10.84
S027,2025-04-16,2025,761.47,199.32,14.01
S028,2025-04-16,2025,121.53,84.91,13.28
S029,2025-04-16,2025,0.00,0.00,14.14
S030,2025-04-16,2025,0.00,0.00,9.54
S001,2025-04-17,2025,147.12,141.35,10.53
S002,2025-04-17,2025,100.87,69.28,14.46
S003,2025-04-17,2025,845.89,408.45,10.60
S004,2025-04-17,2025,187.95,109.47,13.39
S005,2025-04-17,2025,135.23,57.16,14.10
S006,2025-04-17,2025,163.83,194.45,10.60
S007,2025-04-17,2025,735.43,172.79,14.38
S008,2025-04-17,2025,33.51,32.91,10.48
S009,2025-04-17,2025,120.09,114.82,9.13
S010,2025-04-17,2025,241.09,161.02,13.66
S011,2025-04-17,2025,864.65,474.91,9.26
S012,2025-04-17,2025,79.82,40.41,13.58
S013,2025-04-17,2025,58.30,33.67,12.11
S014,2025-04-17,2025,219.14,330.44,9.29
S015,2025-04-17,2025,725.48,298.45,10.43
S016,2025-04-17,2025,53.23,56.03,9.56
S017,2025-04-17,2025,47.05,29.45,12.40
S018,2025-04-17,2025,137.14,77.60,14.32
S019,2025-04-17,2025,1051.69,633.73,9.25
S020,2025-04-17,2025,69.91,42.22,13.34
S021,2025-04-17,2025,135.56,54.21,13.87
S022,2025-04-17,2025,113.93,118.97,11.99
S023,2025-04-17,2025,708.55,240.69,11.94
S024,2025-04-17,2025,45.28,22.03,13.62
S025,2025-04-17,2025,161.74,71.97,13.95
S026,2025-04-17,2025,91.65,131.33,9.68
S027,2025-04-17,2025,778.43,332.03,11.31
S028,2025-04-17,2025,112.52,68.49,13.88
S029,2025-04-17,2025,0.00,0.00,11.84
S030,2025-04-17,2025,0.00,0.00,14.11
S001,2025-04-18,2025,174.28,120.53,11.43
S002,2025-04-18,2025,117.78,85.09,13.30
S003,2025-04-18,2025,860.62,443.53,10.46
S004,2025-04-18,2025,170.78,114.76,13.20
S005,2025-04-18,2025,130.98,127.19,9.68
S006,2025-04-18,2025,133.20,134.86,13.08
S007,2025-04-18,2025,846.94,289.26,12.61
S008,2025-04-18,2025,30.06,22.60,12.06
S009,2025-04-18,2025,132.31,42.28,15.05
S010,2025-04-18,2025,249.84,142.52,14.42
S011,2025-04-18,2025,902.23,341.93,11.06
S012,2025-04-18,2025,77.31,42.54,13.73
S013,2025-04-18,2025,57.82,48.42,9.81
S014,2025-04-18,2025,216.64,278.05,10.52
S015,2025-04-18,2025,715.75,318.79,9.86
S016,2025-04-18,2025,51.10,43.08,10.94
S017,2025-04-18,2025,49.96,38.48,10.25
S018,2025-04-18,2025,126.78,85.98,13.57
S019,2025-04-18,2025,1126.12,228.21,14.60
S020,2025-04-18,2025,72.32,40.56,13.95
S021,2025-04-18,2025,122.78,116.99,9.48
S022,2025-04-18,2025,117.36,122.91,12.30
S023,2025-04-18,2025,752.24,171.96,14.27
S024,2025-04-18,2025,42.80,23.43,13.45
S025,2025-04-18,2025,169.98,115.47,12.40
S026,2025-04-18,2025,invalid,50.57,14.60
S027,2025-04-18,2025,946.82,365.51,11.25
S028,2025-04-18,2025,117.66,133.41,9.71
S029,2025-04-18,2025,0.00,0.00,14.54
S030,2025-04-18,2025,0.00,0.00,10.57
S001,2025-04-19,2025,112.69,82.60,9.90
S002,2025-04-19,2025,72.73,39.30,14.57
S003,2025-04-19,2025,551.68,129.39,14.84
S004,2025-04-19,2025,108.57,60.85,14.03
S005,2025-04-19,2025,88.02,30.39,14.63
S006,2025-04-19,2025,100.24,62.54,13.88
S007,2025-04-19,2025,455.57,122.57,14.20
S008,2025-04-19,2025,20.37,17.73,10.91
S009,2025-04-19,2025,72.51,71.64,9.51
S010,2025-04-19,2025,138.75,103.09,13.67
S011,2025-04-19,2025,485.12,93.87,15.11
S012,2025-04-19,2025,42.23,46.73,11.01
S013,2025-04-19,2025,35.51,12.42,14.83
S014,2025-04-19,2025,147.44,160.55,11.07
S015,2025-04-19,2025,375.48,168.65,11.36
S016,2025-04-19,2025,28.39,19.20,12.82
S017,2025-04-19,2025,27.25,20.46,11.93
S018,2025-04-19,2025,73.99,60.79,13.10
S019,2025-04-19,2025,675.50,192.17,13.42
S020,2025-04-19,2025,41.97,15.59,15.19
S021,2025-04-19,2025,84.92,48.97,12.22
S022,2025-04-19,2025,71.23,100.19,10.60
S023,2025-04-19,2025,427.68,204.73,10.80
S024,2025-04-19,2025,22.81,25.81,9.90
S025,2025-04-19,2025,110.70,61.09,13.23
S026,2025-04-19,2025,47.86,31.12,14.71
S027,2025-04-19,2025,462.96,167.07,12.96
S028,2025-04-19,2025,79.67,77.45,10.27
S029,2025-04-19,2025,0.00,0.00,9.40
S030,2025-04-19,2025,0.00,0.00,13.71
S001,2025-04-20,2025,104.60,49.69,13.36
S002,2025-04-20,2025,69.37,91.52,10.21
S003,2025-04-20,2025,575.32,227.53,11.61
S004,2025-04-20,2025,107.41,111.52,10.43
S005,2025-04-20,2025,82.42,82.68,9.99
S006,2025-04-20,2025,87.17,53.87,14.46
S007,2025-04-20,2025,464.72,259.34,9.78
S008,2025-04-20,2025,20.44,9.05,14.72
S009,2025-04-20,2025,75.26,59.73,10.77
S010,2025-04-20,2025,133.26,96.13,14.17
S011,2025-04-20,2025,498.36,161.75,13.49
S012,2025-04-20,2025,47.57,26.56,13.39
S013,2025-04-20,2025,29.65,11.74,14.61
S014,2025-04-20,2025,164.80,113.82,13.40
S015,2025-04-20,2025,365.25,172.66,10.93
S016,2025-04-20,2025,28.10,23.49,12.63
S017,2025-04-20,2025,30.81,12.74,14.02
S018,2025-04-20,2025,83.55,90.34,11.40
S019,2025-04-20,2025,603.84,264.86,12.29
S020,2025-04-20,2025,42.40,16.10,15.01
S021,2025-04-20,2025,83.44,34.32,14.08
S022,2025-04-20,2025,64.27,31.56,15.34
S023,2025-04-20,2025,399.10,103.67,13.97
S024,2025-04-20,2025,23.03,26.22,10.26
S025,2025-04-20,2025,113.17,37.53,14.57
S026,2025-04-20,2025,55.00,63.55,10.62
S027,2025-04-20,2025,542.11,152.99,13.44
S028,2025-04-20,2025,69.63,77.54,10.71
S029,2025-04-20,2025,0.00,0.00,11.29
S030,2025-04-20,2025,0.00,0.00,9.82
S001,2025-04-21,2025,145.12,48.47,15.17
S002,2025-04-21,2025,106.28,92.09,13.45
S003,2025-04-21,2025,893.73,191.14,14.78
S004,2025-04-21,2025,164.01,121.60,12.63
S005,2025-04-21,2025,155.15,83.34,12.83
S006,2025-04-21,2025,163.56,88.95,14.74
S007,2025-04-21,2025,722.17,146.08,14.92
S008,2025-04-21,2025,28.61,28.57,10.95
S009,2025-04-21,2025,115.15,33.86,15.47
S010,2025-04-21,2025,210.54,214.05,13.01
S011,2025-04-21,2025,964.11,406.25,11.13
S012,2025-04-21,2025,68.66,46.77,13.50
S013,2025-04-21,2025,53.77,34.34,11.80
S014,2025-04-21,2025,249.42,204.45,12.55
S015,2025-04-21,2025,629.88,177.94,13.87
S016,2025-04-21,2025,47.00,56.64,9.82
S017,2025-04-21,2025,43.97,32.63,12.06
S018,2025-04-21,2025,116.16,112.97,13.04
S019,2025-04-21,2025,1134.54,226.34,14.78
S020,2025-04-21,2025,62.50,29.46,14.91
S021,2025-04-21,2025,127.81,83.88,12.31
S022,2025-04-21,2025,115.15,139.41,10.33
S023,2025-04-21,2025,645.15,297.88,11.19
S024,2025-04-21,2025,36.14,14.46,15.44
S025,2025-04-21,2025,178.60,63.62,14.68
S026,2025-04-21,2025,92.59,72.74,13.40
S027,2025-04-21,2025,872.32,182.40,14.79
S028,2025-04-21,2025,126.13,46.59,14.97
S029,2025-04-21,2025,0.00,0.00,13.92
S030,2025-04-21,2025,0.00,0.00,14.74
S001,2025-04-22,2025,161.22,118.10,11.55
S002,2025-04-22,2025,119.88,82.08,13.44
S003,2025-04-22,2025,1067.28,260.43,13.91
S004,2025-04-22,2025,164.16,75.51,14.78
S005,2025-04-22,2025,149.96,68.05,13.57
S006,2025-04-22,2025,158.01,124.39,12.76
S007,2025-04-22,2025,903.91,350.89,11.20
S008,2025-04-22,2025,32.51,24.04,12.39
S009,2025-04-22,2025,116.41,41.21,14.82
S010,2025-04-22,2025,239.07,336.78,10.34
S011,2025-04-22,2025,864.41,162.64,15.22
S012,2025-04-22,2025,75.05,77.58,10.45
S013,2025-04-22,2025,57.63,40.56,11.30
S014,2025-04-22,2025,238.53,300.19,9.97
S015,2025-04-22,2025,680.98,213.32,12.66
S016,2025-04-22,2025,49.16,25.98,14.22
S017,2025-04-22,2025,43.32,21.36,14.03
S018,2025-04-22,2025,122.05,144.27,11.64
S019,2025-04-22,2025,1003.64,500.31,10.68
S020,2025-04-22,2025,72.67,65.19,10.47
S021,2025-04-22,2025,116.22,61.59,13.56
S022,2025-04-22,2025,118.39,87.20,13.57
S023,2025-04-22,2025,667.00,314.33,10.90
S024,2025-04-22,2025,42.07,17.67,14.44
S025,2025-04-22,2025,184.44,132.26,11.14
S026,2025-04-22,2025,80.61,46.42,14.89
S027,2025-04-22,2025,919.64,217.62,13.97
S028,2025-04-22,2025,120.31,51.09,15.12
S029,2025-04-22,2025,0.00,0.00,13.57
S030,2025-04-22,2025,0.00,0.00,10.37
S001,2025-04-23,2025,165.03,114.46,11.73
S002,2025-04-23,2025,109.13,82.12,13.34
S003,2025-04-23,2025,987.00,307.11,12.37
S004,2025-04-23,2025,177.24,134.30,12.28
S005,2025-04-23,2025,136.94,97.92,12.04
S006,2025-04-23,2025,145.01,112.52,13.84
S007,2025-04-23,2025,809.08,355.11,11.14
S008,2025-04-23,2025,33.68,8.74,15.72
S009,2025-04-23,2025,125.02,84.07,11.98
S010,2025-04-23,2025,262.16,207.97,13.02
S011,2025-04-23,2025,840.77,298.84,12.14
S012,2025-04-23,2025,78.42,27.14,15.45
S013,2025-04-23,2025,59.68,31.75,12.45
S014,2025-04-23,2025,232.01,233.18,12.31
S015,2025-04-23,2025,637.01,293.38,10.69
S016,2025-04-23,2025,53.39,22.18,14.73
,,,,,
S018,2025-04-23,2025,109.71,68.96,14.41
S019,2025-04-23,2025,1139.00,304.20,13.34
S020,2025-04-23,2025,64.97,69.30,10.51
S021,2025-04-23,2025,121.30,68.53,12.53
S022,2025-04-23,2025,121.97,61.09,15.18
S023,2025-04-23,2025,743.04,253.86,11.43
S024,2025-04-23,2025,43.29,33.90,11.67
S025,2025-04-23,2025,163.47,82.68,13.43
S026,2025-04-23,2025,81.74,40.00,15.45
S027,2025-04-23,2025,821.88,371.27,11.11
S028,2025-04-23,2025,131.24,97.98,11.87
S029,2025-04-23,2025,0.00,0.00,15.25
S030,2025-04-23,2025,0.00,0.00,15.95
S001,2025-04-24,2025,162.70,74.60,14.01
S002,2025-04-24,2025,101.17,79.54,13.63
S003,2025-04-24,2025,1023.67,204.29,14.83
S004,2025-04-24,2025,204.57,110.11,13.61
S005,2025-04-24,2025,162.19,116.99,10.77
S006,2025-04-24,2025,133.65,152.32,12.34
S007,2025-04-24,2025,849.53,93.70,16.12
S008,2025-04-24,2025,32.92,13.38,14.80
S009,2025-04-24,2025,133.74,69.82,12.66
S010,2025-04-24,2025,224.16,170.74,13.84
S011,2025-04-24,2025,863.73,339.70,12.22
S012,2025-04-24,2025,77.14,21.25,15.92
S013,2025-04-24,2025,57.04,40.10,10.63
S014,2025-04-24,2025,263.03,174.25,13.39
S015,2025-04-24,2025,686.11,287.21,10.87
S016,2025-04-24,2025,48.86,27.79,13.91
S017,2025-04-24,2025,48.42,24.08,13.36
S018,2025-04-24,2025,113.79,75.51,14.65
S019,2025-04-24,2025,1226.08,532.65,10.83
S020,2025-04-24,2025,62.14,71.53,10.73
S021,2025-04-24,2025,123.33,57.24,13.73
S022,2025-04-24,2025,115.45,130.05,11.55
S023,2025-04-24,2025,624.69,242.21,12.56
S024,2025-04-24,2025,43.28,22.36,14.00
S025,2025-04-24,2025,161.57,52.79,15.15
S026,2025-04-24,2025,93.44,91.89,11.13
S027,2025-04-24,2025,768.80,284.43,12.23
S028,2025-04-24,2025,119.95,91.43,12.29
S029,2025-04-24,2025,0.00,0.00,16.13
S030,2025-04-24,2025,0.00,0.00,15.58
S001,2025-04-25,2025,165.67,86.38,13.40
S002,2025-04-25,2025,96.09,103.70,11.89
S003,2025-04-25,2025,850.92,127.40,15.85
S004,2025-04-25,2025,184.76,149.17,11.38
S005,2025-04-25,2025,156.05,103.74,12.01
S006,2025-04-25,2025,132.84,72.73,15.10
S007,2025-04-25,2025,859.84,252.54,12.62
S008,2025-04-25,2025,31.96,14.74,14.14
S009,2025-04-25,2025,118.50,85.96,11.31
S010,2025-04-25,2025,209.17,182.98,13.57
S011,2025-04-25,2025,907.04,220.38,14.19
S012,2025-04-25,2025,73.73,55.97,12.34
S013,2025-04-25,2025,52.51,31.03,12.29
S014,2025-04-25,2025,225.79,233.20,12.58
S015,2025-04-25,2025,688.79,248.18,11.68
S016,2025-04-25,2025,44.73,47.35,10.57
S017,2025-04-25,2025,53.40,36.03,10.97
S018,2025-04-25,2025,117.44,127.18,11.73
S019,2025-04-25,2025,1003.97,114.00,16.21
S020,2025-04-25,2025,63.61,15.76,16.29
S021,2025-04-25,2025,121.29,42.84,14.57
S022,2025-04-25,2025,112.99,43.74,15.60
S023,2025-04-25,2025,693.64,91.44,15.89
S024,2025-04-25,2025,38.29,36.85,11.76
S025,2025-04-25,2025,180.08,86.56,13.36
S026,2025-04-25,2025,77.04,63.49,13.74
S027,2025-04-25,2025,857.37,127.21,15.62
S028,2025-04-25,2025,115.71,105.89,11.74
S029,2025-04-25,2025,0.00,0.00,16.19
S030,2025-04-25,2025,0.00,0.00,11.75
S001,2025-04-26,2025,105.22,82.92,10.70
S002,2025-04-26,2025,60.90,57.83,12.78
S003,2025-04-26,2025,581.27,122.63,14.88
S004,2025-04-26,2025,106.20,26.05,16.32
S005,2025-04-26,2025,85.15,17.04,16.23
S006,2025-04-26,2025,98.64,33.68,15.75
S007,2025-04-26,2025,517.81,103.51,14.81
S008,2025-04-26,2025,19.53,5.95,15.55
S009,2025-04-26,2025,80.42,47.97,12.34
S010,2025-04-26,2025,150.05,146.02,11.70
S011,2025-04-26,2025,520.85,85.67,15.29
S012,2025-04-26,2025,45.90,11.44,15.99
S013,2025-04-26,2025,32.02,25.37,10.68
S014,2025-04-26,2025,163.62,47.53,16.20
S015,2025-04-26,2025,385.59,150.14,11.69
S016,2025-04-26,2025,29.13,11.98,15.07
S017,2025-04-26,2025,31.33,24.02,10.52
S018,2025-04-26,2025,83.63,43.90,14.42
S019,2025-04-26,2025,657.29,68.91,16.43
S020,2025-04-26,2025,45.85,15.86,15.35
S021,2025-04-26,2025,70.57,47.98,11.83
S022,2025-04-26,2025,77.12,94.73,10.69
S023,2025-04-26,2025,402.19,182.35,10.58
S024,2025-04-26,2025,26.51,8.29,15.41
S025,2025-04-26,2025,111.90,62.22,12.84
S026,2025-04-26,2025,47.49,54.40,12.13
S027,2025-04-26,2025,462.18,190.78,12.22
S028,2025-04-26,2025,73.84,36.59,14.50
S029,2025-04-26,2025,0.00,0.00,15.59
S030,2025-04-26,2025,0.00,0.00,14.74
S001,2025-04-27,2025,89.80,69.57,11.20
S002,2025-04-27,2025,72.45,80.90,11.18
S003,2025-04-27,2025,656.86,69.61,16.00
S004,2025-04-27,2025,107.84,54.47,14.63
S005,2025-04-27,2025,92.07,19.23,16.22
S006,2025-04-27,2025,98.54,30.42,16.05
S007,2025-04-27,2025,559.82,81.11,15.28
S008,2025-04-27,2025,20.73,8.07,15.06
S009,2025-04-27,2025,69.05,28.55,14.62
S010,2025-04-27,2025,141.33,122.76,13.00
S011,2025-04-27,2025,507.60,215.67,11.87
S012,2025-04-27,2025,50.24,39.41,12.01
S013,2025-04-27,2025,34.90,19.85,11.91
S014,2025-04-27,2025,132.10,44.49,16.26
S015,2025-04-27,2025,430.58,186.34,11.12
S016,2025-04-27,2025,28.87,21.49,13.01
S017,2025-04-27,2025,30.73,9.88,14.83
S018,2025-04-27,2025,79.98,47.92,14.36
S019,2025-04-27,2025,661.32,130.37,14.92
S020,2025-04-27,2025,39.04,34.96,11.66
S021,2025-04-27,2025,77.02,24.32,14.77
S022,2025-04-27,2025,71.98,39.59,14.70
S023,2025-04-27,2025,409.79,173.50,11.44
S024,2025-04-27,2025,23.84,11.43,14.81
S025,2025-04-27,2025,100.97,43.00,14.19
S026,2025-04-27,2025,52.49,33.52,14.10
S027,2025-04-27,2025,514.28,119.74,14.22
S028,2025-04-27,2025,75.66,65.31,11.83
S029,2025-04-27,2025,0.00,0.00,12.27
S030,2025-04-27,2025,0.00,0.00,11.36
S001,2025-04-28,2025,180.71,110.39,11.28
S002,2025-04-28,2025,102.75,80.60,14.02
S003,2025-04-28,2025,959.57,124.43,15.98
S004,2025-04-28,2025,169.29,29.13,16.74
S005,2025-04-28,2025,149.07,94.42,12.44
S006,2025-04-28,2025,157.13,155.38,12.20
S007,2025-04-28,2025,793.30,265.66,12.50
S008,2025-04-28,2025,32.58,7.92,15.98
S009,2025-04-28,2025,110.58,37.96,15.39
S010,2025-04-28,2025,217.54,94.77,15.41
S011,2025-04-28,2025,800.23,131.00,15.59
S012,2025-04-28,2025,invalid,38.38,13.71
S013,2025-04-28,2025,51.67,39.47,10.96
S014,2025-04-28,2025,250.81,75.00,15.99
S015,2025-04-28,2025,660.96,221.04,12.45
S016,2025-04-28,2025,50.71,39.12,12.54
S017,2025-04-28,2025,48.64,30.97,12.56
S018,2025-04-28,2025,113.83,148.80,11.24
S019,2025-04-28,2025,1049.75,424.30,12.39
S020,2025-04-28,2025,73.99,55.81,12.14
S021,2025-04-28,2025,125.51,45.96,14.29
S022,2025-04-28,2025,125.33,86.98,13.69
S023,2025-04-28,2025,760.82,172.42,14.35
S024,2025-04-28,2025,36.71,6.65,16.72
S025,2025-04-28,2025,194.83,37.60,16.03
S026,2025-04-28,2025,95.21,17.29,16.79
S027,2025-04-28,2025,822.53,319.56,12.41
S028,2025-04-28,2025,136.28,95.68,12.12
S029,2025-04-28,2025,0.00,0.00,16.03
S030,2025-04-28,2025,0.00,0.00,16.39
S001,2025-04-29,2025,173.96,95.90,12.63
S002,2025-04-29,2025,99.48,123.95,11.16
S003,2025-04-29,2025,926.87,202.72,14.57
S004,2025-04-29,2025,180.70,135.21,12.69
S005,2025-04-29,2025,151.01,57.54,14.52
S006,2025-04-29,2025,162.28,56.15,15.64
S007,2025-04-29,2025,823.27,326.74,11.50
S008,2025-04-29,2025,33.29,16.21,14.12
S009,2025-04-29,2025,120.02,51.44,14.19
S010,2025-04-29,2025,230.23,187.05,13.51
S011,2025-04-29,2025,909.32,302.75,12.19
S012,2025-04-29,2025,69.35,62.05,12.01
S013,2025-04-29,2025,50.47,24.13,13.96
S014,2025-04-29,2025,248.49,286.34,11.24
S015,2025-04-29,2025,703.54,92.28,15.91
S016,2025-04-29,2025,54.31,32.29,12.87
S017,2025-04-29,2025,42.67,28.76,12.38
S018,2025-04-29,2025,113.57,65.46,15.15
S019,2025-04-29,2025,1053.32,120.77,16.25
S020,2025-04-29,2025,72.47,18.57,15.96
S021,2025-04-29,2025,118.98,15.33,16.93
S022,2025-04-29,2025,123.48,112.44,11.83
S023,2025-04-29,2025,732.99,145.78,14.35
S024,2025-04-29,2025,39.22,33.14,11.97
S025,2025-04-29,2025,193.60,37.55,16.14
S026,2025-04-29,2025,83.39,43.30,15.09
S027,2025-04-29,2025,782.72,85.51,16.44
S028,2025-04-29,2025,116.45,19.75,16.69
,,,,,
S030,2025-04-29,2025,0.00,0.00,11.39
S001,2025-04-30,2025,147.80,102.05,12.76
S002,2025-04-30,2025,104.63,127.78,11.48
S003,2025-04-30,2025,1001.09,278.26,13.54
S004,2025-04-30,2025,194.80,151.52,11.83
S005,2025-04-30,2025,162.04,107.70,11.51
S006,2025-04-30,2025,160.35,165.90,11.93
S007,2025-04-30,2025,871.95,233.53,13.17
S008,2025-04-30,2025,29.49,6.95,16.29
S009,2025-04-30,2025,128.77,26.47,15.91
S010,2025-04-30,2025,233.28,63.48,16.45
S011,2025-04-30,2025,947.38,291.86,12.46
S012,2025-04-30,2025,81.01,7.86,17.17
S013,2025-04-30,2025,50.37,32.14,12.94
S014,2025-04-30,2025,254.04,91.11,15.62
S015,2025-04-30,2025,595.51,143.40,14.89
S016,2025-04-30,2025,51.30,35.86,13.02
S017,2025-04-30,2025,52.33,12.66,15.79
S018,2025-04-30,2025,118.67,61.38,15.00
S019,2025-04-30,2025,1032.13,251.27,14.32
S020,2025-04-30,2025,71.18,55.56,12.00
S021,2025-04-30,2025,131.77,33.91,15.56
,,,,,
S023,2025-04-30,2025,662.97,151.55,14.51
S024,2025-04-30,2025,39.37,27.51,13.20
S025,2025-04-30,2025,157.61,48.85,15.22
S026,2025-04-30,2025,84.70,61.55,14.13
S027,2025-04-30,2025,787.68,251.37,13.30
S028,2025-04-30,2025,123.36,49.11,14.96
S029,2025-04-30,2025,0.00,0.00,13.82
S030,2025-04-30,2025,0.00,0.00,12.69
S001,2025-05-01,2025,145.66,109.59,11.57
S002,2025-05-01,2025,104.88,27.68,16.46
S003,2025-05-01,2025,1014.62,331.49,12.32
S004,2025-05-01,2025,167.24,56.81,15.75
S005,2025-05-01,2025,158.17,11.77,17.21
S006,2025-05-01,2025,148.84,79.07,14.66
S007,2025-05-01,2025,721.66,156.48,14.85
S008,2025-05-01,2025,33.33,18.48,13.49
S009,2025-05-01,2025,121.33,50.64,14.05
S010,2025-05-01,2025,227.61,59.41,16.45
S011,2025-05-01,2025,828.54,85.72,16.57
S012,2025-05-01,2025,65.35,28.31,15.36
S013,2025-05-01,2025,56.51,15.96,15.32
S014,2025-05-01,2025,248.79,32.79,17.22
S015,2025-05-01,2025,698.65,89.80,15.93
S016,2025-05-01,2025,55.08,28.90,13.61
S017,2025-05-01,2025,48.83,22.32,13.94
S018,2025-05-01,2025,119.58,121.64,12.07
S019,2025-05-01,2025,1108.19,431.68,11.36
S020,2025-05-01,2025,63.99,26.80,14.96
S021,2025-05-01,2025,117.21,46.12,14.69
S022,2025-05-01,2025,123.52,76.21,13.85
S023,2025-05-01,2025,666.33,155.73,14.04
S024,2025-05-01,2025,44.41,28.02,13.02
S025,2025-05-01,2025,187.29,113.99,12.03
S026,2025-05-01,2025,83.34,75.74,12.70
S027,2025-05-01,2025,802.62,218.10,14.08
S028,2025-05-01,2025,112.21,58.59,14.77
S029,2025-05-01,2025,0.00,0.00,15.33
S030,2025-05-01,2025,0.00,0.00,12.93
S001,2025-05-02,2025,181.78,29.36,16.48
S002,2025-05-02,2025,117.83,122.09,11.64
S003,2025-05-02,2025,843.65,256.20,13.71
S004,2025-05-02,2025,171.45,87.39,14.75
S005,2025-05-02,2025,133.56,47.50,15.18
S006,2025-05-02,2025,154.07,121.00,13.63
S007,2025-05-02,2025,905.04,72.78,16.57
S008,2025-05-02,2025,32.76,4.97,16.77
S009,2025-05-02,2025,113.46,83.65,12.21
S010,2025-05-02,2025,245.36,189.73,12.98
S011,2025-05-02,2025,889.94,122.65,15.62
S012,2025-05-02,2025,66.44,48.59,12.88
S013,2025-05-02,2025,59.49,10.99,16.03
S014,2025-05-02,2025,210.12,139.69,14.85
S015,2025-05-02,2025,715.33,188.75,13.31
S016,2025-05-02,2025,47.78,3.61,17.45
S017,2025-05-02,2025,47.35,15.72,14.75
S018,2025-05-02,2025,120.56,58.62,15.50
S019,2025-05-02,2025,1090.75,304.74,13.31
S020,2025-05-02,2025,77.14,18.71,15.97
S021,2025-05-02,2025,134.39,39.60,15.27
S022,2025-05-02,2025,103.65,96.56,12.92
S023,2025-05-02,2025,680.12,91.69,15.84
S024,2025-05-02,2025,39.53,6.88,16.73
S025,2025-05-02,2025,193.95,121.14,11.99
S026,2025-05-02,2025,82.06,49.08,14.63
S027,2025-05-02,2025,860.76,167.18,14.88
S028,2025-05-02,2025,122.31,41.99,15.55
S029,2025-05-02,2025,0.00,0.00,15.06
S030,2025-05-02,2025,0.00,0.00,13.40
S001,2025-05-03,2025,106.88,29.37,15.48
S002,2025-05-03,2025,74.58,56.28,13.21
S003,2025-05-03,2025,640.15,249.90,11.83
S004,2025-05-03,2025,128.90,35.77,15.42
S005,2025-05-03,2025,100.91,20.97,16.00
S006,2025-05-03,2025,102.04,51.44,14.87
S007,2025-05-03,2025,520.30,158.17,12.59
S008,2025-05-03,2025,19.78,1.38,17.49
S009,2025-05-03,2025,67.63,29.89,14.49
S010,2025-05-03,2025,137.38,143.28,12.67
S011,2025-05-03,2025,484.42,60.89,16.27
S012,2025-05-03,2025,43.50,3.41,17.45
S013,2025-05-03,2025,36.11,3.52,17.03
S014,2025-05-03,2025,160.78,33.62,16.57
S015,2025-05-03,2025,407.30,175.51,11.77
S016,2025-05-03,2025,27.87,25.08,12.15
S017,2025-05-03,2025,28.63,10.69,14.86
S018,2025-05-03,2025,78.85,9.24,17.26
S019,2025-05-03,2025,648.60,236.14,12.11
S020,2025-05-03,2025,43.70,2.64,17.58
S021,2025-05-03,2025,69.50,21.08,15.54
S022,2025-05-03,2025,75.33,61.68,13.32
S023,2025-05-03,2025,384.95,43.00,16.27
S024,2025-05-03,2025,24.58,4.62,16.48
S025,2025-05-03,2025,103.22,12.54,16.90
S026,2025-05-03,2025,57.87,37.60,13.98
S027,2025-05-03,2025,508.21,20.74,17.42
S028,2025-05-03,2025,75.60,3.33,17.67
S029,2025-05-03,2025,0.00,0.00,17.31
S030,2025-05-03,2025,0.00,0.00,17.01
S001,2025-05-04,2025,111.03,7.03,17.32
S002,2025-05-04,2025,70.80,10.30,17.03
S003,2025-05-04,2025,623.41,215.69,12.42
S004,2025-05-04,2025,111.92,73.75,13.59
S005,2025-05-04,2025,94.71,24.92,15.51
S006,2025-05-04,2025,81.01,54.64,14.38
S007,2025-05-04,2025,470.53,145.70,13.67
S008,2025-05-04,2025,19.17,1.23,17.51
S009,2025-05-04,2025,70.68,39.93,13.53
S010,2025-05-04,2025,137.11,29.31,16.93
S011,2025-05-04,2025,548.16,123.45,14.62
S012,2025-05-04,2025,45.56,18.02,14.83
S013,2025-05-04,2025,32.45,18.70,12.41
S014,2025-05-04,2025,155.37,15.26,17.45
S015,2025-05-04,2025,417.35,31.03,16.92
S016,2025-05-04,2025,28.39,6.66,16.49
S017,2025-05-04,2025,29.30,14.56,13.57
S018,2025-05-04,2025,74.36,46.73,14.17
S019,2025-05-04,2025,722.40,121.93,15.34
S020,2025-05-04,2025,38.67,18.62,14.82
S021,2025-05-04,2025,73.16,51.43,11.85
S022,2025-05-04,2025,67.21,78.81,12.14
S023,2025-05-04,2025,394.60,148.12,11.90
S024,2025-05-04,2025,26.71,16.43,12.80
S025,2025-05-04,2025,118.26,18.30,16.56
S026,2025-05-04,2025,47.36,1.86,17.80
S027,2025-05-04,2025,537.52,73.01,15.56
S028,2025-05-04,2025,75.21,41.47,13.97
S029,2025-05-04,2025,0.00,0.00,12.81
S030,2025-05-04,2025,0.00,0.00,13.68
S001,2025-05-05,2025,144.62,23.78,16.55
S002,2025-05-05,2025,104.92,102.00,13.03
S003,2025-05-05,2025,935.08,101.96,16.44
S004,2025-05-05,2025,173.33,4.13,17.83
S005,2025-05-05,2025,155.12,69.76,13.25
S006,2025-05-05,2025,156.26,35.87,16.71
S007,2025-05-05,2025,756.49,118.54,15.77
S008,2025-05-05,2025,31.38,8.50,16.04
S009,2025-05-05,2025,107.97,72.45,12.32
S010,2025-05-05,2025,214.12,188.94,13.34
S011,2025-05-05,2025,844.48,38.20,17.35
S012,2025-05-05,2025,78.54,25.58,15.63
S013,2025-05-05,2025,51.80,16.73,15.13
S014,2025-05-05,2025,227.07,156.73,14.03
S015,2025-05-05,2025,613.91,64.63,16.46
S016,2025-05-05,2025,52.13,35.54,13.05
S017,2025-05-05,2025,45.54,15.77,15.17
S018,2025-05-05,2025,118.05,91.18,13.49
S019,2025-05-05,2025,1141.38,116.87,16.20
S020,2025-05-05,2025,71.85,19.21,16.11
S021,2025-05-05,2025,118.22,27.50,15.85
S022,2025-05-05,2025,108.44,44.96,15.57
S023,2025-05-05,2025,739.24,256.35,12.12
S024,2025-05-05,2025,40.87,16.37,14.64
S025,2025-05-05,2025,155.35,60.85,14.62
S026,2025-05-05,2025,79.46,46.63,15.01
S027,2025-05-05,2025,766.63,8.89,17.84
S028,2025-05-05,2025,121.93,34.70,15.89
S029,2025-05-05,2025,0.00,0.00,16.79
S030,2025-05-05,2025,0.00,0.00,18.01
S001,2025-05-06,2025,168.48,67.62,13.82
S002,2025-05-06,2025,97.02,62.70,14.30
S003,2025-05-06,2025,1063.22,269.73,13.57
S004,2025-05-06,2025,191.13,17.03,17.31
S005,2025-05-06,2025,162.10,47.37,15.18
S006,2025-05-06,2025,147.25,50.77,16.04
S007,2025-05-06,2025,902.50,139.25,15.21
S008,2025-05-06,2025,30.60,15.58,14.39
S009,2025-05-06,2025,130.11,46.26,14.45
S010,2025-05-06,2025,215.21,55.01,16.65
S011,2025-05-06,2025,863.13,123.82,15.71
S012,2025-05-06,2025,68.02,13.71,16.68
S013,2025-05-06,2025,49.47,19.75,14.87
S014,2025-05-06,2025,227.64,81.45,15.89
S015,2025-05-06,2025,664.74,0.00,18.15
S016,2025-05-06,2025,50.50,30.10,13.48
S017,2025-05-06,2025,50.74,25.85,13.33
S018,2025-05-06,2025,124.85,62.15,15.12
S019,2025-05-06,2025,1008.79,8.89,17.86
S020,2025-05-06,2025,64.22,33.66,14.65
S021,2025-05-06,2025,136.09,40.14,14.71
S022,2025-05-06,2025,105.88,94.74,13.51
S023,2025-05-06,2025,761.22,35.16,17.24
S024,2025-05-06,2025,43.66,25.74,13.49
S025,2025-05-06,2025,195.27,65.73,14.51
S026,2025-05-06,2025,92.64,11.64,17.14
S027,2025-05-06,2025,822.03,68.53,16.58
S028,2025-05-06,2025,128.50,0.62,17.97
S029,2025-05-06,2025,0.00,0.00,13.07
S030,2025-05-06,2025,0.00,0.00,15.99
S001,2025-05-07,2025,172.76,0.00,18.23
S002,2025-05-07,2025,96.57,81.87,13.15
S003,2025-05-07,2025,1046.51,183.56,15.08
S004,2025-05-07,2025,191.88,88.84,14.13
S005,2025-05-07,2025,161.10,10.16,17.35
S006,2025-05-07,2025,135.64,34.35,16.57
S007,2025-05-07,2025,807.09,83.49,16.50
S008,2025-05-07,2025,30.15,18.20,14.02
S009,2025-05-07,2025,132.14,34.87,15.10
S010,2025-05-07,2025,260.37,233.06,12.62
S011,2025-05-07,2025,875.86,206.56,14.46
S012,2025-05-07,2025,67.28,40.32,14.29
S013,2025-05-07,2025,54.33,28.91,12.49
S014,2025-05-07,2025,262.67,197.24,13.14
S015,2025-05-07,2025,722.74,78.88,16.14
S016,2025-05-07,2025,50.34,13.17,15.84
S017,2025-05-07,2025,48.00,12.08,15.74
S018,2025-05-07,2025,113.62,62.46,14.76
S019,2025-05-07,2025,1202.21,263.61,14.25
S020,2025-05-07,2025,62.14,47.17,12.88
S021,2025-05-07,2025,133.54,30.32,15.86
S022,2025-05-07,2025,104.99,26.51,16.56
S023,2025-05-07,2025,749.87,112.95,15.12
S024,2025-05-07,2025,43.08,19.32,14.49
S025,2025-05-07,2025,173.30,84.56,13.30
S026,2025-05-07,2025,81.79,12.42,17.19
S027,2025-05-07,2025,936.46,94.19,16.35
S028,2025-05-07,2025,112.81,20.47,16.69
S029,2025-05-07,2025,0.00,0.00,18.02
S030,2025-05-07,2025,0.00,0.00,15.28
S001,2025-05-08,2025,162.35,40.01,15.66
S002,2025-05-08,2025,120.98,32.96,16.24
S003,2025-05-08,2025,1034.42,250.45,13.53
S004,2025-05-08,2025,187.55,28.23,16.79
S005,2025-05-08,2025,157.87,45.49,14.99
S006,2025-05-08,2025,154.91,19.46,17.22
S007,2025-05-08,2025,723.39,202.44,14.25
S008,2025-05-08,2025,32.71,15.13,14.30
S009,2025-05-08,2025,107.83,20.02,16.44
S010,2025-05-08,2025,213.15,63.45,16.34
S011,2025-05-08,2025,912.70,289.62,13.14
S012,2025-05-08,2025,81.53,41.91,13.57
S013,2025-05-08,2025,59.10,6.02,16.86
S014,2025-05-08,2025,244.25,73.00,16.30
S015,2025-05-08,2025,702.26,26.16,17.42
S016,2025-05-08,2025,54.61,0.00,18.04
S017,2025-05-08,2025,46.27,2.85,17.40
S018,2025-05-08,2025,136.68,9.69,17.50
S019,2025-05-08,2025,1168.55,65.98,17.05
S020,2025-05-08,2025,75.24,48.49,12.75
S021,2025-05-08,2025,116.57,16.88,16.78
S022,2025-05-08,2025,123.56,84.68,13.43
S023,2025-05-08,2025,706.39,125.25,15.28
S024,2025-05-08,2025,37.08,7.41,16.57
S025,2025-05-08,2025,162.85,0.00,18.29
S026,2025-05-08,2025,84.30,2.39,17.84
S027,2025-05-08,2025,868.84,202.62,14.48
S028,2025-05-08,2025,138.57,85.30,13.36
S029,2025-05-08,2025,0.00,0.00,13.84
S030,2025-05-08,2025,0.00,0.00,12.74
S001,2025-05-09,2025,151.67,57.73,14.49
S002,2025-05-09,2025,115.36,23.58,16.67
S003,2025-05-09,2025,992.75,115.48,16.17
S004,2025-05-09,2025,170.63,12.03,17.46
S005,2025-05-09,2025,139.52,0.00,18.44
S006,2025-05-09,2025,160.40,2.70,17.90
S007,2025-05-09,2025,755.49,65.00,16.74
S008,2025-05-09,2025,30.56,0.00,18.44
S009,2025-05-09,2025,110.64,21.62,16.46
S010,2025-05-09,2025,232.60,43.00,16.89
S011,2025-05-09,2025,821.35,170.41,14.96
S012,2025-05-09,2025,77.19,8.82,17.16
S013,2025-05-09,2025,52.49,28.30,13.50
S014,2025-05-09,2025,247.30,126.00,14.58
S015,2025-05-09,2025,621.57,65.89,16.55
S016,2025-05-09,2025,52.85,10.53,16.34
S017,2025-05-09,2025,46.72,19.35,14.10
S018,2025-05-09,2025,139.43,8.96,17.60
S019,2025-05-09,2025,1049.69,83.89,16.89
S020,2025-05-09,2025,63.34,28.73,14.95
S021,2025-05-09,2025,120.48,17.76,16.76
S022,2025-05-09,2025,113.04,36.16,16.04
S023,2025-05-09,2025,709.77,0.00,18.39
S024,2025-05-09,2025,41.62,18.45,14.88
S025,2025-05-09,2025,185.07,25.55,16.74
S026,2025-05-09,2025,75.94,51.74,14.76
S027,2025-05-09,2025,847.98,120.87,15.66
S028,2025-05-09,2025,137.53,83.23,12.75
S029,2025-05-09,2025,0.00,0.00,16.38
S030,2025-05-09,2025,0.00,0.00,15.50
S001,2025-05-10,2025,109.49,54.56,13.04
S002,2025-05-10,2025,68.66,20.13,16.31
S003,2025-05-10,2025,574.61,57.77,16.53
S004,2025-05-10,2025,113.44,7.87,17.45
S005,2025-05-10,2025,92.64,37.84,14.47
S006,2025-05-10,2025,93.49,0.00,18.23
S007,2025-05-10,2025,491.12,55.45,16.37
S008,2025-05-10,2025,18.02,5.47,15.91
S009,2025-05-10,2025,76.38,10.56,16.77
S010,2025-05-10,2025,156.43,131.84,12.95
S011,2025-05-10,2025,578.34,0.00,18.09
S012,2025-05-10,2025,42.10,8.43,16.55
S013,2025-05-10,2025,33.28,11.25,14.60
S014,2025-05-10,2025,153.83,0.00,18.10
S015,2025-05-10,2025,425.86,0.00,18.15
S016,2025-05-10,2025,30.02,17.88,13.91
S017,2025-05-10,2025,28.44,6.29,16.16
S018,2025-05-10,2025,81.29,36.83,14.94
S019,2025-05-10,2025,640.49,189.96,13.15
S020,2025-05-10,2025,47.56,29.14,13.37
S021,2025-05-10,2025,81.24,14.04,16.38
S022,2025-05-10,2025,76.56,54.46,13.13
S023,2025-05-10,2025,446.96,39.88,16.46
S024,2025-05-10,2025,27.32,0.00,18.55
S025,2025-05-10,2025,103.48,37.17,14.56
S026,2025-05-10,2025,49.87,16.84,16.14
S027,2025-05-10,2025,565.88,137.91,13.44
S028,2025-05-10,2025,69.61,15.57,16.47
S029,2025-05-10,2025,0.00,0.00,14.63
S030,2025-05-10,2025,0.00,0.00,15.67
S001,2025-05-11,2025,109.14,1.74,17.83
S002,2025-05-11,2025,74.30,28.67,15.53
S003,2025-05-11,2025,532.78,0.00,18.05
S004,2025-05-11,2025,103.31,68.79,13.28
S005,2025-05-11,2025,91.97,11.35,16.95
S006,2025-05-11,2025,85.92,51.28,14.96
S007,2025-05-11,2025,511.25,120.15,14.48
S008,2025-05-11,2025,19.76,8.97,14.49
S009,2025-05-11,2025,83.33,28.68,14.32
S010,2025-05-11,2025,150.91,116.77,13.68
S011,2025-05-11,2025,545.50,0.00,18.61
S012,2025-05-11,2025,44.04,20.81,14.85
S013,2025-05-11,2025,32.81,8.47,15.78
S014,2025-05-11,2025,159.68,20.54,17.13
S015,2025-05-11,2025,417.00,56.17,16.01
S016,2025-05-11,2025,33.12,20.55,13.33
S017,2025-05-11,2025,29.98,2.90,17.10
S018,2025-05-11,2025,83.47,63.19,13.27
S019,2025-05-11,2025,659.33,0.00,18.57
S020,2025-05-11,2025,39.34,2.54,17.52
S021,2025-05-11,2025,81.15,0.00,18.51
S022,2025-05-11,2025,70.50,0.00,18.20
S023,2025-05-11,2025,449.18,109.95,13.77
S024,2025-05-11,2025,24.83,7.67,15.81
S025,2025-05-11,2025,109.05,39.76,14.74
S026,2025-05-11,2025,46.83,24.29,15.56
S027,2025-05-11,2025,511.02,124.20,14.40
S028,2025-05-11,2025,68.85,9.37,17.02
S029,2025-05-11,2025,0.00,0.00,14.42
S030,2025-05-11,2025,0.00,0.00,13.32
S001,2025-05-12,2025,168.48,23.86,16.79
S002,2025-05-12,2025,101.18,90.68,13.43
S003,2025-05-12,2025,1062.45,270.80,13.63
S004,2025-05-12,2025,173.81,34.45,16.60
S005,2025-05-12,2025,142.87,7.43,17.52
S006,2025-05-12,2025,145.64,76.89,15.10
S007,2025-05-12,2025,890.15,62.44,16.72
S008,2025-05-12,2025,28.52,0.00,19.06
S009,2025-05-12,2025,133.33,19.02,16.51
S010,2025-05-12,2025,230.96,9.92,17.75
S011,2025-05-12,2025,915.87,78.99,16.45
S012,2025-05-12,2025,71.10,34.90,14.23
S013,2025-05-12,2025,58.71,11.23,15.93
S014,2025-05-12,2025,266.50,86.70,15.92
S015,2025-05-12,2025,692.27,0.00,18.84
S016,2025-05-12,2025,50.47,20.84,14.88
S017,2025-05-12,2025,48.41,13.82,15.58
S018,2025-05-12,2025,126.64,62.70,15.29
S019,2025-05-12,2025,1180.95,54.57,17.13
S020,2025-05-12,2025,77.12,19.93,15.83
S021,2025-05-12,2025,137.66,48.21,14.41
S022,2025-05-12,2025,122.23,67.97,14.48
S023,2025-05-12,2025,685.35,91.29,15.65
S024,2025-05-12,2025,44.45,28.46,13.13
S025,2025-05-12,2025,172.37,55.75,15.14
S026,2025-05-12,2025,80.60,0.00,18.66
S027,2025-05-12,2025,918.80,0.00,18.55
S028,2025-05-12,2025,121.11,0.00,18.58
S029,2025-05-12,2025,0.00,0.00,16.08
S030,2025-05-12,2025,0.00,0.00,14.18
S001,2025-05-13,2025,152.83,13.18,17.31
S002,2025-05-13,2025,117.43,0.00,18.87
S003,2025-05-13,2025,1007.91,139.35,15.83
S004,2025-05-13,2025,196.07,55.66,15.52
S005,2025-05-13,2025,130.27,16.84,17.01
S006,2025-05-13,2025,165.12,85.89,14.87
S007,2025-05-13,2025,723.87,130.04,15.36
S008,2025-05-13,2025,31.34,11.85,15.11
S009,2025-05-13,2025,119.69,19.09,16.66
S010,2025-05-13,2025,230.92,61.38,16.54
S011,2025-05-13,2025,811.47,0.00,18.18
S012,2025-05-13,2025,66.01,17.43,16.15
S013,2025-05-13,2025,59.62,25.28,13.50
S014,2025-05-13,2025,264.68,144.28,14.20
S015,2025-05-13,2025,592.75,28.07,17.29
S016,2025-05-13,2025,54.97,15.15,15.60
S017,2025-05-13,2025,52.29,20.19,13.79
S018,2025-05-13,2025,116.63,91.07,13.99
S019,2025-05-13,2025,1000.78,0.00,18.17
S020,2025-05-13,2025,66.48,21.98,15.78
S021,2025-05-13,2025,135.83,0.00,18.73
S022,2025-05-13,2025,122.39,63.83,14.79
S023,2025-05-13,2025,632.53,7.23,17.82
S024,2025-05-13,2025,37.71,20.93,13.94
S025,2025-05-13,2025,159.14,67.71,14.21
S026,2025-05-13,2025,79.00,27.69,16.11
S027,2025-05-13,2025,934.22,115.68,15.91
S028,2025-05-13,2025,138.29,0.00,18.68
S029,2025-05-13,2025,0.00,0.00,14.92
S030,2025-05-13,2025,0.00,0.00,19.05
S001,2025-05-14,2025,157.66,0.00,19.17
S002,2025-05-14,2025,107.86,57.32,15.14
S003,2025-05-14,2025,903.24,140.43,15.56
S004,2025-05-14,2025,200.45,87.03,14.26
S005,2025-05-14,2025,137.10,10.04,17.42
S006,2025-05-14,2025,154.33,86.86,14.22
S007,2025-05-14,2025,753.39,181.38,14.21
S008,2025-05-14,2025,32.49,0.00,19.01
S009,2025-05-14,2025,115.92,21.30,16.48
S010,2025-05-14,2025,225.06,0.00,18.99
S011,2025-05-14,2025,860.22,0.00,19.00
S012,2025-05-14,2025,invalid,19.13,16.01
S013,2025-05-14,2025,49.48,0.00,18.81
S014,2025-05-14,2025,231.69,137.96,14.30
S015,2025-05-14,2025,677.61,50.91,16.84
S016,2025-05-14,2025,54.98,11.05,16.38
S017,2025-05-14,2025,51.87,0.00,18.77
S018,2025-05-14,2025,138.50,0.00,19.05
S019,2025-05-14,2025,1172.52,0.00,18.58
S020,2025-05-14,2025,68.89,0.00,18.42
S021,2025-05-14,2025,135.48,0.00,18.21
S022,2025-05-14,2025,116.71,57.60,14.84
S023,2025-05-14,2025,759.81,106.19,15.68
S024,2025-05-14,2025,41.44,1.79,17.67
S025,2025-05-14,2025,170.03,52.19,15.10
S026,2025-05-14,2025,91.23,27.22,16.23
S027,2025-05-14,2025,865.22,21.80,17.57
S028,2025-05-14,2025,132.50,77.96,13.51
S029,2025-05-14,2025,0.00,0.00,18.65
S030,2025-05-14,2025,0.00,0.00,14.36
,,,,,
S002,2025-05-15,2025,98.63,57.34,14.76
S003,2025-05-15,2025,913.83,0.00,18.78
,,,,,
S005,2025-05-15,2025,146.29,56.41,14.69
S006,2025-05-15,2025,163.48,0.00,19.08
S007,2025-05-15,2025,772.65,136.51,15.41
S008,2025-05-15,2025,29.05,16.01,13.90
S009,2025-05-15,2025,132.71,0.00,18.57
S010,2025-05-15,2025,215.00,0.00,19.29
,,,,,
S012,2025-05-15,2025,71.61,12.93,16.63
S013,2025-05-15,2025,58.57,0.00,18.77
S014,2025-05-15,2025,216.40,128.06,14.81
S015,2025-05-15,2025,644.85,0.00,18.40
S016,2025-05-15,2025,50.06,2.95,17.57
S017,2025-05-15,2025,47.26,11.02,15.91
S018,2025-05-15,2025,120.30,0.00,18.94
S019,2025-05-15,2025,1016.11,80.77,16.89
S020,2025-05-15,2025,74.14,27.98,14.95
S021,2025-05-15,2025,132.56,35.07,15.26
S022,2025-05-15,2025,115.82,27.92,16.46
S023,2025-05-15,2025,729.99,0.00,18.54
S024,2025-05-15,2025,38.71,16.46,15.08
S025,2025-05-15,2025,186.87,0.00,18.23
S026,2025-05-15,2025,77.76,59.10,13.96
S027,2025-05-15,2025,819.29,130.72,15.56
S028,2025-05-15,2025,133.35,45.84,15.05
S029,2025-05-15,2025,0.00,0.00,13.98
S030,2025-05-15,2025,0.00,0.00,16.82
S001,2025-05-16,2025,170.92,58.99,14.34
S002,2025-05-16,2025,118.78,0.00,19.38
S003,2025-05-16,2025,982.69,221.80,14.40
S004,2025-05-16,2025,187.75,26.48,16.99
S005,2025-05-16,2025,162.70,56.22,14.49
S006,2025-05-16,2025,136.68,79.22,14.81
S007,2025-05-16,2025,739.74,57.14,16.97
S008,2025-05-16,2025,28.20,8.77,15.74
S009,2025-05-16,2025,135.09,10.84,17.25
S010,2025-05-16,2025,244.31,0.00,19.24
S011,2025-05-16,2025,886.31,0.00,18.97
S012,2025-05-16,2025,66.15,0.00,18.49
S013,2025-05-16,2025,59.23,15.19,15.17
S014,2025-05-16,2025,229.26,69.25,16.44
S015,2025-05-16,2025,691.88,6.28,17.84
S016,2025-05-16,2025,51.35,22.47,14.53
S017,2025-05-16,2025,43.50,9.18,16.11
S018,2025-05-16,2025,138.44,85.04,13.80
S019,2025-05-16,2025,975.78,256.34,14.05
S020,2025-05-16,2025,76.79,0.00,18.88
S021,2025-05-16,2025,114.65,9.16,17.38
S022,2025-05-16,2025,106.66,72.83,14.49
S023,2025-05-16,2025,653.51,44.50,16.86
S024,2025-05-16,2025,39.84,22.32,14.07
S025,2025-05-16,2025,181.15,0.00,19.05
S026,2025-05-16,2025,77.26,7.71,17.51
S027,2025-05-16,2025,783.20,44.45,17.20
S028,2025-05-16,2025,114.33,0.00,19.13
S029,2025-05-16,2025,0.00,0.00,19.62
S030,2025-05-16,2025,0.00,0.00,15.17
S001,2025-05-17,2025,100.39,0.00,19.47
S002,2025-05-17,2025,60.46,41.30,14.13
S003,2025-05-17,2025,524.03,0.00,18.55
S004,2025-05-17,2025,128.86,26.66,16.32
S005,2025-05-17,2025,92.44,12.58,16.67
S006,2025-05-17,2025,99.50,0.00,18.28
S007,2025-05-17,2025,534.40,33.14,16.97
S008,2025-05-17,2025,17.35,0.69,17.75
S009,2025-05-17,2025,70.10,6.44,17.28
S010,2025-05-17,2025,133.30,0.00,19.45
S011,2025-05-17,2025,538.02,54.85,16.42
S012,2025-05-17,2025,42.28,0.00,18.40
S013,2025-05-17,2025,30.31,13.32,14.40
S014,2025-05-17,2025,164.10,0.00,19.77
S015,2025-05-17,2025,398.44,0.00,19.00
S016,2025-05-17,2025,32.83,0.00,19.67
S017,2025-05-17,2025,32.77,0.00,18.75
S018,2025-05-17,2025,73.48,3.36,17.76
S019,2025-05-17,2025,637.77,0.00,18.38
S020,2025-05-17,2025,46.27,14.20,15.72
S021,2025-05-17,2025,70.45,0.23,17.97
S022,2025-05-17,2025,68.50,8.47,17.25
S023,2025-05-17,2025,455.68,29.11,16.95
S024,2025-05-17,2025,24.32,0.00,19.68
S025,2025-05-17,2025,121.13,1.38,17.89
S026,2025-05-17,2025,51.02,16.39,16.07
S027,2025-05-17,2025,521.00,0.00,18.69
S028,2025-05-17,2025,72.09,0.00,18.84
S029,2025-05-17,2025,0.00,0.00,15.67
S030,2025-05-17,2025,0.00,0.00,18.61
S001,2025-05-18,2025,112.55,4.95,17.52
S002,2025-05-18,2025,66.97,0.00,18.01
S003,2025-05-18,2025,643.98,1.25,17.97
S004,2025-05-18,2025,123.46,6.41,17.58
S005,2025-05-18,2025,97.95,0.00,18.59
S006,2025-05-18,2025,90.63,60.52,14.22
S007,2025-05-18,2025,481.63,68.34,16.05
S008,2025-05-18,2025,21.74,6.22,15.58
S009,2025-05-18,2025,79.87,10.39,16.82
S010,2025-05-18,2025,128.58,0.00,18.06
S011,2025-05-18,2025,566.55,0.00,19.29
S012,2025-05-18,2025,41.79,0.00,18.42
S013,2025-05-18,2025,30.97,13.84,14.05
S014,2025-05-18,2025,144.39,69.48,15.28
S015,2025-05-18,2025,425.76,0.00,19.68
S016,2025-05-18,2025,28.20,0.00,18.27
S017,2025-05-18,2025,33.03,12.38,14.55
S018,2025-05-18,2025,82.91,46.70,14.22
S019,2025-05-18,2025,735.66,152.51,14.61
S020,2025-05-18,2025,48.23,0.00,19.87
S021,2025-05-18,2025,80.00,28.08,14.75
S022,2025-05-18,2025,69.28,0.00,19.13
S023,2025-05-18,2025,419.66,55.57,16.07
S024,2025-05-18,2025,28.01,1.26,17.62
S025,2025-05-18,2025,117.56,0.00,18.48
S026,2025-05-18,2025,54.21,0.00,19.83
S027,2025-05-18,2025,471.43,74.75,15.94
S028,2025-05-18,2025,74.76,28.42,15.35
S029,2025-05-18,2025,0.00,0.00,15.42
S030,2025-05-18,2025,0.00,0.00,14.54
S001,2025-05-19,2025,145.74,0.00,18.37
S002,2025-05-19,2025,121.43,21.66,16.94
S003,2025-05-19,2025,878.33,0.00,18.74
S004,2025-05-19,2025,171.71,73.96,15.01
S005,2025-05-19,2025,147.90,32.47,15.89
S006,2025-05-19,2025,132.48,0.00,18.34
S007,2025-05-19,2025,912.54,21.25,17.62
S008,2025-05-19,2025,34.97,15.21,14.31
S009,2025-05-19,2025,124.27,0.00,19.97
S010,2025-05-19,2025,246.61,66.07,16.48
S011,2025-05-19,2025,783.16,0.00,20.10
S012,2025-05-19,2025,75.61,14.36,16.52
S013,2025-05-19,2025,48.31,9.39,16.30
S014,2025-05-19,2025,253.04,42.37,16.94
S015,2025-05-19,2025,659.78,113.17,15.32
S016,2025-05-19,2025,49.73,0.00,19.02
S017,2025-05-19,2025,44.10,0.00,19.48
S018,2025-05-19,2025,119.25,59.90,15.44
S019,2025-05-19,2025,1031.68,193.01,15.14
S020,2025-05-19,2025,70.78,8.16,17.18
S021,2025-05-19,2025,120.13,0.00,19.09
S022,2025-05-19,2025,109.05,40.24,16.09
S023,2025-05-19,2025,617.61,0.00,19.79
S024,2025-05-19,2025,35.69,8.06,16.53
S025,2025-05-19,2025,156.05,60.68,14.91
S026,2025-05-19,2025,77.88,0.00,18.59
S027,2025-05-19,2025,919.92,79.07,16.64
S028,2025-05-19,2025,129.67,55.97,14.95
S029,2025-05-19,2025,0.00,0.00,16.10
S030,2025-05-19,2025,0.00,0.00,16.11
S001,2025-05-20,2025,invalid,24.71,16.51
S002,2025-05-20,2025,121.81,0.00,20.32
S003,2025-05-20,2025,1065.91,0.00,19.26
S004,2025-05-20,2025,164.94,76.55,14.70
S005,2025-05-20,2025,131.27,0.00,19.47
S006,2025-05-20,2025,141.28,82.29,14.47
S007,2025-05-20,2025,827.30,178.45,14.69
S008,2025-05-20,2025,34.28,12.54,15.17
S009,2025-05-20,2025,117.57,0.00,18.13
S010,2025-05-20,2025,212.91,2.44,17.94
S011,2025-05-20,2025,865.97,129.38,15.84
S012,2025-05-20,2025,73.11,15.39,16.48
S013,2025-05-20,2025,58.45,0.00,19.74
S014,2025-05-20,2025,252.56,16.77,17.56
S015,2025-05-20,2025,712.18,41.68,17.05
S016,2025-05-20,2025,44.49,20.56,15.11
S017,2025-05-20,2025,43.62,1.23,17.76
S018,2025-05-20,2025,116.14,28.50,16.67
S019,2025-05-20,2025,993.55,133.06,16.16
S020,2025-05-20,2025,63.06,30.43,14.66
S021,2025-05-20,2025,124.11,0.00,18.29
S022,2025-05-20,2025,117.36,48.94,15.50
S023,2025-05-20,2025,639.95,0.00,19.91
S024,2025-05-20,2025,42.12,4.17,17.22
S025,2025-05-20,2025,164.48,62.53,14.58
S026,2025-05-20,2025,76.58,45.78,14.77
S027,2025-05-20,2025,905.89,25.24,17.53
S028,2025-05-20,2025,127.97,0.00,18.75
S029,2025-05-20,2025,0.00,0.00,18.93
S030,2025-05-20,2025,0.00,0.00,17.90
S001,2025-05-21,2025,174.20,0.00,18.42
S002,2025-05-21,2025,120.30,15.25,17.21
S003,2025-05-21,2025,888.68,0.00,19.96
S004,2025-05-21,2025,193.19,0.00,19.52
S005,2025-05-21,2025,154.89,0.00,20.03
S006,2025-05-21,2025,138.80,0.00,20.29
S007,2025-05-21,2025,899.80,38.37,17.28
S008,2025-05-21,2025,31.26,1.69,17.59
S009,2025-05-21,2025,121.42,0.00,19.11
S010,2025-05-21,2025,215.03,46.54,16.72
S011,2025-05-21,2025,900.96,0.00,19.92
S012,2025-05-21,2025,65.74,0.00,20.17
S013,2025-05-21,2025,47.48,6.14,17.01
S014,2025-05-21,2025,211.49,0.00,19.18
S015,2025-05-21,2025,638.40,0.00,18.66
S016,2025-05-21,2025,46.17,9.48,16.68
S017,2025-05-21,2025,53.83,11.24,16.06
S018,2025-05-21,2025,109.72,18.83,17.06
S019,2025-05-21,2025,1216.02,39.71,17.46
S020,2025-05-21,2025,75.38,0.00,20.19
S021,2025-05-21,2025,111.05,0.00,19.35
S022,2025-05-21,2025,125.58,70.05,14.58
S023,2025-05-21,2025,748.71,0.00,20.25
S024,2025-05-21,2025,42.97,4.36,17.18
S025,2025-05-21,2025,189.99,0.00,20.31
S026,2025-05-21,2025,80.14,6.68,17.49
S027,2025-05-21,2025,871.29,131.39,15.48
S028,2025-05-21,2025,113.61,21.54,16.66
S029,2025-05-21,2025,0.00,0.00,18.94
S030,2025-05-21,2025,0.00,0.00,17.53
S001,2025-05-22,2025,157.19,0.00,20.04
S002,2025-05-22,2025,97.93,0.00,19.17
S003,2025-05-22,2025,955.18,0.00,18.36
S004,2025-05-22,2025,205.57,0.00,19.30
S005,2025-05-22,2025,134.46,0.00,20.16
S006,2025-05-22,2025,154.54,0.00,20.56
S007,2025-05-22,2025,843.35,140.32,15.14
S008,2025-05-22,2025,30.38,0.00,18.65
S009,2025-05-22,2025,120.71,0.00,19.56
S010,2025-05-22,2025,222.93,0.00,18.86
S011,2025-05-22,2025,967.59,191.70,14.63
S012,2025-05-22,2025,77.85,10.14,17.04
S013,2025-05-22,2025,49.46,9.95,16.34
S014,2025-05-22,2025,244.85,130.10,14.83
S015,2025-05-22,2025,599.52,0.00,18.28
S016,2025-05-22,2025,51.99,21.21,15.04
S017,2025-05-22,2025,50.53,0.00,19.96
S018,2025-05-22,2025,122.94,0.00,19.43
S019,2025-05-22,2025,1152.20,0.00,18.55
S020,2025-05-22,2025,71.59,13.85,16.47
S021,2025-05-22,2025,116.88,0.00,18.62
S022,2025-05-22,2025,122.98,42.98,15.73
S023,2025-05-22,2025,741.93,37.68,17.15
S024,2025-05-22,2025,42.19,0.00,19.57
S025,2025-05-22,2025,184.37,0.00,18.70
S026,2025-05-22,2025,91.56,0.00,20.33
S027,2025-05-22,2025,872.10,89.88,16.38
S028,2025-05-22,2025,115.03,46.80,15.11
S029,2025-05-22,2025,0.00,0.00,18.99
S030,2025-05-22,2025,0.00,0.00,20.46
S001,2025-05-23,2025,156.94,0.00,18.08
S002,2025-05-23,2025,107.56,28.21,16.38
S003,2025-05-23,2025,839.81,0.00,19.03
S004,2025-05-23,2025,183.25,0.00,19.39
S005,2025-05-23,2025,158.46,21.17,16.72
S006,2025-05-23,2025,139.55,0.00,18.76
S007,2025-05-23,2025,781.49,118.13,15.56
S008,2025-05-23,2025,30.84,0.00,19.70
S009,2025-05-23,2025,116.64,22.52,16.14
S010,2025-05-23,2025,239.86,56.18,16.61
S011,2025-05-23,2025,885.93,0.00,20.65
S012,2025-05-23,2025,76.98,0.00,18.86
S013,2025-05-23,2025,56.87,0.00,20.51
S014,2025-05-23,2025,229.85,0.00,18.25
S015,2025-05-23,2025,717.36,64.04,16.52
S016,2025-05-23,2025,45.74,1.88,17.71
S017,2025-05-23,2025,50.96,11.31,16.03
S018,2025-05-23,2025,116.84,16.79,17.26
S019,2025-05-23,2025,1072.61,144.44,16.06
S020,2025-05-23,2025,72.15,27.07,15.13
S021,2025-05-23,2025,137.75,0.00,20.20
S022,2025-05-23,2025,102.90,44.27,15.74
S023,2025-05-23,2025,618.20,76.77,16.14
S024,2025-05-23,2025,37.37,0.00,19.88
S025,2025-05-23,2025,179.54,0.00,20.09
S026,2025-05-23,2025,90.52,20.10,16.56
S027,2025-05-23,2025,886.06,0.00,20.68
S028,2025-05-23,2025,133.27,20.33,16.75
S029,2025-05-23,2025,0.00,0.00,15.44
S030,2025-05-23,2025,0.00,0.00,18.77
S001,2025-05-24,2025,105.55,19.14,16.22
S002,2025-05-24,2025,59.72,0.00,20.29
S003,2025-05-24,2025,574.62,39.61,17.02
S004,2025-05-24,2025,117.83,17.82,16.90
S005,2025-05-24,2025,96.89,27.33,14.97
S006,2025-05-24,2025,102.24,0.00,19.54
S007,2025-05-24,2025,447.80,65.68,16.06
S008,2025-05-24,2025,18.29,0.39,17.85
S009,2025-05-24,2025,76.62,17.30,15.73
S010,2025-05-24,2025,158.91,0.00,18.61
S011,2025-05-24,2025,501.71,40.73,16.72
S012,2025-05-24,2025,46.18,13.15,15.79
S013,2025-05-24,2025,32.45,0.00,19.75
S014,2025-05-24,2025,134.87,0.00,19.67
S015,2025-05-24,2025,462.19,0.00,18.88
S016,2025-05-24,2025,28.51,1.42,17.63
S017,2025-05-24,2025,32.83,0.00,18.41
S018,2025-05-24,2025,85.22,27.50,16.06
S019,2025-05-24,2025,625.29,0.00,18.81
S020,2025-05-24,2025,45.41,0.03,17.99
S021,2025-05-24,2025,73.17,0.00,18.98
S022,2025-05-24,2025,63.41,0.00,18.42
S023,2025-05-24,2025,403.90,0.00,20.21
S024,2025-05-24,2025,23.80,6.23,16.22
S025,2025-05-24,2025,115.77,14.39,16.81
S026,2025-05-24,2025,54.51,0.00,18.19
S027,2025-05-24,2025,560.54,36.18,16.79
S028,2025-05-24,2025,78.66,0.00,18.57
S029,2025-05-24,2025,0.00,0.00,19.96
S030,2025-05-24,2025,0.00,0.00,16.38
S001,2025-05-25,2025,106.44,0.00,18.08
S002,2025-05-25,2025,73.57,0.00,20.91
S003,2025-05-25,2025,567.43,0.00,20.87
S004,2025-05-25,2025,116.75,0.00,18.82
S005,2025-05-25,2025,97.03,26.03,15.48
S006,2025-05-25,2025,92.93,32.02,16.02
S007,2025-05-25,2025,530.63,0.00,20.89
S008,2025-05-25,2025,19.91,1.06,17.58
S009,2025-05-25,2025,77.43,0.00,19.22
S010,2025-05-25,2025,155.50,79.36,15.09
S011,2025-05-25,2025,588.75,98.93,15.25
S012,2025-05-25,2025,46.44,16.01,15.19
S013,2025-05-25,2025,33.36,0.00,18.84
S014,2025-05-25,2025,154.24,0.00,19.11
S015,2025-05-25,2025,388.69,64.63,15.72
S016,2025-05-25,2025,29.44,0.00,18.46
S017,2025-05-25,2025,28.54,3.90,16.74
S018,2025-05-25,2025,82.77,35.81,15.29
S019,2025-05-25,2025,671.92,0.00,18.21
S020,2025-05-25,2025,39.29,0.00,20.30
S021,2025-05-25,2025,70.14,0.00,19.27
S022,2025-05-25,2025,78.04,7.09,17.48
S023,2025-05-25,2025,453.25,50.98,16.22
S024,2025-05-25,2025,27.62,0.00,18.31
S025,2025-05-25,2025,98.57,0.00,20.38
S026,2025-05-25,2025,49.36,17.74,15.85
S027,2025-05-25,2025,585.08,0.00,18.82
S028,2025-05-25,2025,82.15,0.00,19.63
S029,2025-05-25,2025,0.00,0.00,18.95
S030,2025-05-25,2025,0.00,0.00,20.82
S001,2025-05-26,2025,155.68,0.00,20.74
S002,2025-05-26,2025,99.43,0.00,20.34
S003,2025-05-26,2025,868.88,99.62,16.34
S004,2025-05-26,2025,202.78,63.76,15.56
S005,2025-05-26,2025,144.44,12.75,17.20
S006,2025-05-26,2025,158.17,44.68,16.39
S007,2025-05-26,2025,765.10,25.69,17.53
S008,2025-05-26,2025,31.05,5.50,16.72
S009,2025-05-26,2025,122.10,0.00,20.63
S010,2025-05-26,2025,261.26,48.94,16.70
S011,2025-05-26,2025,910.38,0.00,18.69
S012,2025-05-26,2025,80.72,0.00,19.06
S013,2025-05-26,2025,58.12,0.00,21.10
S014,2025-05-26,2025,255.52,0.00,21.14
S015,2025-05-26,2025,746.58,0.00,18.12
S016,2025-05-26,2025,47.91,10.20,16.58
S017,2025-05-26,2025,43.50,11.61,15.82
S018,2025-05-26,2025,109.89,0.00,18.49
S019,2025-05-26,2025,1035.50,34.51,17.48
S020,2025-05-26,2025,62.28,0.00,18.26
S021,2025-05-26,2025,121.63,0.00,18.84
S022,2025-05-26,2025,118.99,0.00,21.08
S023,2025-05-26,2025,696.28,0.00,18.62
S024,2025-05-26,2025,43.76,4.66,17.05
S025,2025-05-26,2025,172.75,0.00,18.49
S026,2025-05-26,2025,88.17,21.23,16.49
S027,2025-05-26,2025,772.25,0.00,18.27
S028,2025-05-26,2025,129.48,0.00,19.95
S029,2025-05-26,2025,0.00,0.00,18.99
S030,2025-05-26,2025,0.00,0.00,18.77
S001,2025-05-27,2025,144.79,0.00,20.42
S002,2025-05-27,2025,96.30,0.00,19.64
S003,2025-05-27,2025,899.20,0.00,20.96
S004,2025-05-27,2025,196.24,11.66,17.54
S005,2025-05-27,2025,155.20,34.96,15.88
S006,2025-05-27,2025,163.78,0.00,18.80
S007,2025-05-27,2025,807.30,103.72,15.96
S008,2025-05-27,2025,31.53,0.85,17.79
S009,2025-05-27,2025,114.56,18.85,16.45
S010,2025-05-27,2025,245.60,0.00,19.54
S011,2025-05-27,2025,856.23,0.00,19.69
S012,2025-05-27,2025,68.71,0.00,18.34
S013,2025-05-27,2025,49.22,0.00,20.23
S014,2025-05-27,2025,211.96,0.00,18.59
S015,2025-05-27,2025,686.95,0.00,20.13
S016,2025-05-27,2025,43.89,0.00,19.41
S017,2025-05-27,2025,49.13,0.00,20.33
S018,2025-05-27,2025,112.33,54.68,15.66
S019,2025-05-27,2025,1070.06,0.00,21.00
S020,2025-05-27,2025,64.75,1.01,17.90
S021,2025-05-27,2025,121.82,12.00,17.12
S022,2025-05-27,2025,111.73,23.54,16.72
S023,2025-05-27,2025,751.69,62.01,16.49
S024,2025-05-27,2025,35.98,10.77,16.01
S025,2025-05-27,2025,174.66,4.22,17.79
S026,2025-05-27,2025,93.06,0.00,20.48
S027,2025-05-27,2025,826.53,7.60,17.86
S028,2025-05-27,2025,135.72,0.00,19.40
S029,2025-05-27,2025,0.00,0.00,19.50
S030,2025-05-27,2025,0.00,0.00,16.73
S001,2025-05-28,2025,168.69,26.32,16.37
S002,2025-05-28,2025,98.57,0.00,21.40
S003,2025-05-28,2025,1056.18,111.08,16.16
S004,2025-05-28,2025,179.95,0.00,20.13
S005,2025-05-28,2025,138.34,0.00,19.78
S006,2025-05-28,2025,146.27,2.65,17.89
S007,2025-05-28,2025,764.77,116.40,15.56
S008,2025-05-28,2025,33.13,0.00,20.19
S009,2025-05-28,2025,122.50,0.00,19.01
S010,2025-05-28,2025,247.28,27.75,17.28
S011,2025-05-28,2025,835.79,0.00,19.48
S012,2025-05-28,2025,77.31,14.42,16.60
S013,2025-05-28,2025,59.01,0.00,19.90
S014,2025-05-28,2025,232.48,0.00,18.46
S015,2025-05-28,2025,634.80,79.36,16.17
S016,2025-05-28,2025,55.40,0.00,19.01
S017,2025-05-28,2025,46.57,0.95,17.81
S018,2025-05-28,2025,110.46,0.00,20.03
S019,2025-05-28,2025,1086.98,0.00,18.09
S020,2025-05-28,2025,78.15,0.00,18.46
S021,2025-05-28,2025,132.80,20.22,16.56
S022,2025-05-28,2025,102.43,0.00,18.32
S023,2025-05-28,2025,733.18,0.00,19.69
S024,2025-05-28,2025,37.95,0.00,19.21
S025,2025-05-28,2025,155.89,0.00,18.53
S026,2025-05-28,2025,85.39,0.00,19.98
S027,2025-05-28,2025,806.63,127.75,15.75
S028,2025-05-28,2025,128.94,0.00,18.54
S029,2025-05-28,2025,0.00,0.00,19.42
S030,2025-05-28,2025,0.00,0.00,19.99
S001,2025-05-29,2025,149.34,0.00,19.22
S002,2025-05-29,2025,108.71,17.74,16.96
S003,2025-05-29,2025,974.31,65.56,16.97
S004,2025-05-29,2025,181.30,10.54,17.60
S005,2025-05-29,2025,147.33,0.00,20.50
S006,2025-05-29,2025,147.00,27.17,16.85
S007,2025-05-29,2025,814.45,0.00,18.70
S008,2025-05-29,2025,29.76,0.00,18.10
S009,2025-05-29,2025,114.40,7.61,17.40
S010,2025-05-29,2025,239.48,0.00,18.81
S011,2025-05-29,2025,920.08,108.73,16.02
S012,2025-05-29,2025,79.03,21.36,16.00
S013,2025-05-29,2025,54.31,0.00,18.45
S014,2025-05-29,2025,236.18,0.00,21.06
S015,2025-05-29,2025,698.95,0.00,18.34
S016,2025-05-29,2025,48.29,8.74,16.66
S017,2025-05-29,2025,53.12,0.00,21.17
S018,2025-05-29,2025,131.44,0.00,21.57
S019,2025-05-29,2025,1037.57,0.00,18.88
S020,2025-05-29,2025,63.11,0.00,20.56
S021,2025-05-29,2025,130.93,9.73,17.24
S022,2025-05-29,2025,129.99,35.29,16.12
S023,2025-05-29,2025,672.34,0.00,20.82
S024,2025-05-29,2025,43.25,0.00,20.26
S025,2025-05-29,2025,197.30,45.27,15.76
S026,2025-05-29,2025,94.40,0.00,20.53
S027,2025-05-29,2025,768.36,0.00,18.99
S028,2025-05-29,2025,119.83,23.98,16.46
S029,2025-05-29,2025,0.00,0.00,20.75
S030,2025-05-29,2025,0.00,0.00,17.14
S001,2025-05-30,2025,182.64,10.26,17.37
S002,2025-05-30,2025,117.00,8.17,17.58
S003,2025-05-30,2025,invalid,0.00,21.20
S004,2025-05-30,2025,196.96,0.00,18.16
S005,2025-05-30,2025,140.04,0.00,18.01
S006,2025-05-30,2025,152.85,0.00,18.73
S007,2025-05-30,2025,733.10,34.42,17.27
S008,2025-05-30,2025,28.63,0.00,18.92
S009,2025-05-30,2025,130.61,7.17,17.45
S010,2025-05-30,2025,247.91,0.00,20.72
S011,2025-05-30,2025,768.78,0.00,20.08
S012,2025-05-30,2025,79.45,11.64,16.92
S013,2025-05-30,2025,58.38,2.09,17.66
S014,2025-05-30,2025,228.87,0.00,19.56
,,,,,
S016,2025-05-30,2025,54.49,0.00,20.33
S017,2025-05-30,2025,52.79,0.00,19.94
,,,,,
S019,2025-05-30,2025,982.67,0.00,21.10
S020,2025-05-30,2025,72.46,0.00,18.28
S021,2025-05-30,2025,135.18,0.00,21.22
S022,2025-05-30,2025,130.06,0.00,20.73
S023,2025-05-30,2025,629.89,0.00,19.92
S024,2025-05-30,2025,39.18,10.73,16.08
S025,2025-05-30,2025,170.33,15.97,17.22
S026,2025-05-30,2025,90.47,11.87,17.11
S027,2025-05-30,2025,892.79,0.00,19.91
S028,2025-05-30,2025,123.23,0.00,18.06
S029,2025-05-30,2025,0.00,0.00,19.52
S030,2025-05-30,2025,0.00,0.00,16.64
S001,2025-05-31,2025,102.08,0.00,20.23
S002,2025-05-31,2025,73.81,21.54,16.22
S003,2025-05-31,2025,549.87,0.00,19.07
S004,2025-05-31,2025,122.10,0.00,20.09
S005,2025-05-31,2025,96.82,0.00,19.85
S006,2025-05-31,2025,81.28,10.05,17.33
S007,2025-05-31,2025,513.97,0.00,21.44
S008,2025-05-31,2025,21.45,0.00,20.52
S009,2025-05-31,2025,69.08,0.00,20.02
S010,2025-05-31,2025,146.98,0.00,19.39
S011,2025-05-31,2025,515.76,2.61,17.93
S012,2025-05-31,2025,43.89,0.00,21.20
S013,2025-05-31,2025,34.88,0.00,19.26
S014,2025-05-31,2025,158.17,0.00,21.60
S015,2025-05-31,2025,399.96,0.00,20.09
S016,2025-05-31,2025,30.11,0.00,20.38
S017,2025-05-31,2025,30.60,0.00,18.25
S018,2025-05-31,2025,79.41,0.00,18.15
S019,2025-05-31,2025,656.80,0.00,20.18
S020,2025-05-31,2025,43.77,6.80,16.82
S021,2025-05-31,2025,71.76,13.39,16.42
S022,2025-05-31,2025,65.75,0.00,20.34
S023,2025-05-31,2025,423.25,0.00,19.01
S024,2025-05-31,2025,27.08,0.00,19.28
S025,2025-05-31,2025,98.86,0.00,18.11
S026,2025-05-31,2025,53.30,7.55,17.20
S027,2025-05-31,2025,513.20,0.00,19.69
S028,2025-05-31,2025,87.03,0.00,21.50
S029,2025-05-31,2025,0.00,0.00,19.07
S030,2025-05-31,2025,0.00,0.00,17.48
S001,2025-06-01,2025,89.91,6.87,17.42
S002,2025-06-01,2025,59.77,11.24,17.06
S003,2025-06-01,2025,558.98,0.00,20.51
S004,2025-06-01,2025,124.21,0.00,21.91
S005,2025-06-01,2025,94.40,0.00,18.91
S006,2025-06-01,2025,94.17,0.00,21.18
S007,2025-06-01,2025,485.19,0.00,21.22
S008,2025-06-01,2025,18.09,0.00,19.91
S009,2025-06-01,2025,72.26,11.10,16.74
S010,2025-06-01,2025,150.19,42.87,16.17
S011,2025-06-01,2025,474.14,46.52,16.68
S012,2025-06-01,2025,49.24,0.00,19.26
S013,2025-06-01,2025,33.91,0.00,19.44
S014,2025-06-01,2025,148.87,36.97,16.51
S015,2025-06-01,2025,410.02,26.08,16.95
S016,2025-06-01,2025,34.35,0.00,21.26
S017,2025-06-01,2025,30.68,0.00,21.38
S018,2025-06-01,2025,82.19,0.00,19.69
S019,2025-06-01,2025,660.26,0.00,19.55
S020,2025-06-01,2025,43.93,0.00,20.62
S021,2025-06-01,2025,84.75,3.54,17.60
S022,2025-06-01,2025,67.15,0.00,21.05
S023,2025-06-01,2025,414.05,0.00,19.34
S024,2025-06-01,2025,23.35,2.40,17.32
S025,2025-06-01,2025,121.04,18.28,16.38
S026,2025-06-01,2025,55.36,0.00,19.91
S027,2025-06-01,2025,551.42,28.05,17.12
S028,2025-06-01,2025,70.25,18.41,16.26
S029,2025-06-01,2025,0.00,0.00,19.65
S030,2025-06-01,2025,0.00,0.00,21.28
S001,2025-06-02,2025,181.26,0.00,19.78
S002,2025-06-02,2025,110.55,0.00,19.47
S003,2025-06-02,2025,1060.82,0.00,19.41
S004,2025-06-02,2025,184.46,42.15,16.21
S005,2025-06-02,2025,150.70,10.24,17.29
S006,2025-06-02,2025,145.50,0.00,19.14
S007,2025-06-02,2025,841.05,0.00,18.16
S008,2025-06-02,2025,29.20,0.00,18.56
S009,2025-06-02,2025,126.03,0.00,20.95
S010,2025-06-02,2025,227.23,35.35,17.06
S011,2025-06-02,2025,763.07,89.60,16.21
S012,2025-06-02,2025,67.30,0.00,20.64
S013,2025-06-02,2025,58.19,0.00,20.10
S014,2025-06-02,2025,239.88,74.86,16.12
S015,2025-06-02,2025,652.97,0.00,21.80
S016,2025-06-02,2025,43.90,0.00,20.78
S017,2025-06-02,2025,45.01,4.41,17.11
S018,2025-06-02,2025,128.59,0.00,22.04
S019,2025-06-02,2025,1108.07,0.00,19.31
S020,2025-06-02,2025,65.73,0.00,20.94
S021,2025-06-02,2025,119.67,22.09,16.42
S022,2025-06-02,2025,113.50,23.94,16.69
S023,2025-06-02,2025,757.21,0.00,18.64
S024,2025-06-02,2025,37.51,0.00,20.60
S025,2025-06-02,2025,180.52,0.00,19.19
S026,2025-06-02,2025,93.34,0.00,20.46
S027,2025-06-02,2025,758.45,0.00,21.31
S028,2025-06-02,2025,124.97,0.00,20.51
S029,2025-06-02,2025,0.00,0.00,18.11
S030,2025-06-02,2025,0.00,0.00,16.70
S001,2025-06-03,2025,163.82,0.00,20.34
S002,2025-06-03,2025,104.49,29.75,16.24
S003,2025-06-03,2025,933.19,86.14,16.43
S004,2025-06-03,2025,187.82,0.00,21.08
S005,2025-06-03,2025,146.05,0.00,21.47
S006,2025-06-03,2025,137.10,0.00,21.62
S007,2025-06-03,2025,732.44,0.00,20.75
S008,2025-06-03,2025,30.90,0.00,20.02
S009,2025-06-03,2025,110.35,0.00,18.78
S010,2025-06-03,2025,235.12,22.54,17.44
S011,2025-06-03,2025,831.21,73.98,16.60
S012,2025-06-03,2025,74.24,0.00,18.36
S013,2025-06-03,2025,50.28,0.08,17.99
S014,2025-06-03,2025,246.60,38.49,17.02
S015,2025-06-03,2025,699.79,0.00,20.06
S016,2025-06-03,2025,53.97,0.00,19.71
S017,2025-06-03,2025,49.61,0.00,21.35
S018,2025-06-03,2025,119.57,32.38,16.53
S019,2025-06-03,2025,1043.42,0.00,18.95
S020,2025-06-03,2025,65.22,11.84,16.85
S021,2025-06-03,2025,112.06,10.14,17.19
S022,2025-06-03,2025,123.18,0.00,18.53
S023,2025-06-03,2025,673.73,67.43,16.46
S024,2025-06-03,2025,38.11,0.00,21.61
S025,2025-06-03,2025,168.60,0.00,20.44
S026,2025-06-03,2025,84.85,7.69,17.44
S027,2025-06-03,2025,902.09,0.00,18.99
S028,2025-06-03,2025,132.52,0.00,21.88
S029,2025-06-03,2025,0.00,0.00,21.19
S030,2025-06-03,2025,0.00,0.00,18.33
S001,2025-06-04,2025,174.61,0.00,20.07
S002,2025-06-04,2025,116.11,0.00,21.07
S003,2025-06-04,2025,890.20,0.00,18.85
S004,2025-06-04,2025,184.37,26.29,16.96
S005,2025-06-04,2025,157.12,0.00,21.62
S006,2025-06-04,2025,165.50,0.00,18.03
S007,2025-06-04,2025,836.14,0.00,20.21
S008,2025-06-04,2025,33.75,3.79,17.17
S009,2025-06-04,2025,110.21,0.00,19.22
S010,2025-06-04,2025,224.65,29.24,17.29
S011,2025-06-04,2025,924.53,0.00,20.30
S012,2025-06-04,2025,77.41,0.00,19.52
S013,2025-06-04,2025,47.22,0.00,22.02
S014,2025-06-04,2025,222.85,65.69,16.46
S015,2025-06-04,2025,655.96,0.00,19.31
S016,2025-06-04,2025,45.76,2.15,17.68
S017,2025-06-04,2025,45.63,0.00,19.08
S018,2025-06-04,2025,133.73,0.00,18.75
S019,2025-06-04,2025,1049.66,0.00,21.81
S020,2025-06-04,2025,76.82,0.00,18.52
S021,2025-06-04,2025,119.99,5.12,17.58
S022,2025-06-04,2025,123.22,0.00,21.48
S023,2025-06-04,2025,656.88,70.44,16.36
S024,2025-06-04,2025,42.36,3.03,17.46
S025,2025-06-04,2025,191.29,0.00,18.45
S026,2025-06-04,2025,75.85,0.86,17.94
S027,2025-06-04,2025,815.41,87.29,16.45
S028,2025-06-04,2025,129.78,0.00,20.50
S029,2025-06-04,2025,0.00,0.00,21.52
S030,2025-06-04,2025,0.00,0.00,18.25
S001,2025-06-05,2025,164.53,0.00,20.37
S002,2025-06-05,2025,120.12,0.00,18.31
S003,2025-06-05,2025,953.54,0.00,20.62
S004,2025-06-05,2025,192.94,0.00,21.50
S005,2025-06-05,2025,156.17,10.93,17.32
S006,2025-06-05,2025,153.08,34.20,16.71
S007,2025-06-05,2025,868.62,65.25,16.83
S008,2025-06-05,2025,32.11,0.00,20.91
S009,2025-06-05,2025,111.41,12.64,17.13
S010,2025-06-05,2025,224.16,13.72,17.67
S011,2025-06-05,2025,924.65,58.32,16.95
S012,2025-06-05,2025,78.64,0.00,21.98
S013,2025-06-05,2025,57.43,0.00,21.21
S014,2025-06-05,2025,233.37,0.00,18.55
S015,2025-06-05,2025,594.96,0.00,20.78
S016,2025-06-05,2025,44.92,0.00,20.16
S017,2025-06-05,2025,44.86,1.79,17.64
S018,2025-06-05,2025,136.18,0.00,21.29
S019,2025-06-05,2025,1053.07,0.00,21.14
S020,2025-06-05,2025,64.27,0.00,20.19
S021,2025-06-05,2025,116.18,11.76,17.12
S022,2025-06-05,2025,111.76,0.00,20.72
S023,2025-06-05,2025,698.23,0.00,19.94
S024,2025-06-05,2025,36.38,0.00,20.26
S025,2025-06-05,2025,183.77,0.00,22.31
S026,2025-06-05,2025,77.07,8.61,17.41
S027,2025-06-05,2025,867.38,0.00,20.68
S028,2025-06-05,2025,126.25,1.41,17.91
S029,2025-06-05,2025,0.00,0.00,21.50
S030,2025-06-05,2025,0.00,0.00,20.01
S001,2025-06-06,2025,160.72,0.00,22.22
S002,2025-06-06,2025,115.70,0.00,19.56
S003,2025-06-06,2025,1018.90,0.00,18.49
S004,2025-06-06,2025,198.31,0.00,18.15
S005,2025-06-06,2025,139.96,0.00,21.03
S006,2025-06-06,2025,149.84,0.00,19.33
S007,2025-06-06,2025,833.68,0.00,19.37
S008,2025-06-06,2025,33.62,0.00,21.67
S009,2025-06-06,2025,129.27,0.00,21.59
S010,2025-06-06,2025,232.52,0.00,21.34
S011,2025-06-06,2025,950.71,28.08,17.44
S012,2025-06-06,2025,83.10,0.00,19.95
S013,2025-06-06,2025,54.27,0.00,19.92
S014,2025-06-06,2025,227.43,0.00,19.78
S015,2025-06-06,2025,734.51,0.00,18.90
S016,2025-06-06,2025,53.25,0.00,22.32
S017,2025-06-06,2025,46.84,0.00,21.37
S018,2025-06-06,2025,135.62,0.00,21.83
S019,2025-06-06,2025,966.54,0.00,21.89
S020,2025-06-06,2025,72.35,3.71,17.59
S021,2025-06-06,2025,132.66,0.00,19.52
S022,2025-06-06,2025,106.06,0.00,20.60
S023,2025-06-06,2025,603.79,21.03,17.51
S024,2025-06-06,2025,42.77,0.00,21.92
S025,2025-06-06,2025,183.53,0.00,18.48
S026,2025-06-06,2025,94.79,14.97,16.92
S027,2025-06-06,2025,833.40,0.00,20.03
S028,2025-06-06,2025,132.25,0.00,21.09
S029,2025-06-06,2025,0.00,0.00,17.79
,,,,,
S001,2025-06-07,2025,112.71,3.18,17.69
S002,2025-06-07,2025,75.02,13.53,16.91
S003,2025-06-07,2025,654.21,0.00,19.24
S004,2025-06-07,2025,105.61,0.00,18.09
S005,2025-06-07,2025,91.73,0.00,20.44
S006,2025-06-07,2025,89.98,0.00,22.21
S007,2025-06-07,2025,549.07,0.00,18.45
S008,2025-06-07,2025,21.30,0.00,21.29
S009,2025-06-07,2025,68.62,0.00,19.77
S010,2025-06-07,2025,136.05,0.00,21.10
S011,2025-06-07,2025,544.46,0.00,22.43
S012,2025-06-07,2025,46.56,0.00,18.80
S013,2025-06-07,2025,30.77,0.00,21.14
S014,2025-06-07,2025,152.58,2.75,17.88
S015,2025-06-07,2025,418.13,0.00,22.43
S016,2025-06-07,2025,31.61,0.00,19.75
S017,2025-06-07,2025,29.46,0.00,21.24
S018,2025-06-07,2025,82.41,4.55,17.64
S019,2025-06-07,2025,696.38,0.00,21.93
S020,2025-06-07,2025,39.82,0.00,19.88
S021,2025-06-07,2025,80.17,0.00,19.63
S022,2025-06-07,2025,79.92,0.00,22.39
S023,2025-06-07,2025,399.89,0.00,20.56
S024,2025-06-07,2025,27.28,0.00,19.03
S025,2025-06-07,2025,114.87,0.00,20.18
S026,2025-06-07,2025,51.09,0.00,19.55
S027,2025-06-07,2025,579.78,0.00,19.20
S028,2025-06-07,2025,74.46,0.00,21.00
S029,2025-06-07,2025,0.00,0.00,20.49
S030,2025-06-07,2025,0.00,0.00,20.23
S001,2025-06-08,2025,111.80,0.00,19.59
S002,2025-06-08,2025,59.53,0.00,21.13
S003,2025-06-08,2025,655.29,0.00,20.89
S004,2025-06-08,2025,106.22,0.00,20.69
S005,2025-06-08,2025,84.50,9.42,17.10
S006,2025-06-08,2025,83.84,0.00,19.86
S007,2025-06-08,2025,520.03,0.00,20.68
S008,2025-06-08,2025,18.03,0.08,17.97
S009,2025-06-08,2025,73.52,0.00,18.26
S010,2025-06-08,2025,161.64,3.72,17.84
S011,2025-06-08,2025,571.74,0.00,19.57
S012,2025-06-08,2025,51.10,0.00,22.42
S013,2025-06-08,2025,36.45,0.00,20.39
S014,2025-06-08,2025,164.88,18.61,17.31
S015,2025-06-08,2025,364.64,0.00,21.02
S016,2025-06-08,2025,31.54,0.00,19.38
S017,2025-06-08,2025,27.57,3.38,17.02
S018,2025-06-08,2025,72.18,0.00,20.13
S019,2025-06-08,2025,744.98,0.00,21.21
,,,,,
S021,2025-06-08,2025,78.43,0.00,19.74
S022,2025-06-08,2025,71.68,13.18,16.91
S023,2025-06-08,2025,437.11,0.00,22.69
S024,2025-06-08,2025,27.92,0.00,22.08
S025,2025-06-08,2025,110.03,0.00,21.82
S026,2025-06-08,2025,52.21,8.29,17.12
S027,2025-06-08,2025,517.55,22.60,17.32
S028,2025-06-08,2025,75.56,0.00,21.16
S029,2025-06-08,2025,0.00,0.00,21.11
S030,2025-06-08,2025,0.00,0.00,18.13
S001,2025-06-09,2025,148.70,0.00,19.34
S002,2025-06-09,2025,108.50,0.00,21.66
S003,2025-06-09,2025,904.25,0.00,19.27
S004,2025-06-09,2025,195.85,0.00,20.27
S005,2025-06-09,2025,133.81,0.00,21.82
S006,2025-06-09,2025,143.88,0.00,21.46
S007,2025-06-09,2025,913.01,0.00,18.60
S008,2025-06-09,2025,32.96,0.00,22.20
S009,2025-06-09,2025,112.32,0.00,20.22
S010,2025-06-09,2025,230.96,0.00,20.06
S011,2025-06-09,2025,813.66,0.00,18.38
S012,2025-06-09,2025,83.22,0.00,22.06
S013,2025-06-09,2025,54.27,0.00,22.22
S014,2025-06-09,2025,234.65,0.00,21.27
S015,2025-06-09,2025,688.94,9.88,17.75
S016,2025-06-09,2025,48.11,0.00,20.70
S017,2025-06-09,2025,45.20,0.00,21.12
S018,2025-06-09,2025,129.72,0.00,21.46
S019,2025-06-09,2025,1079.31,0.00,21.79
S020,2025-06-09,2025,73.98,0.00,21.16
S021,2025-06-09,2025,110.08,0.00,21.97
S022,2025-06-09,2025,128.42,9.89,17.46
S023,2025-06-09,2025,745.57,0.00,21.50
,,,,,
S025,2025-06-09,2025,180.70,0.00,19.33
S026,2025-06-09,2025,84.58,0.00,18.42
S027,2025-06-09,2025,871.99,0.00,19.98
S028,2025-06-09,2025,116.10,0.00,21.56
S029,2025-06-09,2025,0.00,0.00,21.20
S030,2025-06-09,2025,0.00,0.00,17.94
S001,2025-06-10,2025,160.73,0.00,19.80
S002,2025-06-10,2025,113.99,0.00,22.98
S003,2025-06-10,2025,883.33,0.00,18.80
S004,2025-06-10,2025,188.57,0.00,22.63
S005,2025-06-10,2025,129.80,0.00,18.96
S006,2025-06-10,2025,160.31,0.00,18.07
S007,2025-06-10,2025,803.68,0.00,19.10
S008,2025-06-10,2025,28.70,0.00,22.15
S009,2025-06-10,2025,134.91,0.00,19.58
S010,2025-06-10,2025,222.78,15.47,17.60
S011,2025-06-10,2025,941.68,0.00,21.70
S012,2025-06-10,2025,70.56,8.11,17.10
S013,2025-06-10,2025,53.78,0.00,18.68
S014,2025-06-10,2025,210.12,0.00,19.13
S015,2025-06-10,2025,654.92,0.00,19.47
S016,2025-06-10,2025,53.45,0.00,19.13
S017,2025-06-10,2025,50.20,0.00,22.27
S018,2025-06-10,2025,126.03,0.00,21.04
S019,2025-06-10,2025,1130.97,0.00,19.81
S020,2025-06-10,2025,64.30,0.00,20.91
S021,2025-06-10,2025,112.44,0.00,18.40
S022,2025-06-10,2025,112.18,0.00,21.25
S023,2025-06-10,2025,697.01,0.00,19.59
S024,2025-06-10,2025,36.24,0.00,19.82
S025,2025-06-10,2025,181.63,7.75,17.61
S026,2025-06-10,2025,81.00,10.98,17.23
S027,2025-06-10,2025,911.38,0.00,22.20
S028,2025-06-10,2025,134.44,0.00,20.06
S029,2025-06-10,2025,0.00,0.00,19.37
S030,2025-06-10,2025,0.00,0.00,22.06
S001,2025-06-11,2025,145.82,6.67,17.64
S002,2025-06-11,2025,96.14,0.00,21.68
S003,2025-06-11,2025,839.45,0.00,21.74
S004,2025-06-11,2025,173.37,0.00,20.25
S005,2025-06-11,2025,161.68,0.00,18.35
S006,2025-06-11,2025,152.42,0.00,22.99
S007,2025-06-11,2025,846.38,0.00,22.08
S008,2025-06-11,2025,29.56,0.00,19.46
S009,2025-06-11,2025,130.07,4.69,17.62
S010,2025-06-11,2025,256.24,15.96,17.64
S011,2025-06-11,2025,766.89,0.00,20.77
S012,2025-06-11,2025,70.73,0.00,21.24
S013,2025-06-11,2025,48.76,0.46,17.91
S014,2025-06-11,2025,242.22,26.29,17.29
S015,2025-06-11,2025,639.84,0.00,19.87
S016,2025-06-11,2025,48.56,0.00,19.13
S017,2025-06-11,2025,44.49,0.00,19.34
S018,2025-06-11,2025,116.34,0.00,22.83
S019,2025-06-11,2025,1217.73,0.00,20.51
S020,2025-06-11,2025,69.42,0.00,19.50
S021,2025-06-11,2025,132.22,0.00,20.00
S022,2025-06-11,2025,110.93,11.56,17.39
S023,2025-06-11,2025,658.13,0.00,20.11
S024,2025-06-11,2025,36.42,0.00,19.02
S025,2025-06-11,2025,190.04,0.00,20.90
S026,2025-06-11,2025,90.28,0.00,22.72
S027,2025-06-11,2025,901.54,0.00,22.28
S028,2025-06-11,2025,125.25,0.00,22.78
S029,2025-06-11,2025,0.00,0.00,19.00
S030,2025-06-11,2025,0.00,0.00,17.73
S001,2025-06-12,2025,163.08,0.00,19.36
S002,2025-06-12,2025,124.23,0.00,22.58
S003,2025-06-12,2025,874.43,0.00,19.73
S004,2025-06-12,2025,181.25,17.14,17.26
S005,2025-06-12,2025,133.05,0.00,22.45
S006,2025-06-12,2025,152.21,0.00,19.64
S007,2025-06-12,2025,768.41,0.00,21.85
S008,2025-06-12,2025,28.09,0.00,20.59
S009,2025-06-12,2025,134.62,0.00,18.83
S010,2025-06-12,2025,229.32,0.00,21.85
S011,2025-06-12,2025,867.72,0.00,19.35
S012,2025-06-12,2025,78.12,0.00,20.05
S013,2025-06-12,2025,48.83,0.00,22.41
S014,2025-06-12,2025,215.02,0.00,21.57
S015,2025-06-12,2025,716.03,0.00,21.63
S016,2025-06-12,2025,51.78,0.00,19.92
S017,2025-06-12,2025,52.71,0.00,20.03
S018,2025-06-12,2025,124.80,0.00,20.68
S019,2025-06-12,2025,1069.27,23.42,17.63
S020,2025-06-12,2025,62.36,0.00,18.61
S021,2025-06-12,2025,119.52,0.00,22.20
S022,2025-06-12,2025,115.31,0.00,18.20
S023,2025-06-12,2025,661.15,0.00,21.34
S024,2025-06-12,2025,37.10,0.00,20.58
S025,2025-06-12,2025,180.77,0.00,22.31
S026,2025-06-12,2025,87.69,0.00,20.73
S027,2025-06-12,2025,807.31,0.00,22.66
S028,2025-06-12,2025,121.97,0.00,18.51
S029,2025-06-12,2025,0.00,0.00,19.97
S030,2025-06-12,2025,0.00,0.00,20.16
S001,2025-06-13,2025,153.11,0.00,20.46
S002,2025-06-13,2025,124.19,0.00,23.05
S003,2025-06-13,2025,919.26,0.00,22.76
S004,2025-06-13,2025,181.83,0.00,20.72
S005,2025-06-13,2025,162.14,0.00,21.65
S006,2025-06-13,2025,140.23,0.00,18.62
S007,2025-06-13,2025,809.24,0.00,21.34
S008,2025-06-13,2025,31.31,0.00,22.51
S009,2025-06-13,2025,126.92,0.00,21.27
S010,2025-06-13,2025,235.91,0.00,23.11
S011,2025-06-13,2025,793.67,0.00,19.79
S012,2025-06-13,2025,79.16,0.00,21.57
S013,2025-06-13,2025,49.75,0.00,19.20
S014,2025-06-13,2025,235.24,0.00,22.70
S015,2025-06-13,2025,640.15,0.00,18.43
S016,2025-06-13,2025,54.25,4.29,17.29
S017,2025-06-13,2025,44.98,0.00,19.13
S018,2025-06-13,2025,138.83,0.00,23.16
S019,2025-06-13,2025,1213.14,0.00,19.77
S020,2025-06-13,2025,75.19,0.00,22.41
S021,2025-06-13,2025,124.33,0.00,22.31
S022,2025-06-13,2025,103.12,0.00,18.41
S023,2025-06-13,2025,655.88,0.00,21.32
S024,2025-06-13,2025,36.85,0.00,20.50
S025,2025-06-13,2025,159.37,0.00,18.85
S026,2025-06-13,2025,79.34,0.00,18.37
S027,2025-06-13,2025,917.65,0.00,22.63
S028,2025-06-13,2025,123.19,0.00,20.90
S029,2025-06-13,2025,0.00,0.00,17.60
S030,2025-06-13,2025,0.00,0.00,19.78
S001,2025-06-14,2025,96.45,0.00,22.16
S002,2025-06-14,2025,63.51,0.00,18.07
S003,2025-06-14,2025,644.66,0.00,18.36
S004,2025-06-14,2025,119.20,0.00,20.89
,,,,,
S006,2025-06-14,2025,95.63,0.00,21.97
S007,2025-06-14,2025,547.41,0.00,22.62
S008,2025-06-14,2025,20.25,0.00,22.96
S009,2025-06-14,2025,66.69,0.00,21.20
S010,2025-06-14,2025,150.18,0.00,21.08
S011,2025-06-14,2025,586.43,18.77,17.46
S012,2025-06-14,2025,49.39,0.00,19.69
S013,2025-06-14,2025,30.12,0.00,21.03
S014,2025-06-14,2025,152.81,0.00,19.30
S015,2025-06-14,2025,397.22,0.00,22.16
S016,2025-06-14,2025,28.18,0.00,22.98
S017,2025-06-14,2025,30.91,0.00,18.70
S018,2025-06-14,2025,80.58,0.00,19.68
S019,2025-06-14,2025,658.02,0.00,18.25
S020,2025-06-14,2025,44.26,0.00,19.13
S021,2025-06-14,2025,74.03,0.00,23.02
S022,2025-06-14,2025,68.31,0.00,21.88
S023,2025-06-14,2025,387.72,0.00,20.35
S024,2025-06-14,2025,24.15,0.00,23.13
S025,2025-06-14,2025,118.23,0.00,21.23
S026,2025-06-14,2025,48.89,0.00,22.81
S027,2025-06-14,2025,483.89,0.00,22.40
S028,2025-06-14,2025,75.25,6.49,17.42
S029,2025-06-14,2025,0.00,0.00,20.27
S030,2025-06-14,2025,0.00,0.00,22.29
S001,2025-06-15,2025,104.06,0.00,18.71
S002,2025-06-15,2025,69.06,0.00,19.30
S003,2025-06-15,2025,654.72,0.00,18.16
S004,2025-06-15,2025,101.64,6.89,17.53
S005,2025-06-15,2025,92.95,0.00,22.46
S006,2025-06-15,2025,98.84,6.92,17.55
S007,2025-06-15,2025,460.85,0.00,18.36
S008,2025-06-15,2025,19.23,0.00,18.68
S009,2025-06-15,2025,69.01,0.00,19.68
S010,2025-06-15,2025,160.92,0.00,18.26
S011,2025-06-15,2025,565.65,0.00,20.78
S012,2025-06-15,2025,40.94,0.00,21.79
S013,2025-06-15,2025,34.92,0.00,21.93
S014,2025-06-15,2025,152.39,0.00,22.89
S015,2025-06-15,2025,406.73,0.00,21.20
S016,2025-06-15,2025,29.92,0.00,22.33
S017,2025-06-15,2025,28.03,0.00,22.90
S018,2025-06-15,2025,85.31,0.00,18.36
S019,2025-06-15,2025,726.41,0.35,17.99
S020,2025-06-15,2025,45.79,0.00,19.57
S021,2025-06-15,2025,74.66,0.00,20.31
S022,2025-06-15,2025,66.60,0.79,17.94
S023,2025-06-15,2025,405.93,0.00,18.83
S024,2025-06-15,2025,22.80,0.00,19.43
S025,2025-06-15,2025,102.59,2.49,17.80
S026,2025-06-15,2025,50.04,0.00,18.56
S027,2025-06-15,2025,578.30,0.00,20.12
S028,2025-06-15,2025,76.04,0.00,20.36
S029,2025-06-15,2025,0.00,0.00,18.14
S030,2025-06-15,2025,0.00,0.00,21.40
S001,2025-06-16,2025,157.66,4.40,17.76
S002,2025-06-16,2025,100.85,0.00,19.32
S003,2025-06-16,2025,909.63,0.00,22.68
S004,2025-06-16,2025,168.98,0.00,20.50
S005,2025-06-16,2025,153.27,3.53,17.79
S006,2025-06-16,2025,163.71,0.00,18.36
S007,2025-06-16,2025,814.53,0.00,19.34
S008,2025-06-16,2025,32.40,0.00,18.93
S009,2025-06-16,2025,115.03,0.00,21.04
S010,2025-06-16,2025,255.90,0.00,21.99
S011,2025-06-16,2025,852.38,0.00,22.62
S012,2025-06-16,2025,80.26,0.00,23.24
S013,2025-06-16,2025,57.81,0.00,21.63
S014,2025-06-16,2025,225.69,0.00,20.99
S015,2025-06-16,2025,678.32,0.00,19.65
S016,2025-06-16,2025,45.32,0.00,19.76
S017,2025-06-16,2025,48.67,0.00,20.55
S018,2025-06-16,2025,116.82,0.00,20.41
S019,2025-06-16,2025,1003.39,0.00,18.76
S020,2025-06-16,2025,66.19,0.00,19.90
S021,2025-06-16,2025,122.24,0.00,22.00
S022,2025-06-16,2025,123.40,0.00,18.82
S023,2025-06-16,2025,738.67,0.00,21.07
S024,2025-06-16,2025,44.85,0.00,19.53
S025,2025-06-16,2025,195.83,0.00,23.37
S026,2025-06-16,2025,93.97,0.00,21.37
S027,2025-06-16,2025,751.48,18.91,17.62
S028,2025-06-16,2025,136.46,0.00,18.52
S029,2025-06-16,2025,0.00,0.00,21.38
S030,2025-06-16,2025,0.00,0.00,20.55
S001,2025-06-17,2025,180.20,4.06,17.79
S002,2025-06-17,2025,112.87,0.00,20.12
S003,2025-06-17,2025,865.27,0.00,19.99
S004,2025-06-17,2025,190.90,0.00,22.66
S005,2025-06-17,2025,148.01,0.00,20.34
S006,2025-06-17,2025,164.92,0.00,19.26
S007,2025-06-17,2025,821.62,0.00,21.85
S008,2025-06-17,2025,30.73,0.00,23.07
S009,2025-06-17,2025,117.08,0.00,20.75
S010,2025-06-17,2025,235.85,0.00,23.11
S011,2025-06-17,2025,924.63,0.00,20.48
S012,2025-06-17,2025,80.21,0.00,21.24
S013,2025-06-17,2025,51.85,0.00,19.19
S014,2025-06-17,2025,250.93,0.00,22.82
S015,2025-06-17,2025,632.29,0.00,23.47
S016,2025-06-17,2025,52.80,0.00,18.07
S017,2025-06-17,2025,49.39,0.00,20.13
S018,2025-06-17,2025,137.54,0.00,19.64
S019,2025-06-17,2025,1027.39,0.00,20.43
S020,2025-06-17,2025,78.49,0.00,23.05
S021,2025-06-17,2025,122.18,0.00,21.03
S022,2025-06-17,2025,119.02,2.93,17.86
S023,2025-06-17,2025,679.80,0.00,22.20
S024,2025-06-17,2025,41.68,0.00,18.24
S025,2025-06-17,2025,177.89,0.00,22.32
S026,2025-06-17,2025,75.73,0.00,21.37
S027,2025-06-17,2025,892.59,0.00,21.65
S028,2025-06-17,2025,114.67,0.00,21.42
S029,2025-06-17,2025,0.00,0.00,20.71
S030,2025-06-17,2025,0.00,0.00,22.13
S001,2025-06-18,2025,174.75,0.00,23.19
S002,2025-06-18,2025,112.08,0.00,18.21
S003,2025-06-18,2025,926.58,0.00,19.47
S004,2025-06-18,2025,204.98,0.00,21.42
S005,2025-06-18,2025,139.45,0.00,23.19
S006,2025-06-18,2025,133.01,0.00,18.48
S007,2025-06-18,2025,805.92,0.00,21.22
S008,2025-06-18,2025,33.28,0.00,23.32
S009,2025-06-18,2025,140.86,0.00,23.50
S010,2025-06-18,2025,241.53,0.00,19.19
S011,2025-06-18,2025,778.02,0.00,22.21
S012,2025-06-18,2025,25075.19,9000.00,23.48
S013,2025-06-18,2025,49.24,0.00,20.44
,,,,,
S015,2025-06-18,2025,728.00,5.30,17.86
S016,2025-06-18,2025,52.69,0.00,22.16
S017,2025-06-18,2025,53.50,0.00,22.36
S018,2025-06-18,2025,126.68,0.00,20.29
S019,2025-06-18,2025,1165.97,0.00,23.57
S020,2025-06-18,2025,73.42,0.00,22.36
S021,2025-06-18,2025,123.25,0.00,18.41
S022,2025-06-18,2025,115.22,0.00,20.07
S023,2025-06-18,2025,711.36,0.00,18.24
S024,2025-06-18,2025,39.44,0.00,20.82
S025,2025-06-18,2025,187.04,0.00,19.04
S026,2025-06-18,2025,84.79,0.00,20.34
S027,2025-06-18,2025,946.68,0.00,19.40
S028,2025-06-18,2025,139.85,0.00,19.15
S029,2025-06-18,2025,0.00,0.00,19.42
S030,2025-06-18,2025,0.00,0.00,21.20
S001,2025-06-19,2025,157.29,0.00,18.86
S002,2025-06-19,2025,112.72,0.00,21.68
S003,2025-06-19,2025,1035.24,0.00,21.21
S004,2025-06-19,2025,197.90,0.00,20.64
S005,2025-06-19,2025,156.40,0.00,22.69
S006,2025-06-19,2025,164.32,0.00,19.44
S007,2025-06-19,2025,941.71,0.00,23.58
S008,2025-06-19,2025,29.82,0.00,19.69
S009,2025-06-19,2025,118.01,0.00,18.71
S010,2025-06-19,2025,227.68,0.00,18.17
S011,2025-06-19,2025,928.14,0.00,21.24
S012,2025-06-19,2025,74.26,0.00,23.68
S013,2025-06-19,2025,49.32,0.00,20.37
S014,2025-06-19,2025,218.79,0.00,19.84
S015,2025-06-19,2025,681.45,0.00,22.71
S016,2025-06-19,2025,50.49,0.00,22.12
S017,2025-06-19,2025,47.19,0.00,20.95
S018,2025-06-19,2025,144.45,0.00,23.58
S019,2025-06-19,2025,1083.11,0.00,20.52
S020,2025-06-19,2025,71.97,0.00,22.63
S021,2025-06-19,2025,110.51,0.00,20.85
S022,2025-06-19,2025,125.53,0.00,21.87
S023,2025-06-19,2025,720.09,0.00,18.29
S024,2025-06-19,2025,43.73,0.00,21.09
S025,2025-06-19,2025,181.60,0.00,20.21
S026,2025-06-19,2025,85.28,0.00,23.58
S027,2025-06-19,2025,invalid,0.00,20.50
S028,2025-06-19,2025,136.55,0.00,19.35
S029,2025-06-19,2025,0.00,0.00,23.05
S030,2025-06-19,2025,0.00,0.00,21.99
S001,2025-06-20,2025,175.38,0.00,19.85
S002,2025-06-20,2025,111.49,0.00,23.35
S003,2025-06-20,2025,invalid,0.00,20.75
S004,2025-06-20,2025,167.17,0.00,22.02
S005,2025-06-20,2025,154.19,0.00,19.94
S006,2025-06-20,2025,152.30,0.00,23.06
S007,2025-06-20,2025,854.24,0.00,20.44
S008,2025-06-20,2025,28.54,0.00,20.42
S009,2025-06-20,2025,115.70,0.00,20.66
S010,2025-06-20,2025,248.47,0.00,19.57
S011,2025-06-20,2025,770.17,0.00,19.53
S012,2025-06-20,2025,81.28,0.00,19.16
S013,2025-06-20,2025,48.54,0.00,19.00
S014,2025-06-20,2025,236.20,0.00,20.87
S015,2025-06-20,2025,679.08,0.00,18.27
S016,2025-06-20,2025,52.56,0.00,22.35
S017,2025-06-20,2025,49.69,0.00,21.61
S018,2025-06-20,2025,133.73,0.00,21.58
S019,2025-06-20,2025,1203.13,0.00,21.16
S020,2025-06-20,2025,73.56,0.00,22.83
S021,2025-06-20,2025,125.18,0.00,21.98
S022,2025-06-20,2025,129.84,0.00,22.05
S023,2025-06-20,2025,662.53,0.00,22.88
S024,2025-06-20,2025,38.62,0.00,18.08
S025,2025-06-20,2025,161.45,0.00,18.71
S026,2025-06-20,2025,82.47,0.00,22.93
S027,2025-06-20,2025,912.74,0.00,20.29
S028,2025-06-20,2025,114.62,0.00,20.57
S029,2025-06-20,2025,0.00,0.00,20.28
S030,2025-06-20,2025,0.00,0.00,19.24
S001,2025-06-21,2025,97.44,0.00,23.11
S002,2025-06-21,2025,75.14,0.00,18.38
S003,2025-06-21,2025,595.66,0.00,18.46
S004,2025-06-21,2025,114.53,0.00,19.61
S005,2025-06-21,2025,92.41,0.00,18.90
S006,2025-06-21,2025,94.83,0.00,20.29
S007,2025-06-21,2025,534.05,0.00,23.23
S008,2025-06-21,2025,17.89,0.00,21.33
S009,2025-06-21,2025,75.54,0.00,21.29
S010,2025-06-21,2025,161.54,0.00,18.88
S011,2025-06-21,2025,600.16,0.00,19.75
S012,2025-06-21,2025,47.08,0.00,22.33
S013,2025-06-21,2025,34.20,0.00,21.95
S014,2025-06-21,2025,156.15,0.00,18.71
S015,2025-06-21,2025,366.44,0.00,21.31
S016,2025-06-21,2025,31.38,0.00,18.92
S017,2025-06-21,2025,32.97,0.00,21.56
S018,2025-06-21,2025,69.85,0.00,20.65
S019,2025-06-21,2025,757.10,0.00,18.98
S020,2025-06-21,2025,46.66,0.00,19.35
S021,2025-06-21,2025,80.45,0.00,19.75
S022,2025-06-21,2025,74.95,0.00,18.48
S023,2025-06-21,2025,456.66,0.00,23.58
S024,2025-06-21,2025,28.49,0.00,22.31
S025,2025-06-21,2025,104.07,0.00,19.43
S026,2025-06-21,2025,52.64,0.00,23.56
S027,2025-06-21,2025,467.25,0.00,21.47
S028,2025-06-21,2025,70.59,0.00,19.88
S029,2025-06-21,2025,0.00,0.00,21.86
S030,2025-06-21,2025,0.00,0.00,18.83
S001,2025-06-22,2025,105.74,0.00,19.41
S002,2025-06-22,2025,74.12,0.00,19.26
S003,2025-06-22,2025,549.47,0.00,19.24
S004,2025-06-22,2025,122.07,0.00,21.88
S005,2025-06-22,2025,101.13,0.00,23.30
S006,2025-06-22,2025,96.28,0.00,19.69
S007,2025-06-22,2025,484.14,0.00,21.49
S008,2025-06-22,2025,17.92,0.00,21.41
S009,2025-06-22,2025,70.52,0.00,18.06
S010,2025-06-22,2025,159.61,0.00,23.30
S011,2025-06-22,2025,518.45,0.00,18.69
S012,2025-06-22,2025,54.23,0.00,23.33
S013,2025-06-22,2025,34.10,0.00,21.57
S014,2025-06-22,2025,137.79,0.00,21.62
S015,2025-06-22,2025,443.41,0.00,18.28
S016,2025-06-22,2025,34.54,0.00,23.44
S017,2025-06-22,2025,28.02,0.00,18.72
S018,2025-06-22,2025,79.67,0.00,22.84
S019,2025-06-22,2025,676.61,0.00,19.63
S020,2025-06-22,2025,43.76,0.00,22.37
S021,2025-06-22,2025,83.08,0.00,19.75
S022,2025-06-22,2025,85.91,0.00,23.75
S023,2025-06-22,2025,385.11,0.00,20.39
S024,2025-06-22,2025,27.28,0.00,20.18
S025,2025-06-22,2025,100.94,0.00,22.77
S026,2025-06-22,2025,46.67,0.00,20.96
S027,2025-06-22,2025,587.23,0.00,18.10
S028,2025-06-22,2025,79.91,0.00,23.71
S029,2025-06-22,2025,0.00,0.00,21.91
S030,2025-06-22,2025,0.00,0.00,22.30
S001,2025-06-23,2025,174.25,0.00,19.36
S002,2025-06-23,2025,107.03,0.00,21.52
S003,2025-06-23,2025,941.11,0.00,18.15
S004,2025-06-23,2025,176.96,0.00,20.73
S005,2025-06-23,2025,140.78,0.00,19.65
S006,2025-06-23,2025,135.91,0.00,18.20
S007,2025-06-23,2025,815.92,0.00,24.01
S008,2025-06-23,2025,28.32,0.00,21.70
S009,2025-06-23,2025,119.96,0.00,18.19
S010,2025-06-23,2025,215.36,0.00,21.30
S011,2025-06-23,2025,813.00,0.00,18.82
S012,2025-06-23,2025,67.92,0.00,18.56
S013,2025-06-23,2025,57.12,0.00,24.04
S014,2025-06-23,2025,276.93,0.00,23.25
S015,2025-06-23,2025,681.14,0.00,19.25
S016,2025-06-23,2025,48.92,0.00,22.06
S017,2025-06-23,2025,49.75,0.00,21.55
S018,2025-06-23,2025,115.38,0.00,20.13
S019,2025-06-23,2025,1134.18,0.00,22.63
S020,2025-06-23,2025,78.10,0.00,23.14
S021,2025-06-23,2025,114.13,0.00,21.81
S022,2025-06-23,2025,116.81,0.00,21.51
S023,2025-06-23,2025,726.52,0.00,19.29
S024,2025-06-23,2025,45.14,0.00,21.02
S025,2025-06-23,2025,161.22,0.00,22.88
S026,2025-06-23,2025,84.38,0.00,23.85
S027,2025-06-23,2025,811.63,0.00,18.71
S028,2025-06-23,2025,127.17,0.00,23.46
S029,2025-06-23,2025,0.00,0.00,20.48
S030,2025-06-23,2025,0.00,0.00,22.64
S001,2025-06-24,2025,187.03,0.00,23.51
S002,2025-06-24,2025,116.53,0.00,22.12
S003,2025-06-24,2025,921.07,0.00,19.02
S004,2025-06-24,2025,181.85,0.00,19.27
S005,2025-06-24,2025,157.34,0.00,23.08
S006,2025-06-24,2025,147.05,0.00,18.44
S007,2025-06-24,2025,957.99,0.00,23.99
S008,2025-06-24,2025,34.04,0.00,21.11
S009,2025-06-24,2025,131.69,0.00,20.50
S010,2025-06-24,2025,258.55,0.00,24.08
S011,2025-06-24,2025,962.77,0.00,23.71
S012,2025-06-24,2025,82.50,0.00,20.05
S013,2025-06-24,2025,56.51,0.00,22.23
S014,2025-06-24,2025,226.93,0.00,23.43
S015,2025-06-24,2025,722.05,0.00,22.67
S016,2025-06-24,2025,54.64,0.00,23.19
S017,2025-06-24,2025,47.22,0.00,19.74
S018,2025-06-24,2025,127.93,0.00,20.79
S019,2025-06-24,2025,1286.66,0.00,23.55
S020,2025-06-24,2025,77.12,0.00,22.38
S021,2025-06-24,2025,123.13,0.00,23.20
S022,2025-06-24,2025,103.45,0.00,20.78
S023,2025-06-24,2025,655.48,0.00,21.60
S024,2025-06-24,2025,39.82,0.00,23.02
S025,2025-06-24,2025,179.04,0.00,18.39
S026,2025-06-24,2025,76.83,0.00,19.02
S027,2025-06-24,2025,777.88,0.00,20.80
S028,2025-06-24,2025,121.48,0.00,18.55
S029,2025-06-24,2025,0.00,0.00,22.28
S030,2025-06-24,2025,0.00,0.00,21.29
S001,2025-06-25,2025,150.90,0.00,22.34
S002,2025-06-25,2025,105.15,0.00,21.00
S003,2025-06-25,2025,1109.95,0.00,24.05
S004,2025-06-25,2025,182.11,0.00,22.05
S005,2025-06-25,2025,149.47,0.00,21.70
S006,2025-06-25,2025,149.92,0.00,22.04
S007,2025-06-25,2025,763.44,0.00,22.56
S008,2025-06-25,2025,34.24,0.00,21.64
S009,2025-06-25,2025,136.37,0.00,18.74
S010,2025-06-25,2025,247.52,0.00,19.08
S011,2025-06-25,2025,913.80,0.00,23.19
S012,2025-06-25,2025,85.15,0.00,23.02
S013,2025-06-25,2025,54.36,0.00,24.25
S014,2025-06-25,2025,230.16,0.00,21.05
S015,2025-06-25,2025,614.84,0.00,19.15
S016,2025-06-25,2025,50.90,0.00,19.82
S017,2025-06-25,2025,43.51,0.00,19.36
S018,2025-06-25,2025,118.69,0.00,23.44
S019,2025-06-25,2025,1100.01,0.00,23.38
S020,2025-06-25,2025,69.01,0.00,20.51
S021,2025-06-25,2025,116.74,0.00,21.35
S022,2025-06-25,2025,124.04,0.00,22.44
S023,2025-06-25,2025,645.64,0.00,23.77
S024,2025-06-25,2025,42.60,0.00,24.19
S025,2025-06-25,2025,170.79,0.00,18.92
S026,2025-06-25,2025,80.61,0.00,23.43
S027,2025-06-25,2025,793.04,0.00,18.41
S028,2025-06-25,2025,126.91,0.00,18.30
S029,2025-06-25,2025,0.00,0.00,20.15
S030,2025-06-25,2025,0.00,0.00,24.21
S001,2025-06-26,2025,164.09,0.00,20.60
S002,2025-06-26,2025,109.72,0.00,23.75
S003,2025-06-26,2025,917.74,0.00,19.02
S004,2025-06-26,2025,170.73,0.00,20.87
S005,2025-06-26,2025,141.01,0.00,19.95
S006,2025-06-26,2025,153.86,0.00,19.53
S007,2025-06-26,2025,849.53,0.00,24.03
S008,2025-06-26,2025,33.46,0.00,22.74
S009,2025-06-26,2025,116.88,0.00,19.99
S010,2025-06-26,2025,238.32,0.00,21.22
S011,2025-06-26,2025,814.93,0.00,21.79
S012,2025-06-26,2025,70.33,0.00,22.49
S013,2025-06-26,2025,52.81,0.00,22.65
S014,2025-06-26,2025,272.15,0.00,23.45
S015,2025-06-26,2025,653.12,0.00,22.51
S016,2025-06-26,2025,53.17,0.00,21.91
S017,2025-06-26,2025,47.45,0.00,19.26
S018,2025-06-26,2025,137.03,0.00,24.13
S019,2025-06-26,2025,1026.89,0.00,21.28
S020,2025-06-26,2025,73.73,0.00,19.59
S021,2025-06-26,2025,134.89,0.00,20.94
S022,2025-06-26,2025,124.78,0.00,20.20
S023,2025-06-26,2025,744.08,0.00,18.80
S024,2025-06-26,2025,41.02,0.00,19.41
S025,2025-06-26,2025,196.96,0.00,20.82
S026,2025-06-26,2025,79.46,0.00,23.24
S027,2025-06-26,2025,763.44,0.00,21.64
S028,2025-06-26,2025,130.87,0.00,23.65
S029,2025-06-26,2025,0.00,0.00,24.03
S030,2025-06-26,2025,0.00,0.00,23.08
S001,2025-06-27,2025,154.00,0.00,22.90
S002,2025-06-27,2025,114.57,0.00,21.42
S003,2025-06-27,2025,883.96,0.00,20.19
S004,2025-06-27,2025,200.56,0.00,19.76
S005,2025-06-27,2025,155.81,0.00,24.38
S006,2025-06-27,2025,145.17,0.00,19.19
S007,2025-06-27,2025,767.27,0.00,22.41
S008,2025-06-27,2025,33.68,0.00,21.37
S009,2025-06-27,2025,127.71,0.00,22.11
S010,2025-06-27,2025,278.58,0.00,23.79
S011,2025-06-27,2025,940.28,0.00,19.45
S012,2025-06-27,2025,83.95,0.00,24.24
S013,2025-06-27,2025,50.08,0.00,22.98
S014,2025-06-27,2025,224.84,0.00,21.95
S015,2025-06-27,2025,718.13,0.00,21.01
S016,2025-06-27,2025,55.26,0.00,19.11
S017,2025-06-27,2025,48.13,0.00,20.73
S018,2025-06-27,2025,invalid,0.00,21.43
S019,2025-06-27,2025,1071.77,0.00,20.87
S020,2025-06-27,2025,84.59,0.00,24.30
S021,2025-06-27,2025,118.30,0.00,23.93
S022,2025-06-27,2025,108.94,0.00,19.62
S023,2025-06-27,2025,757.65,0.00,21.41
S024,2025-06-27,2025,38.64,0.00,21.91
S025,2025-06-27,2025,193.48,0.00,19.15
S026,2025-06-27,2025,96.02,0.00,23.03
,,,,,
S028,2025-06-27,2025,121.06,0.00,24.08
S029,2025-06-27,2025,0.00,0.00,20.99
S030,2025-06-27,2025,0.00,0.00,20.72
S001,2025-06-28,2025,113.53,0.00,22.30
S002,2025-06-28,2025,66.45,0.00,23.38
S003,2025-06-28,2025,607.98,0.00,18.56
S004,2025-06-28,2025,113.49,0.00,21.73
S005,2025-06-28,2025,83.65,0.00,18.66
S006,2025-06-28,2025,95.06,0.00,22.32
S007,2025-06-28,2025,451.17,0.00,19.12
S008,2025-06-28,2025,19.47,0.00,22.60
S009,2025-06-28,2025,71.67,0.00,19.51
S010,2025-06-28,2025,151.59,0.00,21.84
S011,2025-06-28,2025,522.10,0.00,23.46
S012,2025-06-28,2025,43.30,0.00,23.62
S013,2025-06-28,2025,34.92,0.00,19.80
S014,2025-06-28,2025,155.31,0.00,22.54
S015,2025-06-28,2025,441.02,0.00,21.48
S016,2025-06-28,2025,34.06,0.00,18.65
S017,2025-06-28,2025,26.72,0.00,20.86
S018,2025-06-28,2025,82.50,0.00,21.13
S019,2025-06-28,2025,657.81,0.00,21.57
S020,2025-06-28,2025,45.64,0.00,19.69
S021,2025-06-28,2025,76.14,0.00,23.30
S022,2025-06-28,2025,64.03,0.00,19.76
S023,2025-06-28,2025,432.55,0.00,18.70
S024,2025-06-28,2025,27.01,0.00,18.93
S025,2025-06-28,2025,126.00,0.00,23.52
S026,2025-06-28,2025,48.78,0.00,20.28
S027,2025-06-28,2025,511.28,0.00,18.60
S028,2025-06-28,2025,70.08,0.00,18.74
S029,2025-06-28,2025,0.00,0.00,23.69
S030,2025-06-28,2025,0.00,0.00,22.52
S001,2025-06-29,2025,97.73,0.00,23.38
S002,2025-06-29,2025,60.15,0.00,20.85
S003,2025-06-29,2025,566.64,0.00,18.61
S004,2025-06-29,2025,105.52,0.00,19.84
S005,2025-06-29,2025,102.21,0.00,23.87
S006,2025-06-29,2025,91.72,0.00,22.56
S007,2025-06-29,2025,520.31,0.00,20.75
S008,2025-06-29,2025,22.26,0.00,22.53
S009,2025-06-29,2025,80.49,0.00,19.97
S010,2025-06-29,2025,146.93,0.00,23.25
S011,2025-06-29,2025,560.84,0.00,22.74
S012,2025-06-29,2025,51.98,0.00,23.20
S013,2025-06-29,2025,32.13,0.00,22.92
S014,2025-06-29,2025,169.74,0.00,22.82
S015,2025-06-29,2025,399.93,0.00,22.64
S016,2025-06-29,2025,33.59,0.00,19.26
S017,2025-06-29,2025,27.55,0.00,20.46
S018,2025-06-29,2025,78.37,0.00,24.05
S019,2025-06-29,2025,739.53,0.00,22.20
S020,2025-06-29,2025,41.01,0.00,20.01
S021,2025-06-29,2025,70.38,0.00,22.95
S022,2025-06-29,2025,84.11,0.00,24.47
S023,2025-06-29,2025,459.31,0.00,23.73
S024,2025-06-29,2025,27.10,0.00,22.28
S025,2025-06-29,2025,111.90,0.00,20.37
S026,2025-06-29,2025,53.11,0.00,23.51
S027,2025-06-29,2025,570.75,0.00,23.07
S028,2025-06-29,2025,83.51,0.00,18.72
S029,2025-06-29,2025,0.00,0.00,18.71
S030,2025-06-29,2025,0.00,0.00,21.10
S001,2025-06-30,2025,168.30,0.00,23.40
S002,2025-06-30,2025,109.40,0.00,22.71
S003,2025-06-30,2025,951.98,0.00,22.46
S004,2025-06-30,2025,214.74,0.00,24.52
S005,2025-06-30,2025,154.41,0.00,22.84
S006,2025-06-30,2025,149.72,0.00,22.87
S007,2025-06-30,2025,841.04,0.00,24.45
S008,2025-06-30,2025,32.07,0.00,19.89
S009,2025-06-30,2025,127.16,0.00,23.06
S010,2025-06-30,2025,273.67,0.00,23.17
S011,2025-06-30,2025,861.28,0.00,23.53
S012,2025-06-30,2025,76.12,0.00,21.34
S013,2025-06-30,2025,48.32,0.00,21.04
S014,2025-06-30,2025,211.59,0.00,18.68
S015,2025-06-30,2025,635.24,0.00,23.58
S016,2025-06-30,2025,56.03,0.00,22.73
S017,2025-06-30,2025,47.16,0.00,19.45
S018,2025-06-30,2025,124.70,0.00,21.28
S019,2025-06-30,2025,1029.35,0.00,19.64
S020,2025-06-30,2025,76.61,0.00,20.17
S021,2025-06-30,2025,126.97,0.00,22.74
S022,2025-06-30,2025,120.05,0.00,23.03
S023,2025-06-30,2025,717.54,0.00,20.10
S024,2025-06-30,2025,44.10,0.00,24.03
S025,2025-06-30,2025,168.72,0.00,23.70
S026,2025-06-30,2025,91.05,0.00,19.40
S027,2025-06-30,2025,884.63,0.00,21.75
S028,2025-06-30,2025,133.19,0.00,20.35
S029,2025-06-30,2025,0.00,0.00,21.51
S030,2025-06-30,2025,0.00,0.00,20.35
S001,2025-07-01,2025,175.63,0.00,20.48
S002,2025-07-01,2025,106.66,0.00,20.13
S003,2025-07-01,2025,1047.83,0.00,23.81
S004,2025-07-01,2025,185.63,0.00,19.31
S005,2025-07-01,2025,153.26,0.00,21.60
S006,2025-07-01,2025,165.38,0.00,21.27
S007,2025-07-01,2025,840.12,0.00,20.06
S008,2025-07-01,2025,33.38,0.00,23.30
S009,2025-07-01,2025,140.41,0.00,23.57
S010,2025-07-01,2025,273.63,0.00,23.85
S011,2025-07-01,2025,858.86,0.00,21.42
S012,2025-07-01,2025,80.85,0.00,23.01
S013,2025-07-01,2025,50.11,0.00,20.54
S014,2025-07-01,2025,223.35,0.00,19.43
S015,2025-07-01,2025,638.75,0.00,22.75
S016,2025-07-01,2025,52.95,0.00,24.35
S017,2025-07-01,2025,54.58,0.00,23.83
S018,2025-07-01,2025,141.51,0.00,22.81
S019,2025-07-01,2025,1050.48,0.00,23.73
S020,2025-07-01,2025,74.62,0.00,24.31
S021,2025-07-01,2025,116.52,0.00,22.83
S022,2025-07-01,2025,105.30,0.00,21.47
S023,2025-07-01,2025,682.43,0.00,20.67
S024,2025-07-01,2025,40.91,0.00,20.98
S025,2025-07-01,2025,178.53,0.00,19.07
S026,2025-07-01,2025,76.40,0.00,19.38
S027,2025-07-01,2025,890.55,0.00,20.07
S028,2025-07-01,2025,132.89,0.00,22.59
S029,2025-07-01,2025,51.54,0.00,19.77
S030,2025-07-01,2025,0.00,0.00,23.32
S001,2025-07-02,2025,161.99,0.00,21.85
S002,2025-07-02,2025,102.62,0.00,20.16
S003,2025-07-02,2025,1047.90,0.00,19.23
S004,2025-07-02,2025,193.47,0.00,20.62
S005,2025-07-02,2025,157.60,0.00,24.54
S006,2025-07-02,2025,171.80,0.00,24.43
S007,2025-07-02,2025,868.48,0.00,19.86
S008,2025-07-02,2025,30.87,0.00,19.71
S009,2025-07-02,2025,130.63,0.00,22.49
S010,2025-07-02,2025,252.66,0.00,23.76
S011,2025-07-02,2025,1051.33,0.00,24.43
S012,2025-07-02,2025,83.07,0.00,23.05
S013,2025-07-02,2025,48.15,0.00,19.42
S014,2025-07-02,2025,263.94,0.00,20.16
S015,2025-07-02,2025,784.03,0.00,24.47
S016,2025-07-02,2025,47.47,0.00,22.36
S017,2025-07-02,2025,53.14,0.00,22.13
S018,2025-07-02,2025,111.58,0.00,21.19
S019,2025-07-02,2025,1045.26,0.00,22.40
S020,2025-07-02,2025,72.01,0.00,23.87
S021,2025-07-02,2025,127.28,0.00,23.90
S022,2025-07-02,2025,126.49,0.00,19.04
S023,2025-07-02,2025,639.04,0.00,18.89
S024,2025-07-02,2025,48.03,0.00,23.56
S025,2025-07-02,2025,181.48,0.00,18.71
S026,2025-07-02,2025,83.22,0.00,21.06
S027,2025-07-02,2025,909.20,0.00,18.89
S028,2025-07-02,2025,128.77,0.00,19.09
S029,2025-07-02,2025,56.59,0.00,23.26
S030,2025-07-02,2025,0.00,0.00,20.10
S001,2025-07-03,2025,182.76,0.00,20.53
S002,2025-07-03,2025,98.74,0.00,19.09
S003,2025-07-03,2025,1012.73,0.00,19.56
S004,2025-07-03,2025,171.99,0.00,21.70
S005,2025-07-03,2025,144.68,0.00,22.98
S006,2025-07-03,2025,145.63,0.00,19.96
S007,2025-07-03,2025,728.88,0.00,20.82
S008,2025-07-03,2025,32.88,0.00,24.55
S009,2025-07-03,2025,127.04,0.00,19.85
S010,2025-07-03,2025,228.15,0.00,21.47
S011,2025-07-03,2025,1015.43,0.00,24.35
S012,2025-07-03,2025,70.58,0.00,18.87
S013,2025-07-03,2025,57.46,0.00,22.64
S014,2025-07-03,2025,259.98,0.00,23.04
S015,2025-07-03,2025,714.47,0.00,21.11
S016,2025-07-03,2025,56.01,0.00,23.06
S017,2025-07-03,2025,44.70,0.00,19.79
S018,2025-07-03,2025,124.33,0.00,20.90
S019,2025-07-03,2025,1096.53,0.00,20.19
S020,2025-07-03,2025,71.30,0.00,23.45
S021,2025-07-03,2025,120.50,0.00,22.35
S022,2025-07-03,2025,130.86,0.00,24.03
S023,2025-07-03,2025,684.17,0.00,21.17
S024,2025-07-03,2025,36.56,0.00,19.33
S025,2025-07-03,2025,170.18,0.00,20.05
S026,2025-07-03,2025,89.06,0.00,22.77
S027,2025-07-03,2025,809.33,0.00,23.28
S028,2025-07-03,2025,119.79,0.00,24.08
S029,2025-07-03,2025,49.12,0.00,19.60
S030,2025-07-03,2025,0.00,0.00,22.53
S001,2025-07-04,2025,157.56,0.00,21.52
S002,2025-07-04,2025,116.27,0.00,19.81
S003,2025-07-04,2025,1019.66,0.00,23.09
S004,2025-07-04,2025,200.20,0.00,22.13
S005,2025-07-04,2025,155.78,0.00,22.50
S006,2025-07-04,2025,136.45,0.00,21.12
S007,2025-07-04,2025,846.43,0.00,21.76
S008,2025-07-04,2025,31.94,0.00,19.16
S009,2025-07-04,2025,128.80,0.00,21.52
S010,2025-07-04,2025,238.37,0.00,21.12
S011,2025-07-04,2025,938.76,0.00,20.68
S012,2025-07-04,2025,66.10,0.00,20.14
S013,2025-07-04,2025,53.31,0.00,22.01
S014,2025-07-04,2025,276.72,0.00,23.37
S015,2025-07-04,2025,616.03,0.00,21.58
S016,2025-07-04,2025,46.46,0.00,21.62
S017,2025-07-04,2025,51.45,0.00,20.48
S018,2025-07-04,2025,131.96,0.00,22.06
S019,2025-07-04,2025,1303.49,0.00,24.59
S020,2025-07-04,2025,66.07,0.00,20.75
S021,2025-07-04,2025,125.35,0.00,20.74
S022,2025-07-04,2025,111.01,0.00,21.17
S023,2025-07-04,2025,613.85,0.00,20.21
S024,2025-07-04,2025,44.70,0.00,21.85
S025,2025-07-04,2025,188.86,0.00,21.30
S026,2025-07-04,2025,95.08,0.00,23.18
S027,2025-07-04,2025,874.37,0.00,23.17
S028,2025-07-04,2025,130.47,0.00,21.94
S029,2025-07-04,2025,47.53,0.00,21.20
S030,2025-07-04,2025,0.00,0.00,19.58
S001,2025-07-05,2025,119.17,0.00,24.59
S002,2025-07-05,2025,75.60,0.00,19.75
S003,2025-07-05,2025,650.85,0.00,22.95
S004,2025-07-05,2025,107.62,0.00,21.96
S005,2025-07-05,2025,85.09,0.00,20.30
S006,2025-07-05,2025,101.65,0.00,23.19
S007,2025-07-05,2025,572.55,0.00,24.32
S008,2025-07-05,2025,21.58,0.00,23.78
S009,2025-07-05,2025,69.56,0.00,23.07
S010,2025-07-05,2025,136.65,0.00,19.97
S011,2025-07-05,2025,548.27,0.00,19.18
S012,2025-07-05,2025,43.09,0.00,21.02
S013,2025-07-05,2025,37.98,0.00,24.10
S014,2025-07-05,2025,140.21,0.00,21.71
S015,2025-07-05,2025,440.81,0.00,22.77
S016,2025-07-05,2025,32.76,0.00,23.12
S017,2025-07-05,2025,28.22,0.00,21.22
S018,2025-07-05,2025,69.06,0.00,18.88
S019,2025-07-05,2025,656.53,0.00,23.59
S020,2025-07-05,2025,43.31,0.00,24.13
S021,2025-07-05,2025,69.72,0.00,18.95
S022,2025-07-05,2025,65.46,0.00,18.78
S023,2025-07-05,2025,372.27,0.00,20.93
S024,2025-07-05,2025,24.45,0.00,21.78
S025,2025-07-05,2025,109.44,0.00,22.70
S026,2025-07-05,2025,55.19,0.00,19.55
S027,2025-07-05,2025,573.98,0.00,20.41
S028,2025-07-05,2025,69.78,0.00,19.53
S029,2025-07-05,2025,36.09,0.00,22.56
S030,2025-07-05,2025,0.00,0.00,19.37
S001,2025-07-06,2025,117.58,0.00,23.81
S002,2025-07-06,2025,61.95,0.00,22.42
S003,2025-07-06,2025,532.48,0.00,19.39
S004,2025-07-06,2025,110.33,0.00,20.94
S005,2025-07-06,2025,97.37,0.00,23.39
S006,2025-07-06,2025,96.42,0.00,24.35
S007,2025-07-06,2025,501.81,0.00,22.32
S008,2025-07-06,2025,18.88,0.00,20.66
S009,2025-07-06,2025,67.86,0.00,21.01
S010,2025-07-06,2025,150.79,0.00,22.17
S011,2025-07-06,2025,494.57,0.00,19.25
S012,2025-07-06,2025,44.46,0.00,20.32
S013,2025-07-06,2025,32.29,0.00,22.61
S014,2025-07-06,2025,155.55,0.00,24.39
S015,2025-07-06,2025,423.22,0.00,21.56
S016,2025-07-06,2025,28.66,0.00,20.88
S017,2025-07-06,2025,32.69,0.00,21.05
S018,2025-07-06,2025,90.34,0.00,23.36
S019,2025-07-06,2025,773.73,0.00,24.06
S020,2025-07-06,2025,40.71,0.00,21.63
S021,2025-07-06,2025,91.14,0.00,24.60
S022,2025-07-06,2025,64.16,0.00,21.97
S023,2025-07-06,2025,399.60,0.00,19.06
S024,2025-07-06,2025,26.74,0.00,23.78
S025,2025-07-06,2025,100.50,0.00,20.96
S026,2025-07-06,2025,55.97,0.00,19.07
S027,2025-07-06,2025,547.54,0.00,22.83
S028,2025-07-06,2025,81.99,0.00,19.73
S029,2025-07-06,2025,37.14,0.00,22.76
S030,2025-07-06,2025,0.00,0.00,20.23
S001,2025-07-07,2025,173.38,0.00,23.25
S002,2025-07-07,2025,122.64,0.00,22.44
S003,2025-07-07,2025,905.17,0.00,21.46
S004,2025-07-07,2025,200.65,0.00,24.04
S005,2025-07-07,2025,136.89,0.00,20.42
S006,2025-07-07,2025,170.15,0.00,24.37
S007,2025-07-07,2025,820.39,0.00,24.33
S008,2025-07-07,2025,35.16,0.00,20.85
S009,2025-07-07,2025,125.33,0.00,24.16
S010,2025-07-07,2025,256.03,0.00,19.94
S011,2025-07-07,2025,944.88,0.00,21.14
S012,2025-07-07,2025,82.77,0.00,21.57
S013,2025-07-07,2025,55.43,0.00,19.50
S014,2025-07-07,2025,263.57,0.00,24.40
S015,2025-07-07,2025,791.19,0.00,24.17
S016,2025-07-07,2025,44.94,0.00,22.73
S017,2025-07-07,2025,55.60,0.00,23.58
S018,2025-07-07,2025,131.25,0.00,22.68
S019,2025-07-07,2025,1001.11,0.00,19.54
S020,2025-07-07,2025,70.12,0.00,23.67
S021,2025-07-07,2025,131.29,0.00,20.00
S022,2025-07-07,2025,127.76,0.00,24.45
S023,2025-07-07,2025,628.08,0.00,23.06
S024,2025-07-07,2025,45.88,0.00,24.17
S025,2025-07-07,2025,170.07,0.00,20.93
S026,2025-07-07,2025,88.52,0.00,20.30
S027,2025-07-07,2025,943.51,0.00,22.27
S028,2025-07-07,2025,125.58,0.00,21.15
S029,2025-07-07,2025,50.38,0.00,20.81
S030,2025-07-07,2025,0.00,0.00,19.25
S001,2025-07-08,2025,148.00,0.00,20.96
S002,2025-07-08,2025,98.97,0.00,19.01
S003,2025-07-08,2025,1093.29,0.00,24.36
S004,2025-07-08,2025,205.10,0.00,23.80
S005,2025-07-08,2025,162.13,0.00,19.96
S006,2025-07-08,2025,150.57,0.00,22.21
S007,2025-07-08,2025,895.81,0.00,24.23
S008,2025-07-08,2025,37.32,0.00,23.70
S009,2025-07-08,2025,111.44,0.00,21.67
S010,2025-07-08,2025,228.07,0.00,21.38
S011,2025-07-08,2025,970.26,0.00,23.85
S012,2025-07-08,2025,71.27,0.00,21.04
S013,2025-07-08,2025,56.19,0.00,19.38
S014,2025-07-08,2025,275.73,0.00,24.86
S015,2025-07-08,2025,747.24,0.00,24.47
S016,2025-07-08,2025,49.15,0.00,19.50
S017,2025-07-08,2025,50.29,0.00,23.30
S018,2025-07-08,2025,131.59,0.00,22.78
S019,2025-07-08,2025,1205.75,0.00,21.55
S020,2025-07-08,2025,75.91,0.00,21.90
S021,2025-07-08,2025,121.51,0.00,23.30
S022,2025-07-08,2025,118.45,0.00,20.76
S023,2025-07-08,2025,675.95,0.00,22.64
S024,2025-07-08,2025,41.83,0.00,23.10
S025,2025-07-08,2025,194.93,0.00,22.14
S026,2025-07-08,2025,80.01,0.00,21.67
S027,2025-07-08,2025,851.06,0.00,21.16
S028,2025-07-08,2025,136.52,0.00,20.42
S029,2025-07-08,2025,60.13,0.00,24.67
S030,2025-07-08,2025,0.00,0.00,24.43
S001,2025-07-09,2025,152.03,0.00,21.52
S002,2025-07-09,2025,106.28,0.00,20.12
S003,2025-07-09,2025,892.84,0.00,21.70
S004,2025-07-09,2025,171.79,0.00,21.79
S005,2025-07-09,2025,149.44,0.00,24.67
S006,2025-07-09,2025,145.22,0.00,20.78
S007,2025-07-09,2025,772.62,0.00,23.56
S008,2025-07-09,2025,31.14,0.00,21.99
S009,2025-07-09,2025,112.85,0.00,20.87
S010,2025-07-09,2025,242.61,0.00,20.52
S011,2025-07-09,2025,778.26,0.00,21.56
S012,2025-07-09,2025,67.22,0.00,20.49
S013,2025-07-09,2025,57.09,0.00,21.19
S014,2025-07-09,2025,214.12,0.00,21.28
S015,2025-07-09,2025,690.29,0.00,20.49
S016,2025-07-09,2025,54.44,0.00,23.40
S017,2025-07-09,2025,54.90,0.00,23.96
S018,2025-07-09,2025,116.29,0.00,21.12
S019,2025-07-09,2025,1110.30,0.00,21.02
S020,2025-07-09,2025,67.07,0.00,23.34
S021,2025-07-09,2025,135.16,0.00,20.45
S022,2025-07-09,2025,103.91,0.00,22.23
S023,2025-07-09,2025,686.10,0.00,21.72
S024,2025-07-09,2025,42.85,0.00,22.09
S025,2025-07-09,2025,201.17,0.00,24.01
S026,2025-07-09,2025,95.14,0.00,21.15
S027,2025-07-09,2025,852.70,0.00,19.48
S028,2025-07-09,2025,145.79,0.00,23.29
S029,2025-07-09,2025,62.79,0.00,24.12
S030,2025-07-09,2025,0.00,0.00,20.10
S001,2025-07-10,2025,200.83,0.00,24.45
S002,2025-07-10,2025,111.21,0.00,22.05
S003,2025-07-10,2025,959.10,0.00,23.58
S004,2025-07-10,2025,190.32,0.00,19.55
S005,2025-07-10,2025,131.49,0.00,21.67
S006,2025-07-10,2025,159.64,0.00,23.74
S007,2025-07-10,2025,779.04,0.00,20.48
S008,2025-07-10,2025,35.29,0.00,24.08
S009,2025-07-10,2025,117.00,0.00,21.06
S010,2025-07-10,2025,250.99,0.00,23.00
S011,2025-07-10,2025,874.13,0.00,23.32
S012,2025-07-10,2025,70.02,0.00,22.96
S013,2025-07-10,2025,47.48,0.00,21.31
S014,2025-07-10,2025,228.82,0.00,19.64
S015,2025-07-10,2025,595.12,0.00,21.84
S016,2025-07-10,2025,44.25,0.00,21.05
S017,2025-07-10,2025,56.63,0.00,24.39
S018,2025-07-10,2025,120.98,0.00,22.39
S019,2025-07-10,2025,1247.35,0.00,24.45
S020,2025-07-10,2025,67.82,0.00,24.10
S021,2025-07-10,2025,135.34,0.00,21.38
S022,2025-07-10,2025,133.39,0.00,24.00
S023,2025-07-10,2025,741.10,0.00,23.74
S024,2025-07-10,2025,44.18,0.00,18.99
S025,2025-07-10,2025,188.87,0.00,23.97
S026,2025-07-10,2025,94.01,0.00,20.80
S027,2025-07-10,2025,837.54,0.00,23.10
S028,2025-07-10,2025,120.65,0.00,19.53
S029,2025-07-10,2025,57.86,0.00,24.87
S030,2025-07-10,2025,0.00,0.00,20.62
S001,2025-07-11,2025,160.28,0.00,21.46
S002,2025-07-11,2025,116.14,0.00,22.86
S003,2025-07-11,2025,1013.69,0.00,23.86
S004,2025-07-11,2025,185.07,0.00,19.06
S005,2025-07-11,2025,142.46,0.00,22.21
S006,2025-07-11,2025,156.77,0.00,22.58
S007,2025-07-11,2025,820.71,0.00,19.52
S008,2025-07-11,2025,35.07,0.00,24.23
S009,2025-07-11,2025,132.41,0.00,21.26
S010,2025-07-11,2025,228.79,0.00,22.91
S011,2025-07-11,2025,804.39,0.00,19.74
S012,2025-07-11,2025,68.79,0.00,23.30
S013,2025-07-11,2025,48.51,0.00,22.51
S014,2025-07-11,2025,236.72,0.00,19.97
S015,2025-07-11,2025,692.34,0.00,23.84
S016,2025-07-11,2025,48.05,0.00,19.15
S017,2025-07-11,2025,52.83,0.00,19.33
S018,2025-07-11,2025,128.01,0.00,22.62
S019,2025-07-11,2025,1194.37,0.00,19.15
S020,2025-07-11,2025,83.43,0.00,24.48
S021,2025-07-11,2025,112.61,0.00,19.04
S022,2025-07-11,2025,109.04,0.00,19.33
S023,2025-07-11,2025,599.07,0.00,19.52
S024,2025-07-11,2025,45.35,0.00,21.88
S025,2025-07-11,2025,180.75,0.00,22.95
S026,2025-07-11,2025,91.43,0.00,22.12
S027,2025-07-11,2025,923.29,0.00,22.15
S028,2025-07-11,2025,135.91,0.00,18.98
S029,2025-07-11,2025,52.11,0.00,23.26
S030,2025-07-11,2025,0.00,0.00,20.69
S001,2025-07-12,2025,92.67,0.00,19.42
S002,2025-07-12,2025,74.13,0.00,19.57
S003,2025-07-12,2025,563.38,0.00,22.82
S004,2025-07-12,2025,125.65,0.00,19.81
S005,2025-07-12,2025,93.00,0.00,20.79
S006,2025-07-12,2025,95.81,0.00,21.33
S007,2025-07-12,2025,481.45,0.00,22.09
S008,2025-07-12,2025,20.87,0.00,20.42
S009,2025-07-12,2025,74.34,0.00,23.96
S010,2025-07-12,2025,166.84,0.00,23.50
S011,2025-07-12,2025,526.46,0.00,22.54
S012,2025-07-12,2025,42.79,0.00,20.80
S013,2025-07-12,2025,31.42,0.00,19.77
S014,2025-07-12,2025,154.04,0.00,21.30
S015,2025-07-12,2025,384.20,0.00,19.75
S016,2025-07-12,2025,29.31,0.00,20.37
S017,2025-07-12,2025,27.47,0.00,19.68
S018,2025-07-12,2025,79.60,0.00,19.63
S019,2025-07-12,2025,800.40,0.00,24.91
S020,2025-07-12,2025,42.96,0.00,20.37
S021,2025-07-12,2025,81.14,0.00,21.21
S022,2025-07-12,2025,65.51,0.00,20.53
S023,2025-07-12,2025,418.21,0.00,21.66
S024,2025-07-12,2025,24.86,0.00,20.05
S025,2025-07-12,2025,116.00,0.00,21.10
S026,2025-07-12,2025,48.13,0.00,21.65
S027,2025-07-12,2025,571.63,0.00,21.45
S028,2025-07-12,2025,88.09,0.00,22.46
S029,2025-07-12,2025,33.89,0.00,23.99
S030,2025-07-12,2025,0.00,0.00,19.18
S001,2025-07-13,2025,100.17,0.00,21.43
S002,2025-07-13,2025,72.91,0.00,21.25
S003,2025-07-13,2025,611.06,0.00,19.87
S004,2025-07-13,2025,111.46,0.00,20.26
S005,2025-07-13,2025,96.08,0.00,23.19
S006,2025-07-13,2025,94.57,0.00,20.61
S007,2025-07-13,2025,498.16,0.00,22.18
S008,2025-07-13,2025,21.21,0.00,23.16
S009,2025-07-13,2025,68.70,0.00,20.14
S010,2025-07-13,2025,147.78,0.00,19.12
S011,2025-07-13,2025,655.88,0.00,24.82
S012,2025-07-13,2025,51.29,0.00,20.61
S013,2025-07-13,2025,34.55,0.00,20.03
S014,2025-07-13,2025,178.05,0.00,24.04
S015,2025-07-13,2025,389.46,0.00,20.86
S016,2025-07-13,2025,29.17,0.00,21.11
S017,2025-07-13,2025,27.12,0.00,21.86
S018,2025-07-13,2025,77.96,0.00,22.13
S019,2025-07-13,2025,717.38,0.00,24.08
S020,2025-07-13,2025,45.99,0.00,23.09
S021,2025-07-13,2025,70.46,0.00,23.15
S022,2025-07-13,2025,69.76,0.00,23.49
S023,2025-07-13,2025,469.65,0.00,22.42
S024,2025-07-13,2025,27.86,0.00,20.92
S025,2025-07-13,2025,116.61,0.00,22.18
S026,2025-07-13,2025,47.51,0.00,21.78
S027,2025-07-13,2025,551.25,0.00,22.87
S028,2025-07-13,2025,73.48,0.00,22.16
S029,2025-07-13,2025,36.19,0.00,19.47
S030,2025-07-13,2025,0.00,0.00,21.51
S001,2025-07-14,2025,148.75,0.00,21.82
S002,2025-07-14,2025,119.12,0.00,24.08
S003,2025-07-14,2025,854.15,0.00,20.65
S004,2025-07-14,2025,177.45,0.00,19.47
S005,2025-07-14,2025,166.90,0.00,22.77
S006,2025-07-14,2025,143.54,0.00,20.88
S007,2025-07-14,2025,822.98,0.00,23.46
S008,2025-07-14,2025,30.14,0.00,23.19
S009,2025-07-14,2025,130.19,0.00,20.10
S010,2025-07-14,2025,232.03,0.00,24.04
S011,2025-07-14,2025,955.98,0.00,19.60
S012,2025-07-14,2025,85.50,0.00,22.88
S013,2025-07-14,2025,57.27,0.00,22.14
S014,2025-07-14,2025,212.26,0.00,20.66
S015,2025-07-14,2025,780.15,0.00,23.53
S016,2025-07-14,2025,51.84,0.00,24.57
S017,2025-07-14,2025,50.41,0.00,19.89
S018,2025-07-14,2025,141.55,0.00,24.25
S019,2025-07-14,2025,1041.17,0.00,19.27
S020,2025-07-14,2025,78.49,0.00,22.27
S021,2025-07-14,2025,117.87,0.00,19.16
S022,2025-07-14,2025,125.56,0.00,23.48
S023,2025-07-14,2025,704.76,0.00,20.38
S024,2025-07-14,2025,36.71,0.00,21.41
S025,2025-07-14,2025,193.31,0.00,20.49
S026,2025-07-14,2025,90.38,0.00,20.38
S027,2025-07-14,2025,960.07,0.00,23.35
S028,2025-07-14,2025,135.05,0.00,22.01
S029,2025-07-14,2025,58.18,0.00,23.62
S030,2025-07-14,2025,0.00,0.00,23.19
S001,2025-07-15,2025,189.00,0.00,23.36
S002,2025-07-15,2025,108.85,0.00,24.02
S003,2025-07-15,2025,1050.32,0.00,20.68
S004,2025-07-15,2025,210.03,0.00,22.33
S005,2025-07-15,2025,146.70,0.00,24.23
S006,2025-07-15,2025,181.28,0.00,24.85
S007,2025-07-15,2025,800.01,0.00,21.35
S008,2025-07-15,2025,32.28,0.00,21.02
S009,2025-07-15,2025,128.10,0.00,22.99
S010,2025-07-15,2025,275.75,0.00,24.17
S011,2025-07-15,2025,824.60,0.00,19.37
S012,2025-07-15,2025,66.98,0.00,20.34
S013,2025-07-15,2025,52.08,0.00,21.81
S014,2025-07-15,2025,218.17,0.00,19.75
S015,2025-07-15,2025,692.11,0.00,22.26
S016,2025-07-15,2025,55.51,0.00,23.95
S017,2025-07-15,2025,47.13,0.00,19.19
S018,2025-07-15,2025,129.00,0.00,19.68
S019,2025-07-15,2025,1127.50,0.00,24.09
S020,2025-07-15,2025,68.61,0.00,20.90
S021,2025-07-15,2025,146.45,0.00,23.59
S022,2025-07-15,2025,115.67,0.00,23.71
S023,2025-07-15,2025,745.33,0.00,19.64
S024,2025-07-15,2025,44.81,0.00,19.57
S025,2025-07-15,2025,189.07,0.00,23.53
S026,2025-07-15,2025,89.57,0.00,20.25
S027,2025-07-15,2025,931.71,0.00,20.49
S028,2025-07-15,2025,144.70,0.00,24.57
S029,2025-07-15,2025,49.72,0.00,21.34
S030,2025-07-15,2025,0.00,0.00,22.07
S001,2025-07-16,2025,178.16,0.00,24.22
S002,2025-07-16,2025,106.99,0.00,19.10
S003,2025-07-16,2025,997.34,0.00,19.19
S004,2025-07-16,2025,191.13,0.00,21.29
S005,2025-07-16,2025,161.09,0.00,23.89
S006,2025-07-16,2025,152.80,0.00,19.74
S007,2025-07-16,2025,844.66,0.00,24.97
S008,2025-07-16,2025,28.31,0.00,19.05
S009,2025-07-16,2025,136.12,0.00,19.23
S010,2025-07-16,2025,211.31,0.00,19.27
S011,2025-07-16,2025,880.86,0.00,24.18
S012,2025-07-16,2025,80.30,0.00,24.12
S013,2025-07-16,2025,59.63,0.00,19.38
S014,2025-07-16,2025,260.59,0.00,23.61
S015,2025-07-16,2025,678.91,0.00,22.10
S016,2025-07-16,2025,46.05,0.00,22.42
S017,2025-07-16,2025,52.05,0.00,20.73
S018,2025-07-16,2025,136.74,0.00,24.38
S019,2025-07-16,2025,1225.06,0.00,19.47
S020,2025-07-16,2025,71.69,0.00,20.45
S021,2025-07-16,2025,126.03,0.00,22.36
S022,2025-07-16,2025,117.93,0.00,19.16
S023,2025-07-16,2025,769.45,0.00,24.25
S024,2025-07-16,2025,41.93,0.00,24.34
S025,2025-07-16,2025,165.42,0.00,21.59
S026,2025-07-16,2025,83.25,0.00,20.51
S027,2025-07-16,2025,889.85,0.00,23.43
S028,2025-07-16,2025,129.38,0.00,24.15
S029,2025-07-16,2025,57.45,0.00,22.37
S030,2025-07-16,2025,0.00,0.00,21.97
S001,2025-07-17,2025,172.16,0.00,24.86
S002,2025-07-17,2025,98.07,0.00,21.19
S003,2025-07-17,2025,invalid,0.00,20.83
S004,2025-07-17,2025,215.38,0.00,23.50
S005,2025-07-17,2025,148.50,0.00,21.31
S006,2025-07-17,2025,143.92,0.00,21.57
S007,2025-07-17,2025,737.24,0.00,21.94
S008,2025-07-17,2025,37.57,0.00,24.71
S009,2025-07-17,2025,143.34,0.00,23.23
S010,2025-07-17,2025,260.61,0.00,20.87
S011,2025-07-17,2025,863.33,0.00,21.57
S012,2025-07-17,2025,70.93,0.00,22.56
S013,2025-07-17,2025,58.00,0.00,23.57
S014,2025-07-17,2025,211.40,0.00,19.01
S015,2025-07-17,2025,740.10,0.00,24.75
S016,2025-07-17,2025,45.10,0.00,21.13
S017,2025-07-17,2025,53.15,0.00,22.16
S018,2025-07-17,2025,139.38,0.00,22.37
S019,2025-07-17,2025,1238.67,0.00,22.81
S020,2025-07-17,2025,69.86,0.00,22.63
S021,2025-07-17,2025,131.94,0.00,23.86
S022,2025-07-17,2025,122.46,0.00,20.44
S023,2025-07-17,2025,650.72,0.00,21.16
S024,2025-07-17,2025,38.59,0.00,22.05
S025,2025-07-17,2025,193.24,0.00,23.89
S026,2025-07-17,2025,92.62,0.00,21.98
S027,2025-07-17,2025,929.93,0.00,21.98
S028,2025-07-17,2025,139.43,0.00,20.59
S029,2025-07-17,2025,62.06,0.00,23.05
S030,2025-07-17,2025,0.00,0.00,23.58
S001,2025-07-18,2025,153.37,0.00,22.07
S002,2025-07-18,2025,102.68,0.00,19.67
S003,2025-07-18,2025,967.92,0.00,21.37
S004,2025-07-18,2025,174.24,0.00,21.56
S005,2025-07-18,2025,139.43,0.00,19.10
S006,2025-07-18,2025,135.10,0.00,19.76
S007,2025-07-18,2025,960.08,0.00,24.59
S008,2025-07-18,2025,34.91,0.00,19.59
S009,2025-07-18,2025,140.72,0.00,22.99
S010,2025-07-18,2025,244.78,0.00,24.95
S011,2025-07-18,2025,962.36,0.00,24.90
S012,2025-07-18,2025,77.53,0.00,24.24
S013,2025-07-18,2025,59.06,0.00,19.08
S014,2025-07-18,2025,233.55,0.00,19.93
S015,2025-07-18,2025,706.95,0.00,24.41
S016,2025-07-18,2025,50.06,0.00,23.32
S017,2025-07-18,2025,52.53,0.00,22.40
S018,2025-07-18,2025,124.35,0.00,20.58
S019,2025-07-18,2025,1196.36,0.00,22.24
S020,2025-07-18,2025,76.68,0.00,22.41
S021,2025-07-18,2025,123.62,0.00,20.42
S022,2025-07-18,2025,124.02,0.00,24.36
S023,2025-07-18,2025,628.82,0.00,20.73
S024,2025-07-18,2025,38.13,0.00,22.95
S025,2025-07-18,2025,167.46,0.00,22.47
S026,2025-07-18,2025,84.83,0.00,20.63
S027,2025-07-18,2025,937.52,0.00,19.30
S028,2025-07-18,2025,140.40,0.00,23.33
S029,2025-07-18,2025,50.06,0.00,20.93
S030,2025-07-18,2025,0.00,0.00,19.56
S001,2025-07-19,2025,91.72,0.00,20.18
S002,2025-07-19,2025,73.16,0.00,22.39
S003,2025-07-19,2025,658.23,0.00,24.63
S004,2025-07-19,2025,110.94,0.00,22.57
S005,2025-07-19,2025,98.48,0.00,22.38
S006,2025-07-19,2025,92.58,0.00,21.62
S007,2025-07-19,2025,457.28,0.00,19.11
S008,2025-07-19,2025,21.70,0.00,21.67
S009,2025-07-19,2025,70.43,0.00,21.09
S010,2025-07-19,2025,131.57,0.00,20.04
S011,2025-07-19,2025,560.01,0.00,22.37
S012,2025-07-19,2025,47.17,0.00,24.86
S013,2025-07-19,2025,38.55,0.00,23.24
S014,2025-07-19,2025,144.32,0.00,19.51
S015,2025-07-19,2025,381.41,0.00,22.47
S016,2025-07-19,2025,33.52,0.00,21.56
S017,2025-07-19,2025,29.31,0.00,23.90
S018,2025-07-19,2025,75.78,0.00,24.48
S019,2025-07-19,2025,711.38,0.00,21.33
S020,2025-07-19,2025,44.99,0.00,20.74
S021,2025-07-19,2025,73.74,0.00,20.63
S022,2025-07-19,2025,80.31,0.00,21.18
S023,2025-07-19,2025,443.97,0.00,23.51
S024,2025-07-19,2025,22.56,0.00,20.83
S025,2025-07-19,2025,124.37,0.00,24.40
S026,2025-07-19,2025,58.08,0.00,23.25
S027,2025-07-19,2025,507.42,0.00,20.22
S028,2025-07-19,2025,78.67,0.00,21.32
S029,2025-07-19,2025,36.96,0.00,19.61
S030,2025-07-19,2025,0.00,0.00,20.89
S001,2025-07-20,2025,95.72,0.00,21.10
S002,2025-07-20,2025,75.37,0.00,21.94
S003,2025-07-20,2025,659.55,0.00,23.39
S004,2025-07-20,2025,102.01,0.00,20.41
S005,2025-07-20,2025,87.19,0.00,23.00
S006,2025-07-20,2025,94.29,0.00,20.71
S007,2025-07-20,2025,489.70,0.00,21.55
S008,2025-07-20,2025,17.32,0.00,19.35
S009,2025-07-20,2025,79.88,0.00,22.29
S010,2025-07-20,2025,157.46,0.00,24.25
S011,2025-07-20,2025,497.83,0.00,22.25
S012,2025-07-20,2025,43.76,0.00,21.62
S013,2025-07-20,2025,36.19,0.00,19.61
S014,2025-07-20,2025,167.72,0.00,22.63
S015,2025-07-20,2025,393.86,0.00,23.55
S016,2025-07-20,2025,34.62,0.00,22.42
S017,2025-07-20,2025,32.34,0.00,23.56
S018,2025-07-20,2025,79.21,0.00,23.69
S019,2025-07-20,2025,761.75,0.00,24.36
S020,2025-07-20,2025,46.24,0.00,22.80
S021,2025-07-20,2025,76.29,0.00,23.53
S022,2025-07-20,2025,74.21,0.00,20.49
S023,2025-07-20,2025,375.48,0.00,21.27
S024,2025-07-20,2025,23.44,0.00,22.18
S025,2025-07-20,2025,104.07,0.00,19.96
S026,2025-07-20,2025,53.63,0.00,20.65
S027,2025-07-20,2025,649.90,0.00,24.86
S028,2025-07-20,2025,83.12,0.00,24.87
S029,2025-07-20,2025,36.51,0.00,22.15
S030,2025-07-20,2025,0.00,0.00,24.31
S001,2025-07-21,2025,178.36,0.00,21.44
S002,2025-07-21,2025,116.16,0.00,21.10
S003,2025-07-21,2025,957.67,0.00,24.10
S004,2025-07-21,2025,217.85,0.00,23.44
S005,2025-07-21,2025,131.12,0.00,20.79
S006,2025-07-21,2025,142.30,0.00,23.76
S007,2025-07-21,2025,719.46,0.00,22.01
S008,2025-07-21,2025,30.03,0.00,23.16
S009,2025-07-21,2025,131.84,0.00,23.16
S010,2025-07-21,2025,250.08,0.00,20.61
S011,2025-07-21,2025,874.22,0.00,24.23
S012,2025-07-21,2025,65.48,0.00,20.08
S013,2025-07-21,2025,56.73,0.00,20.77
S014,2025-07-21,2025,264.09,0.00,23.68
S015,2025-07-21,2025,723.35,0.00,24.87
S016,2025-07-21,2025,48.39,0.00,24.07
S017,2025-07-21,2025,45.41,0.00,22.05
S018,2025-07-21,2025,130.91,0.00,19.86
S019,2025-07-21,2025,1095.70,0.00,20.08
S020,2025-07-21,2025,76.62,0.00,22.43
S021,2025-07-21,2025,131.42,0.00,20.99
S022,2025-07-21,2025,132.16,0.00,23.90
S023,2025-07-21,2025,666.22,0.00,22.56
S024,2025-07-21,2025,45.52,0.00,23.77
S025,2025-07-21,2025,161.58,0.00,22.93
S026,2025-07-21,2025,84.14,0.00,19.87
S027,2025-07-21,2025,890.05,0.00,22.87
S028,2025-07-21,2025,114.52,0.00,22.52
S029,2025-07-21,2025,53.95,0.00,22.48
S030,2025-07-21,2025,0.00,0.00,21.81
S001,2025-07-22,2025,144.97,0.00,21.68
S002,2025-07-22,2025,105.01,0.00,20.17
S003,2025-07-22,2025,1117.58,0.00,23.37
S004,2025-07-22,2025,195.43,0.00,22.79
S005,2025-07-22,2025,133.45,0.00,20.28
S006,2025-07-22,2025,163.32,0.00,19.78
S007,2025-07-22,2025,858.60,0.00,21.42
S008,2025-07-22,2025,32.47,0.00,21.85
S009,2025-07-22,2025,130.63,0.00,24.53
S010,2025-07-22,2025,218.39,0.00,20.69
S011,2025-07-22,2025,879.29,0.00,21.06
S012,2025-07-22,2025,76.32,0.00,20.87
S013,2025-07-22,2025,52.24,0.00,19.14
S014,2025-07-22,2025,224.50,0.00,21.34
S015,2025-07-22,2025,702.50,0.00,20.48
S016,2025-07-22,2025,52.15,0.00,20.87
S017,2025-07-22,2025,48.53,0.00,20.56
S018,2025-07-22,2025,110.95,0.00,20.67
S019,2025-07-22,2025,1136.46,0.00,22.05
S020,2025-07-22,2025,79.51,0.00,22.28
S021,2025-07-22,2025,125.72,0.00,20.09
S022,2025-07-22,2025,121.68,0.00,20.48
S023,2025-07-22,2025,662.64,0.00,22.97
S024,2025-07-22,2025,39.69,0.00,22.72
S025,2025-07-22,2025,192.99,0.00,22.49
S026,2025-07-22,2025,81.85,0.00,24.02
S027,2025-07-22,2025,965.75,0.00,23.93
S028,2025-07-22,2025,136.65,0.00,23.21
S029,2025-07-22,2025,55.23,0.00,20.13
S030,2025-07-22,2025,0.00,0.00,22.90
S001,2025-07-23,2025,157.88,0.00,21.18
S002,2025-07-23,2025,119.42,0.00,20.82
S003,2025-07-23,2025,990.87,0.00,23.35
S004,2025-07-23,2025,227.83,0.00,24.92
S005,2025-07-23,2025,161.32,0.00,20.56
S006,2025-07-23,2025,153.40,0.00,21.56
S007,2025-07-23,2025,813.04,0.00,19.11
S008,2025-07-23,2025,32.10,0.00,21.90
S009,2025-07-23,2025,130.87,0.00,20.32
S010,2025-07-23,2025,252.29,0.00,21.33
S011,2025-07-23,2025,929.55,0.00,23.30
S012,2025-07-23,2025,71.42,0.00,19.12
S013,2025-07-23,2025,54.43,0.00,20.58
S014,2025-07-23,2025,265.51,0.00,19.01
S015,2025-07-23,2025,721.84,0.00,23.70
S016,2025-07-23,2025,46.48,0.00,19.00
S017,2025-07-23,2025,45.31,0.00,19.33
S018,2025-07-23,2025,124.35,0.00,24.24
S019,2025-07-23,2025,1105.90,0.00,19.64
S020,2025-07-23,2025,84.11,0.00,24.56
S021,2025-07-23,2025,120.39,0.00,20.32
S022,2025-07-23,2025,124.42,0.00,22.45
S023,2025-07-23,2025,705.13,0.00,23.08
S024,2025-07-23,2025,39.70,0.00,23.55
S025,2025-07-23,2025,167.14,0.00,19.25
S026,2025-07-23,2025,95.25,0.00,19.75
S027,2025-07-23,2025,831.37,0.00,24.54
S028,2025-07-23,2025,135.53,0.00,21.72
S029,2025-07-23,2025,61.46,0.00,24.04
S030,2025-07-23,2025,0.00,0.00,21.99
S001,2025-07-24,2025,175.20,0.00,21.65
S002,2025-07-24,2025,117.39,0.00,20.14
S003,2025-07-24,2025,962.69,0.00,19.71
S004,2025-07-24,2025,211.61,0.00,22.63
S005,2025-07-24,2025,146.71,0.00,24.55
S006,2025-07-24,2025,136.87,0.00,21.85
S007,2025-07-24,2025,918.41,0.00,23.76
S008,2025-07-24,2025,30.08,0.00,23.80
S009,2025-07-24,2025,125.15,0.00,24.21
S010,2025-07-24,2025,247.07,0.00,23.16
S011,2025-07-24,2025,911.51,0.00,24.58
S012,2025-07-24,2025,65.50,0.00,20.56
S013,2025-07-24,2025,54.84,0.00,22.11
S014,2025-07-24,2025,257.37,0.00,19.46
S015,2025-07-24,2025,711.88,0.00,23.52
S016,2025-07-24,2025,44.10,0.00,21.06
S017,2025-07-24,2025,45.07,0.00,20.74
S018,2025-07-24,2025,115.66,0.00,21.46
S019,2025-07-24,2025,1230.70,0.00,24.44
S020,2025-07-24,2025,67.35,0.00,20.20
S021,2025-07-24,2025,110.89,0.00,21.96
S022,2025-07-24,2025,119.08,0.00,19.10
S023,2025-07-24,2025,744.82,0.00,20.17
S024,2025-07-24,2025,41.57,0.00,24.69
S025,2025-07-24,2025,157.97,0.00,19.81
S026,2025-07-24,2025,86.51,0.00,20.51
S027,2025-07-24,2025,857.60,0.00,24.12
S028,2025-07-24,2025,118.43,0.00,20.66
S029,2025-07-24,2025,56.20,0.00,20.80
S030,2025-07-24,2025,0.00,0.00,19.62
S001,2025-07-25,2025,181.86,0.00,19.79
S002,2025-07-25,2025,103.79,0.00,23.78
S003,2025-07-25,2025,920.71,0.00,21.57
S004,2025-07-25,2025,188.90,0.00,19.86
S005,2025-07-25,2025,165.83,0.00,23.20
S006,2025-07-25,2025,138.65,0.00,20.16
S007,2025-07-25,2025,771.92,0.00,19.97
S008,2025-07-25,2025,28.96,0.00,20.04
S009,2025-07-25,2025,126.68,0.00,19.97
S010,2025-07-25,2025,216.09,0.00,20.85
S011,2025-07-25,2025,900.48,0.00,19.16
S012,2025-07-25,2025,67.40,0.00,21.24
S013,2025-07-25,2025,57.32,0.00,22.54
S014,2025-07-25,2025,215.58,0.00,19.92
S015,2025-07-25,2025,691.09,0.00,19.53
S016,2025-07-25,2025,48.89,0.00,20.84
S017,2025-07-25,2025,56.98,0.00,23.98
S018,2025-07-25,2025,140.09,0.00,23.96
S019,2025-07-25,2025,1220.88,0.00,22.38
S020,2025-07-25,2025,69.95,0.00,19.98
S021,2025-07-25,2025,122.24,0.00,20.49
S022,2025-07-25,2025,115.06,0.00,19.99
S023,2025-07-25,2025,768.56,0.00,23.76
S024,2025-07-25,2025,43.36,0.00,23.76
S025,2025-07-25,2025,198.33,0.00,22.09
S026,2025-07-25,2025,97.36,0.00,22.89
S027,2025-07-25,2025,847.82,0.00,20.40
S028,2025-07-25,2025,141.66,0.00,22.65
S029,2025-07-25,2025,52.93,0.00,22.88
S030,2025-07-25,2025,0.00,0.00,21.85
S001,2025-07-26,2025,102.19,0.00,20.52
S002,2025-07-26,2025,70.40,0.00,21.79
S003,2025-07-26,2025,invalid,0.00,23.00
S004,2025-07-26,2025,133.43,0.00,24.74
S005,2025-07-26,2025,89.89,0.00,24.47
S006,2025-07-26,2025,84.51,0.00,21.11
S007,2025-07-26,2025,511.73,0.00,19.28
S008,2025-07-26,2025,20.77,0.00,22.04
S009,2025-07-26,2025,79.69,0.00,23.49
S010,2025-07-26,2025,162.17,0.00,19.44
S011,2025-07-26,2025,491.68,0.00,22.33
S012,2025-07-26,2025,44.67,0.00,22.42
S013,2025-07-26,2025,31.00,0.00,23.13
S014,2025-07-26,2025,138.79,0.00,20.26
S015,2025-07-26,2025,474.23,0.00,23.85
S016,2025-07-26,2025,31.01,0.00,21.02
S017,2025-07-26,2025,32.62,0.00,23.85
S018,2025-07-26,2025,invalid,0.00,23.14
S019,2025-07-26,2025,678.78,0.00,22.39
S020,2025-07-26,2025,40.38,0.00,19.66
S021,2025-07-26,2025,82.24,0.00,19.16
S022,2025-07-26,2025,73.48,0.00,23.78
S023,2025-07-26,2025,433.13,0.00,22.19
S024,2025-07-26,2025,24.04,0.00,18.92
S025,2025-07-26,2025,99.37,0.00,21.88
S026,2025-07-26,2025,51.75,0.00,19.76
S027,2025-07-26,2025,480.92,0.00,19.93
S028,2025-07-26,2025,91.80,0.00,24.12
S029,2025-07-26,2025,32.72,0.00,23.87
S030,2025-07-26,2025,0.00,0.00,22.67
S001,2025-07-27,2025,90.04,0.00,19.28
S002,2025-07-27,2025,invalid,0.00,20.86
S003,2025-07-27,2025,556.66,0.00,19.90
S004,2025-07-27,2025,114.73,0.00,19.05
S005,2025-07-27,2025,95.44,0.00,19.66
S006,2025-07-27,2025,81.33,0.00,20.04
S007,2025-07-27,2025,473.72,0.00,18.92
S008,2025-07-27,2025,21.30,0.00,21.38
S009,2025-07-27,2025,75.02,0.00,20.92
S010,2025-07-27,2025,153.58,0.00,22.45
S011,2025-07-27,2025,551.61,0.00,22.62
S012,2025-07-27,2025,42.28,0.00,22.34
S013,2025-07-27,2025,33.28,0.00,22.55
S014,2025-07-27,2025,133.41,0.00,19.16
S015,2025-07-27,2025,366.66,0.00,21.03
S016,2025-07-27,2025,28.47,0.00,21.44
S017,2025-07-27,2025,28.11,0.00,19.10
S018,2025-07-27,2025,78.74,0.00,19.42
S019,2025-07-27,2025,626.56,0.00,21.99
S020,2025-07-27,2025,47.40,0.00,24.72
S021,2025-07-27,2025,68.93,0.00,22.01
S022,2025-07-27,2025,73.25,0.00,23.81
S023,2025-07-27,2025,411.10,0.00,21.60
S024,2025-07-27,2025,28.60,0.00,22.77
S025,2025-07-27,2025,110.55,0.00,22.56
S026,2025-07-27,2025,58.61,0.00,22.58
S027,2025-07-27,2025,489.22,0.00,23.26
S028,2025-07-27,2025,84.89,0.00,20.68
S029,2025-07-27,2025,32.71,0.00,19.64
S030,2025-07-27,2025,0.00,0.00,20.84
S001,2025-07-28,2025,164.16,0.00,20.52
S002,2025-07-28,2025,99.54,0.00,22.67
S003,2025-07-28,2025,1038.25,0.00,24.62
S004,2025-07-28,2025,164.06,0.00,21.15
S005,2025-07-28,2025,140.91,0.00,19.24
S006,2025-07-28,2025,158.64,0.00,22.99
S007,2025-07-28,2025,836.12,0.00,21.41
S008,2025-07-28,2025,28.49,0.00,20.40
S009,2025-07-28,2025,121.08,0.00,19.68
S010,2025-07-28,2025,218.17,0.00,19.46
S011,2025-07-28,2025,980.22,0.00,23.83
S012,2025-07-28,2025,66.37,0.00,21.30
S013,2025-07-28,2025,53.68,0.00,23.38
S014,2025-07-28,2025,238.55,0.00,21.91
S015,2025-07-28,2025,730.67,0.00,23.51
S016,2025-07-28,2025,55.13,0.00,22.92
S017,2025-07-28,2025,43.07,0.00,22.07
S018,2025-07-28,2025,138.94,0.00,22.10
S019,2025-07-28,2025,1053.76,0.00,22.02
S020,2025-07-28,2025,73.76,0.00,24.80
S021,2025-07-28,2025,115.22,0.00,21.84
S022,2025-07-28,2025,108.39,0.00,20.12
S023,2025-07-28,2025,687.32,0.00,20.55
S024,2025-07-28,2025,42.23,0.00,21.52
S025,2025-07-28,2025,161.78,0.00,20.08
S026,2025-07-28,2025,86.18,0.00,20.62
S027,2025-07-28,2025,858.82,0.00,23.88
S028,2025-07-28,2025,121.32,0.00,22.50
S029,2025-07-28,2025,52.50,0.00,23.03
S030,2025-07-28,2025,0.00,0.00,20.82
S001,2025-07-29,2025,166.07,0.00,20.90
S002,2025-07-29,2025,104.66,0.00,22.20
S003,2025-07-29,2025,1105.26,0.00,23.10
S004,2025-07-29,2025,204.68,0.00,19.11
S005,2025-07-29,2025,131.31,0.00,22.00
S006,2025-07-29,2025,155.61,0.00,22.04
S007,2025-07-29,2025,774.41,0.00,20.62
S008,2025-07-29,2025,30.79,0.00,20.77
S009,2025-07-29,2025,126.70,0.00,20.63
S010,2025-07-29,2025,267.23,0.00,22.49
S011,2025-07-29,2025,855.95,0.00,23.24
S012,2025-07-29,2025,78.94,0.00,23.31
S013,2025-07-29,2025,53.01,0.00,23.38
S014,2025-07-29,2025,260.66,0.00,22.09
S015,2025-07-29,2025,643.25,0.00,23.76
S016,2025-07-29,2025,50.27,0.00,20.91
S017,2025-07-29,2025,46.09,0.00,22.92
S018,2025-07-29,2025,137.92,0.00,23.67
S019,2025-07-29,2025,1063.33,0.00,22.15
S020,2025-07-29,2025,70.27,0.00,19.30
S021,2025-07-29,2025,126.85,0.00,19.37
S022,2025-07-29,2025,108.17,0.00,21.07
S023,2025-07-29,2025,724.32,0.00,22.47
S024,2025-07-29,2025,36.01,0.00,19.09
S025,2025-07-29,2025,160.26,0.00,21.25
S026,2025-07-29,2025,78.26,0.00,19.77
S027,2025-07-29,2025,815.21,0.00,20.80
S028,2025-07-29,2025,140.64,0.00,23.21
S029,2025-07-29,2025,53.96,0.00,24.20
S030,2025-07-29,2025,0.00,0.00,19.98
S001,2025-07-30,2025,161.78,0.00,22.17
S002,2025-07-30,2025,101.22,0.00,23.31
S003,2025-07-30,2025,904.38,0.00,22.88
S004,2025-07-30,2025,205.78,0.00,22.95
S005,2025-07-30,2025,146.81,0.00,19.60
S006,2025-07-30,2025,137.60,0.00,22.94
S007,2025-07-30,2025,904.05,0.00,24.30
S008,2025-07-30,2025,32.43,0.00,24.55
S009,2025-07-30,2025,124.88,0.00,21.61
S010,2025-07-30,2025,222.56,0.00,20.49
S011,2025-07-30,2025,954.68,0.00,21.41
S012,2025-07-30,2025,69.02,0.00,21.94
S013,2025-07-30,2025,47.24,0.00,19.64
S014,2025-07-30,2025,231.27,0.00,23.66
S015,2025-07-30,2025,711.89,0.00,19.37
S016,2025-07-30,2025,49.80,0.00,23.65
S017,2025-07-30,2025,45.25,0.00,22.76
S018,2025-07-30,2025,138.78,0.00,20.41
S019,2025-07-30,2025,1176.65,0.00,22.42
,,,,,
S021,2025-07-30,2025,117.69,0.00,22.66
S022,2025-07-30,2025,127.40,0.00,23.47
S023,2025-07-30,2025,737.71,0.00,20.98
S024,2025-07-30,2025,40.15,0.00,23.91
S025,2025-07-30,2025,180.42,0.00,21.45
S026,2025-07-30,2025,85.69,0.00,22.35
S027,2025-07-30,2025,945.03,0.00,24.35
S028,2025-07-30,2025,115.33,0.00,22.63
S029,2025-07-30,2025,51.21,0.00,20.66
S030,2025-07-30,2025,0.00,0.00,23.69
S001,2025-07-31,2025,194.60,0.00,23.59
S002,2025-07-31,2025,104.62,0.00,19.95
S003,2025-07-31,2025,907.55,0.00,21.22
S004,2025-07-31,2025,179.25,0.00,24.08
S005,2025-07-31,2025,149.69,0.00,19.16
S006,2025-07-31,2025,163.15,0.00,20.05
S007,2025-07-31,2025,1006.25,0.00,24.71
S008,2025-07-31,2025,32.20,0.00,22.33
S009,2025-07-31,2025,120.02,0.00,21.64
S010,2025-07-31,2025,279.22,0.00,24.15
S011,2025-07-31,2025,926.49,0.00,19.40
S012,2025-07-31,2025,69.67,0.00,20.76
S013,2025-07-31,2025,52.23,0.00,21.23
S014,2025-07-31,2025,236.35,0.00,21.43
S015,2025-07-31,2025,696.10,0.00,21.45
S016,2025-07-31,2025,52.64,0.00,19.16
S017,2025-07-31,2025,53.33,0.00,24.71
S018,2025-07-31,2025,132.94,0.00,20.71
S019,2025-07-31,2025,1216.19,0.00,20.46
S020,2025-07-31,2025,84.88,0.00,24.61
S021,2025-07-31,2025,123.61,0.00,23.27
S022,2025-07-31,2025,134.60,0.00,24.21
S023,2025-07-31,2025,764.24,0.00,24.27
S024,2025-07-31,2025,36.02,0.00,20.37
S025,2025-07-31,2025,189.32,0.00,20.17
S026,2025-07-31,2025,87.74,0.00,22.99
S027,2025-07-31,2025,900.68,0.00,21.55
S028,2025-07-31,2025,128.31,0.00,23.00
S029,2025-07-31,2025,51.40,0.00,21.84
S030,2025-07-31,2025,0.00,0.00,24.01
S001,2025-08-01,2025,156.76,0.00,21.57
S002,2025-08-01,2025,111.08,0.00,22.21
S003,2025-08-01,2025,920.74,0.00,23.16
S004,2025-08-01,2025,189.37,0.00,23.90
S005,2025-08-01,2025,144.62,0.00,20.33
S006,2025-08-01,2025,147.89,0.00,22.69
S007,2025-08-01,2025,814.77,0.00,20.52
S008,2025-08-01,2025,32.72,0.00,19.99
S009,2025-08-01,2025,134.18,0.00,24.45
S010,2025-08-01,2025,258.04,0.00,20.55
S011,2025-08-01,2025,896.98,0.00,23.14
S012,2025-08-01,2025,82.01,0.00,22.50
S013,2025-08-01,2025,52.70,0.00,21.14
S014,2025-08-01,2025,247.05,0.00,23.65
S015,2025-08-01,2025,702.25,0.00,23.30
S016,2025-08-01,2025,50.30,0.00,24.68
S017,2025-08-01,2025,48.33,0.00,18.81
S018,2025-08-01,2025,141.08,0.00,23.64
S019,2025-08-01,2025,1220.50,0.00,18.83
S020,2025-08-01,2025,65.57,0.00,22.75
S021,2025-08-01,2025,132.63,0.00,23.37
S022,2025-08-01,2025,117.59,0.00,24.03
S023,2025-08-01,2025,685.37,0.00,20.13
S024,2025-08-01,2025,42.22,0.00,21.80
S025,2025-08-01,2025,201.85,0.00,22.84
,,,,,
S027,2025-08-01,2025,766.13,0.00,21.11
S028,2025-08-01,2025,132.40,0.00,19.62
S029,2025-08-01,2025,invalid,0.00,18.72
S030,2025-08-01,2025,0.00,0.00,24.09
S001,2025-08-02,2025,101.07,0.00,21.19
S002,2025-08-02,2025,73.08,0.00,21.76
S003,2025-08-02,2025,661.80,0.00,19.51
S004,2025-08-02,2025,109.65,0.00,23.50
S005,2025-08-02,2025,81.55,0.00,22.09
S006,2025-08-02,2025,97.26,0.00,22.61
S007,2025-08-02,2025,556.37,0.00,22.97
S008,2025-08-02,2025,20.86,0.00,22.10
S009,2025-08-02,2025,78.68,0.00,22.05
S010,2025-08-02,2025,invalid,0.00,23.47
S011,2025-08-02,2025,512.58,0.00,20.18
S012,2025-08-02,2025,46.08,0.00,23.35
S013,2025-08-02,2025,34.77,0.00,21.51
S014,2025-08-02,2025,163.34,0.00,20.69
S015,2025-08-02,2025,401.36,0.00,20.87
S016,2025-08-02,2025,29.42,0.00,21.73
S017,2025-08-02,2025,26.72,0.00,20.84
S018,2025-08-02,2025,86.42,0.00,23.15
S019,2025-08-02,2025,676.06,0.00,20.55
S020,2025-08-02,2025,39.94,0.00,21.77
S021,2025-08-02,2025,75.11,0.00,21.54
S022,2025-08-02,2025,66.59,0.00,20.30
S023,2025-08-02,2025,475.11,0.00,23.34
S024,2025-08-02,2025,24.75,0.00,20.18
S025,2025-08-02,2025,121.68,0.00,19.41
S026,2025-08-02,2025,55.79,0.00,23.32
S027,2025-08-02,2025,530.84,0.00,18.69
S028,2025-08-02,2025,89.10,0.00,23.06
S029,2025-08-02,2025,30.40,0.00,20.88
S030,2025-08-02,2025,0.00,0.00,20.21
S001,2025-08-03,2025,112.51,0.00,23.84
S002,2025-08-03,2025,68.73,0.00,21.02
S003,2025-08-03,2025,591.59,0.00,23.06
S004,2025-08-03,2025,104.77,0.00,19.92
S005,2025-08-03,2025,99.50,0.00,22.43
S006,2025-08-03,2025,85.00,0.00,21.86
S007,2025-08-03,2025,496.51,0.00,24.09
S008,2025-08-03,2025,17.54,0.00,21.52
S009,2025-08-03,2025,74.81,0.00,21.27
S010,2025-08-03,2025,149.54,0.00,20.57
S011,2025-08-03,2025,567.76,0.00,19.49
S012,2025-08-03,2025,54.24,0.00,24.44
S013,2025-08-03,2025,31.96,0.00,19.92
S014,2025-08-03,2025,151.82,0.00,20.04
S015,2025-08-03,2025,379.84,0.00,20.37
S016,2025-08-03,2025,33.88,0.00,20.63
S017,2025-08-03,2025,32.99,0.00,22.49
S018,2025-08-03,2025,84.13,0.00,20.63
S019,2025-08-03,2025,643.32,0.00,21.90
S020,2025-08-03,2025,50.08,0.00,24.18
S021,2025-08-03,2025,84.48,0.00,22.32
,,,,,
S023,2025-08-03,2025,455.94,0.00,20.11
S024,2025-08-03,2025,27.64,0.00,21.89
S025,2025-08-03,2025,116.67,0.00,21.05
S026,2025-08-03,2025,63.55,0.00,24.15
S027,2025-08-03,2025,519.42,0.00,21.37
S028,2025-08-03,2025,86.49,0.00,18.94
S029,2025-08-03,2025,36.10,0.00,24.21
S030,2025-08-03,2025,0.00,0.00,23.01
S001,2025-08-04,2025,156.31,0.00,20.26
S002,2025-08-04,2025,121.16,0.00,22.99
S003,2025-08-04,2025,1025.56,0.00,22.84
S004,2025-08-04,2025,188.52,0.00,23.21
S005,2025-08-04,2025,131.02,0.00,21.45
S006,2025-08-04,2025,159.75,0.00,20.07
S007,2025-08-04,2025,895.92,0.00,19.92
S008,2025-08-04,2025,35.90,0.00,24.36
S009,2025-08-04,2025,140.33,0.00,24.03
S010,2025-08-04,2025,250.17,0.00,18.77
S011,2025-08-04,2025,927.57,0.00,23.00
S012,2025-08-04,2025,68.31,0.00,22.46
S013,2025-08-04,2025,56.03,0.00,24.18
S014,2025-08-04,2025,214.04,0.00,22.18
S015,2025-08-04,2025,725.40,0.00,22.45
S016,2025-08-04,2025,46.77,0.00,20.95
S017,2025-08-04,2025,52.10,0.00,21.46
S018,2025-08-04,2025,129.57,0.00,23.50
S019,2025-08-04,2025,1143.13,0.00,18.93
S020,2025-08-04,2025,76.84,0.00,24.39
S021,2025-08-04,2025,117.95,0.00,18.95
S022,2025-08-04,2025,124.31,0.00,23.12
S023,2025-08-04,2025,773.96,0.00,24.43
S024,2025-08-04,2025,42.96,0.00,23.38
S025,2025-08-04,2025,191.44,0.00,23.74
S026,2025-08-04,2025,78.48,0.00,21.48
S027,2025-08-04,2025,924.56,0.00,20.26
S028,2025-08-04,2025,116.83,0.00,20.44
S029,2025-08-04,2025,56.55,0.00,24.51
S030,2025-08-04,2025,0.00,0.00,20.14
S001,2025-08-05,2025,166.02,0.00,18.94
S002,2025-08-05,2025,111.04,0.00,20.10
S003,2025-08-05,2025,942.10,0.00,22.61
S004,2025-08-05,2025,188.48,0.00,23.80
S005,2025-08-05,2025,133.66,0.00,22.96
S006,2025-08-05,2025,152.63,0.00,22.38
S007,2025-08-05,2025,907.91,0.00,18.58
S008,2025-08-05,2025,30.58,0.00,18.84
S009,2025-08-05,2025,118.76,0.00,23.49
S010,2025-08-05,2025,263.67,0.00,22.22
S011,2025-08-05,2025,965.90,0.00,19.59
S012,2025-08-05,2025,88.04,0.00,24.13
S013,2025-08-05,2025,49.92,0.00,21.99
S014,2025-08-05,2025,254.45,0.00,19.27
S015,2025-08-05,2025,708.01,0.00,23.89
S016,2025-08-05,2025,46.13,0.00,23.16
S017,2025-08-05,2025,51.96,0.00,20.31
S018,2025-08-05,2025,136.07,0.00,21.35
S019,2025-08-05,2025,1029.78,0.00,22.54
S020,2025-08-05,2025,69.48,0.00,23.87
S021,2025-08-05,2025,128.98,0.00,19.89
S022,2025-08-05,2025,118.86,0.00,22.87
S023,2025-08-05,2025,658.91,0.00,19.37
S024,2025-08-05,2025,43.48,0.00,21.17
S025,2025-08-05,2025,185.07,0.00,20.29
S026,2025-08-05,2025,83.30,0.00,23.83
S027,2025-08-05,2025,937.28,0.00,19.93
S028,2025-08-05,2025,133.21,0.00,20.22
S029,2025-08-05,2025,54.91,0.00,20.70
S030,2025-08-05,2025,0.00,0.00,18.52
S001,2025-08-06,2025,157.11,0.00,21.15
S002,2025-08-06,2025,101.02,0.00,22.11
S003,2025-08-06,2025,974.42,0.00,18.56
S004,2025-08-06,2025,179.74,0.00,19.49
S005,2025-08-06,2025,161.57,0.00,23.76
S006,2025-08-06,2025,156.15,0.00,23.07
S007,2025-08-06,2025,784.35,0.00,20.85
S008,2025-08-06,2025,34.84,0.00,18.95
S009,2025-08-06,2025,139.75,0.00,22.96
S010,2025-08-06,2025,253.15,0.00,23.49
S011,2025-08-06,2025,806.19,0.00,22.33
S012,2025-08-06,2025,81.53,0.00,18.45
S013,2025-08-06,2025,51.23,0.00,23.55
S014,2025-08-06,2025,275.89,0.00,23.99
S015,2025-08-06,2025,628.49,0.00,19.20
S016,2025-08-06,2025,58.07,0.00,23.74
S017,2025-08-06,2025,45.88,0.00,22.98
S018,2025-08-06,2025,127.36,0.00,22.63
S019,2025-08-06,2025,1069.47,0.00,20.54
S020,2025-08-06,2025,81.08,0.00,22.76
S021,2025-08-06,2025,137.53,0.00,22.92
S022,2025-08-06,2025,113.36,0.00,22.55
S023,2025-08-06,2025,626.05,0.00,19.64
S024,2025-08-06,2025,41.27,0.00,21.35
S025,2025-08-06,2025,196.48,0.00,19.17
S026,2025-08-06,2025,81.81,0.00,19.33
S027,2025-08-06,2025,785.47,0.00,20.95
S028,2025-08-06,2025,132.24,0.00,21.03
S029,2025-08-06,2025,61.80,0.00,24.29
,,,,,
S001,2025-08-07,2025,182.19,0.00,21.04
S002,2025-08-07,2025,108.21,0.00,18.88
S003,2025-08-07,2025,881.65,0.00,22.15
S004,2025-08-07,2025,189.54,0.00,23.89
S005,2025-08-07,2025,141.51,0.00,19.24
S006,2025-08-07,2025,165.54,0.00,21.53
S007,2025-08-07,2025,857.60,0.00,18.73
S008,2025-08-07,2025,32.84,0.00,22.22
S009,2025-08-07,2025,111.15,0.00,22.12
S010,2025-08-07,2025,250.40,0.00,23.12
S011,2025-08-07,2025,918.87,0.00,23.48
S012,2025-08-07,2025,68.66,0.00,21.49
S013,2025-08-07,2025,57.60,0.00,20.59
S014,2025-08-07,2025,267.69,0.00,23.54
S015,2025-08-07,2025,657.01,0.00,19.21
S016,2025-08-07,2025,47.40,0.00,23.99
S017,2025-08-07,2025,47.69,0.00,20.86
S018,2025-08-07,2025,113.79,0.00,21.06
S019,2025-08-07,2025,1116.65,0.00,20.46
S020,2025-08-07,2025,62.96,0.00,19.04
S021,2025-08-07,2025,126.63,0.00,20.45
S022,2025-08-07,2025,125.12,0.00,18.62
S023,2025-08-07,2025,664.19,0.00,18.78
S024,2025-08-07,2025,40.21,0.00,23.46
S025,2025-08-07,2025,172.27,0.00,21.60
S026,2025-08-07,2025,96.37,0.00,22.92
S027,2025-08-07,2025,785.69,0.00,19.07
S028,2025-08-07,2025,111.46,0.00,21.10
S029,2025-08-07,2025,55.04,0.00,21.37
S030,2025-08-07,2025,0.00,0.00,23.34
S001,2025-08-08,2025,171.04,0.00,21.03
S002,2025-08-08,2025,101.34,0.00,21.24
S003,2025-08-08,2025,908.26,0.00,20.08
S004,2025-08-08,2025,167.02,0.00,19.43
S005,2025-08-08,2025,144.11,0.00,23.57
S006,2025-08-08,2025,146.42,0.00,23.54
S007,2025-08-08,2025,801.48,0.00,20.11
S008,2025-08-08,2025,34.72,0.00,20.39
S009,2025-08-08,2025,128.85,0.00,20.76
S010,2025-08-08,2025,260.56,0.00,23.19
S011,2025-08-08,2025,909.49,0.00,20.39
S012,2025-08-08,2025,67.14,0.00,19.47
S013,2025-08-08,2025,53.07,0.00,21.26
S014,2025-08-08,2025,243.57,0.00,21.51
S015,2025-08-08,2025,693.79,0.00,20.89
S016,2025-08-08,2025,55.83,0.00,22.83
S017,2025-08-08,2025,invalid,0.00,19.11
S018,2025-08-08,2025,130.80,0.00,22.22
S019,2025-08-08,2025,966.83,0.00,20.13
S020,2025-08-08,2025,69.82,0.00,23.29
S021,2025-08-08,2025,140.13,0.00,24.31
S022,2025-08-08,2025,128.10,0.00,21.91
S023,2025-08-08,2025,722.64,0.00,18.47
S024,2025-08-08,2025,39.41,0.00,23.33
S025,2025-08-08,2025,181.75,0.00,21.70
S026,2025-08-08,2025,77.37,0.00,22.36
S027,2025-08-08,2025,851.11,0.00,21.65
S028,2025-08-08,2025,131.59,0.00,20.29
S029,2025-08-08,2025,58.12,0.00,19.91
S030,2025-08-08,2025,0.00,0.00,23.42
S001,2025-08-09,2025,105.12,0.00,18.36
S002,2025-08-09,2025,67.34,0.00,21.55
S003,2025-08-09,2025,576.22,0.00,21.74
S004,2025-08-09,2025,110.65,0.00,19.62
S005,2025-08-09,2025,92.49,0.00,23.18
S006,2025-08-09,2025,99.59,0.00,20.63
S007,2025-08-09,2025,480.47,0.00,19.33
S008,2025-08-09,2025,19.11,0.00,22.17
S009,2025-08-09,2025,75.98,0.00,23.05
S010,2025-08-09,2025,135.39,0.00,22.81
S011,2025-08-09,2025,642.09,0.00,23.95
S012,2025-08-09,2025,49.15,0.00,24.12
S013,2025-08-09,2025,35.85,0.00,23.58
S014,2025-08-09,2025,163.04,0.00,24.21
S015,2025-08-09,2025,443.33,0.00,18.37
S016,2025-08-09,2025,28.92,0.00,23.32
S017,2025-08-09,2025,30.55,0.00,21.32
S018,2025-08-09,2025,84.43,0.00,23.05
S019,2025-08-09,2025,invalid,0.00,23.40
S020,2025-08-09,2025,45.51,0.00,20.71
S021,2025-08-09,2025,83.41,0.00,21.91
S022,2025-08-09,2025,80.49,0.00,21.16
S023,2025-08-09,2025,390.06,0.00,22.62
S024,2025-08-09,2025,25.30,0.00,18.97
S025,2025-08-09,2025,110.03,0.00,23.12
S026,2025-08-09,2025,49.07,0.00,20.80
S027,2025-08-09,2025,514.82,0.00,22.54
S028,2025-08-09,2025,71.43,0.00,20.07
S029,2025-08-09,2025,32.42,0.00,21.25
S030,2025-08-09,2025,0.00,0.00,20.85
S001,2025-08-10,2025,99.03,0.00,21.27
S002,2025-08-10,2025,74.95,0.00,18.25
S003,2025-08-10,2025,618.60,0.00,23.32
S004,2025-08-10,2025,126.31,0.00,20.91
S005,2025-08-10,2025,101.24,0.00,19.50
S006,2025-08-10,2025,invalid,0.00,19.68
S007,2025-08-10,2025,584.67,0.00,23.89
S008,2025-08-10,2025,17.91,0.00,18.31
S009,2025-08-10,2025,86.62,0.00,22.54
S010,2025-08-10,2025,134.29,0.00,18.70
S011,2025-08-10,2025,596.93,0.00,20.23
S012,2025-08-10,2025,44.94,0.00,23.75
S013,2025-08-10,2025,38.42,0.00,23.16
S014,2025-08-10,2025,144.99,0.00,24.05
S015,2025-08-10,2025,448.18,0.00,20.40
S016,2025-08-10,2025,31.24,0.00,19.06
S017,2025-08-10,2025,30.95,0.00,21.53
S018,2025-08-10,2025,86.62,0.00,23.53
S019,2025-08-10,2025,691.43,0.00,19.10
S020,2025-08-10,2025,45.77,0.00,21.19
S021,2025-08-10,2025,78.67,0.00,20.99
S022,2025-08-10,2025,71.27,0.00,20.95
S023,2025-08-10,2025,393.74,0.00,18.64
S024,2025-08-10,2025,27.71,0.00,20.36
S025,2025-08-10,2025,110.49,0.00,20.99
S026,2025-08-10,2025,57.63,0.00,23.65
S027,2025-08-10,2025,505.01,0.00,19.89
S028,2025-08-10,2025,81.32,0.00,22.25
S029,2025-08-10,2025,33.24,0.00,20.54
S030,2025-08-10,2025,0.00,0.00,22.13
S001,2025-08-11,2025,175.88,0.00,23.49
S002,2025-08-11,2025,117.41,0.00,22.10
S003,2025-08-11,2025,955.26,0.00,19.86
S004,2025-08-11,2025,189.56,0.00,21.81
S005,2025-08-11,2025,146.70,0.00,18.57
S006,2025-08-11,2025,144.49,0.00,20.10
S007,2025-08-11,2025,893.25,0.00,20.56
S008,2025-08-11,2025,33.24,0.00,19.52
S009,2025-08-11,2025,115.37,0.00,18.13
S010,2025-08-11,2025,235.93,0.00,18.14
S011,2025-08-11,2025,774.42,0.00,22.07
S012,2025-08-11,2025,70.80,0.00,21.11
S013,2025-08-11,2025,50.08,0.00,23.50
S014,2025-08-11,2025,223.70,0.00,21.47
S015,2025-08-11,2025,701.74,0.00,22.39
S016,2025-08-11,2025,47.88,0.00,21.20
S017,2025-08-11,2025,49.99,0.00,19.00
S018,2025-08-11,2025,127.70,0.00,22.68
S019,2025-08-11,2025,1179.21,0.00,22.96
S020,2025-08-11,2025,84.12,0.00,23.98
S021,2025-08-11,2025,143.74,0.00,23.86
S022,2025-08-11,2025,118.67,0.00,21.44
S023,2025-08-11,2025,709.38,0.00,19.39
S024,2025-08-11,2025,42.77,0.00,19.60
S025,2025-08-11,2025,190.77,0.00,21.69
S026,2025-08-11,2025,78.58,0.00,20.88
S027,2025-08-11,2025,862.91,0.00,19.50
S028,2025-08-11,2025,126.16,0.00,22.76
S029,2025-08-11,2025,54.76,0.00,23.40
S030,2025-08-11,2025,0.00,0.00,19.06
S001,2025-08-12,2025,155.01,0.00,22.49
S002,2025-08-12,2025,124.39,0.00,23.58
S003,2025-08-12,2025,925.93,0.00,18.73
S004,2025-08-12,2025,173.46,0.00,22.97
S005,2025-08-12,2025,136.05,0.00,19.58
S006,2025-08-12,2025,148.61,0.00,18.32
S007,2025-08-12,2025,888.58,0.00,22.29
S008,2025-08-12,2025,33.01,0.00,23.39
S009,2025-08-12,2025,127.02,0.00,18.69
S010,2025-08-12,2025,250.73,0.00,23.26
S011,2025-08-12,2025,854.88,0.00,18.09
S012,2025-08-12,2025,65.51,0.00,21.19
S013,2025-08-12,2025,57.91,0.00,23.37
S014,2025-08-12,2025,247.49,0.00,19.81
S015,2025-08-12,2025,631.25,0.00,21.36
S016,2025-08-12,2025,50.93,0.00,20.43
S017,2025-08-12,2025,46.73,0.00,23.97
S018,2025-08-12,2025,121.15,0.00,18.85
S019,2025-08-12,2025,1125.31,0.00,22.96
S020,2025-08-12,2025,73.38,0.00,23.16
S021,2025-08-12,2025,135.52,0.00,22.30
S022,2025-08-12,2025,124.33,0.00,21.98
S023,2025-08-12,2025,672.75,0.00,21.70
S024,2025-08-12,2025,36.06,0.00,19.48
S025,2025-08-12,2025,195.46,0.00,21.83
S026,2025-08-12,2025,90.73,0.00,18.58
S027,2025-08-12,2025,892.58,0.00,19.75
S028,2025-08-12,2025,122.55,0.00,18.53
S029,2025-08-12,2025,51.40,0.00,19.15
S030,2025-08-12,2025,0.00,0.00,21.90
S001,2025-08-13,2025,146.35,0.00,22.28
S002,2025-08-13,2025,118.18,0.00,21.25
S003,2025-08-13,2025,944.35,0.00,20.56
S004,2025-08-13,2025,186.74,0.00,18.45
S005,2025-08-13,2025,137.70,0.00,21.95
S006,2025-08-13,2025,144.73,0.00,19.98
S007,2025-08-13,2025,770.94,0.00,18.45
S008,2025-08-13,2025,30.88,0.00,18.69
S009,2025-08-13,2025,122.74,0.00,19.76
S010,2025-08-13,2025,240.40,0.00,21.42
S011,2025-08-13,2025,952.49,0.00,22.36
S012,2025-08-13,2025,68.93,0.00,22.68
S013,2025-08-13,2025,51.50,0.00,21.96
S014,2025-08-13,2025,238.12,0.00,23.67
S015,2025-08-13,2025,598.25,0.00,18.54
S016,2025-08-13,2025,52.69,0.00,18.78
S017,2025-08-13,2025,48.83,0.00,22.58
S018,2025-08-13,2025,127.09,0.00,19.83
S019,2025-08-13,2025,1029.37,0.00,20.59
S020,2025-08-13,2025,73.25,0.00,22.85
S021,2025-08-13,2025,119.71,0.00,23.36
S022,2025-08-13,2025,107.41,0.30,17.99
S023,2025-08-13,2025,662.79,0.00,21.33
S024,2025-08-13,2025,42.01,0.00,19.45
S025,2025-08-13,2025,162.76,0.00,20.87
S026,2025-08-13,2025,85.91,0.00,18.37
S027,2025-08-13,2025,838.94,0.00,20.79
S028,2025-08-13,2025,124.98,0.00,20.68
S029,2025-08-13,2025,49.63,0.00,21.22
S030,2025-08-13,2025,0.00,0.00,22.95
S001,2025-08-14,2025,158.97,0.00,21.44
S002,2025-08-14,2025,109.91,0.00,21.20
S003,2025-08-14,2025,872.93,0.00,18.87
S004,2025-08-14,2025,194.52,0.00,22.99
S005,2025-08-14,2025,141.44,0.83,17.94
S006,2025-08-14,2025,151.29,0.00,19.63
S007,2025-08-14,2025,862.02,0.00,21.36
S008,2025-08-14,2025,27.84,0.00,21.92
S009,2025-08-14,2025,124.65,0.00,22.70
S010,2025-08-14,2025,226.76,0.00,18.39
S011,2025-08-14,2025,935.35,0.00,18.29
S012,2025-08-14,2025,77.11,0.00,22.60
S013,2025-08-14,2025,57.75,0.00,20.52
S014,2025-08-14,2025,253.54,0.00,23.60
S015,2025-08-14,2025,706.57,0.00,23.27
S016,2025-08-14,2025,51.99,0.00,23.21
S017,2025-08-14,2025,43.37,0.00,20.43
S018,2025-08-14,2025,127.49,0.00,20.13
S019,2025-08-14,2025,1221.05,0.00,19.65
S020,2025-08-14,2025,67.17,0.00,20.93
S021,2025-08-14,2025,109.77,0.00,19.63
S022,2025-08-14,2025,109.29,0.00,20.83
S023,2025-08-14,2025,invalid,0.00,23.26
S024,2025-08-14,2025,45.18,0.00,21.18
S025,2025-08-14,2025,182.14,0.00,19.11
S026,2025-08-14,2025,94.69,0.00,19.19
S027,2025-08-14,2025,931.35,0.00,21.27
S028,2025-08-14,2025,111.52,0.00,18.08
S029,2025-08-14,2025,50.02,0.00,18.92
S030,2025-08-14,2025,0.00,0.00,21.53
S001,2025-08-15,2025,144.74,0.00,20.11
S002,2025-08-15,2025,121.39,0.00,22.87
S003,2025-08-15,2025,1005.94,0.00,23.16
S004,2025-08-15,2025,204.82,0.00,21.58
S005,2025-08-15,2025,138.21,0.00,22.39
S006,2025-08-15,2025,162.70,0.00,19.37
S007,2025-08-15,2025,871.27,0.00,18.35
S008,2025-08-15,2025,33.01,0.00,21.78
S009,2025-08-15,2025,133.13,0.00,21.99
S010,2025-08-15,2025,208.76,0.00,22.11
S011,2025-08-15,2025,934.33,0.00,22.80
S012,2025-08-15,2025,72.84,0.00,21.70
S013,2025-08-15,2025,60.32,0.00,22.51
S014,2025-08-15,2025,232.53,0.00,20.53
S015,2025-08-15,2025,658.68,0.00,22.31
S016,2025-08-15,2025,44.81,0.00,20.35
S017,2025-08-15,2025,49.88,0.00,20.81
S018,2025-08-15,2025,130.69,0.00,22.63
S019,2025-08-15,2025,1131.04,0.00,20.45
S020,2025-08-15,2025,67.08,0.00,20.60
S021,2025-08-15,2025,135.73,0.00,19.38
S022,2025-08-15,2025,112.06,0.00,20.87
S023,2025-08-15,2025,636.28,0.00,19.89
S024,2025-08-15,2025,37.67,0.00,19.89
S025,2025-08-15,2025,186.44,0.00,22.77
S026,2025-08-15,2025,93.66,0.00,23.27
S027,2025-08-15,2025,909.77,0.00,21.24
S028,2025-08-15,2025,120.30,0.00,18.59
S029,2025-08-15,2025,55.78,0.00,18.55
S030,2025-08-15,2025,0.00,0.00,21.32
S001,2025-08-16,2025,105.34,0.00,18.59
S002,2025-08-16,2025,78.07,0.00,22.84
S003,2025-08-16,2025,570.42,0.00,18.15
S004,2025-08-16,2025,113.01,3.40,17.78
S005,2025-08-16,2025,101.37,0.00,23.30
S006,2025-08-16,2025,101.29,0.00,19.21
S007,2025-08-16,2025,486.77,0.00,22.72
S008,2025-08-16,2025,21.45,0.00,22.32
S009,2025-08-16,2025,71.61,0.00,18.71
S010,2025-08-16,2025,136.71,0.00,19.86
S011,2025-08-16,2025,521.99,0.00,23.00
S012,2025-08-16,2025,47.70,0.00,23.71
S013,2025-08-16,2025,30.74,0.00,19.76
S014,2025-08-16,2025,144.65,0.00,18.24
S015,2025-08-16,2025,415.06,0.00,19.93
S016,2025-08-16,2025,30.65,0.00,18.24
S017,2025-08-16,2025,27.10,0.75,17.76
S018,2025-08-16,2025,80.05,0.00,20.81
S019,2025-08-16,2025,764.97,0.00,23.41
S020,2025-08-16,2025,46.97,0.00,18.02
S021,2025-08-16,2025,69.94,0.00,21.63
S022,2025-08-16,2025,74.36,0.00,18.54
S023,2025-08-16,2025,457.92,0.00,18.62
S024,2025-08-16,2025,25.84,0.00,21.19
S025,2025-08-16,2025,113.41,0.00,19.65
S026,2025-08-16,2025,52.41,0.00,18.69
S027,2025-08-16,2025,587.32,0.00,20.25
S028,2025-08-16,2025,84.36,0.00,19.66
S029,2025-08-16,2025,34.42,0.00,18.65
S030,2025-08-16,2025,0.00,0.00,18.43
S001,2025-08-17,2025,96.32,0.00,18.91
S002,2025-08-17,2025,63.43,0.00,21.68
S003,2025-08-17,2025,587.47,0.00,21.57
S004,2025-08-17,2025,111.16,0.00,23.32
S005,2025-08-17,2025,88.28,0.00,22.68
S006,2025-08-17,2025,92.59,0.00,22.81
S007,2025-08-17,2025,543.95,0.00,18.65
S008,2025-08-17,2025,19.77,0.00,19.26
S009,2025-08-17,2025,84.56,0.00,22.01
S010,2025-08-17,2025,152.04,0.00,19.48
S011,2025-08-17,2025,485.04,0.00,18.46
S012,2025-08-17,2025,50.11,0.00,21.78
S013,2025-08-17,2025,35.31,0.00,21.41
S014,2025-08-17,2025,156.73,0.00,19.08
S015,2025-08-17,2025,410.84,0.00,19.53
S016,2025-08-17,2025,33.83,0.00,20.17
S017,2025-08-17,2025,29.41,0.00,22.84
S018,2025-08-17,2025,81.00,0.00,22.38
S019,2025-08-17,2025,627.46,0.00,22.22
S020,2025-08-17,2025,48.03,0.00,21.07
S021,2025-08-17,2025,82.45,0.00,22.05
S022,2025-08-17,2025,78.05,0.00,20.86
S023,2025-08-17,2025,459.33,0.00,23.14
S024,2025-08-17,2025,23.60,0.00,21.79
S025,2025-08-17,2025,120.84,0.00,20.81
S026,2025-08-17,2025,48.07,0.00,20.86
S027,2025-08-17,2025,509.31,0.00,18.80
S028,2025-08-17,2025,88.78,0.00,23.19
S029,2025-08-17,2025,37.14,0.00,23.13
S030,2025-08-17,2025,0.00,0.00,23.08
S001,2025-08-18,2025,178.60,0.00,18.59
S002,2025-08-18,2025,105.03,0.00,22.76
S003,2025-08-18,2025,963.12,0.00,19.86
S004,2025-08-18,2025,194.03,0.00,19.65
S005,2025-08-18,2025,invalid,0.00,22.43
S006,2025-08-18,2025,158.66,0.00,19.68
S007,2025-08-18,2025,881.89,10.06,17.82
S008,2025-08-18,2025,35.98,0.00,22.93
S009,2025-08-18,2025,121.50,0.00,19.65
S010,2025-08-18,2025,215.42,2.24,17.94
S011,2025-08-18,2025,942.70,0.00,22.40
S012,2025-08-18,2025,70.20,0.00,21.03
S013,2025-08-18,2025,48.00,0.00,21.21
S014,2025-08-18,2025,269.39,0.00,22.90
S015,2025-08-18,2025,721.47,0.00,22.69
S016,2025-08-18,2025,46.32,0.00,21.36
S017,2025-08-18,2025,48.17,0.91,17.84
S018,2025-08-18,2025,130.79,0.00,21.74
S019,2025-08-18,2025,1056.32,0.00,20.93
S020,2025-08-18,2025,66.48,0.00,19.68
S021,2025-08-18,2025,108.41,0.00,21.71
S022,2025-08-18,2025,118.00,0.00,19.57
S023,2025-08-18,2025,746.40,0.00,19.01
S024,2025-08-18,2025,44.03,0.00,22.67
S025,2025-08-18,2025,191.10,0.00,19.21
S026,2025-08-18,2025,87.87,0.00,19.65
S027,2025-08-18,2025,879.64,0.00,23.26
S028,2025-08-18,2025,132.35,0.00,19.44
S029,2025-08-18,2025,54.46,0.00,22.90
S030,2025-08-18,2025,0.00,0.00,21.84
S001,2025-08-19,2025,189.16,0.00,22.74
S002,2025-08-19,2025,99.90,0.00,19.45
S003,2025-08-19,2025,996.14,0.00,20.80
S004,2025-08-19,2025,197.32,0.00,18.92
S005,2025-08-19,2025,152.06,0.00,20.99
S006,2025-08-19,2025,169.41,0.00,23.35
S007,2025-08-19,2025,760.54,2.58,17.95
,,,,,
S009,2025-08-19,2025,116.58,0.02,18.00
S010,2025-08-19,2025,257.63,0.00,18.43
S011,2025-08-19,2025,775.44,0.00,18.55
S012,2025-08-19,2025,65.40,0.00,21.78
S013,2025-08-19,2025,57.81,0.00,21.10
S014,2025-08-19,2025,262.97,0.00,21.61
S015,2025-08-19,2025,623.18,0.00,23.26
S016,2025-08-19,2025,54.80,0.00,22.54
S017,2025-08-19,2025,52.08,0.00,21.80
S018,2025-08-19,2025,115.18,0.00,18.53
S019,2025-08-19,2025,1147.08,0.00,20.75
S020,2025-08-19,2025,64.50,0.00,18.59
S021,2025-08-19,2025,114.00,0.00,18.27
S022,2025-08-19,2025,118.24,0.00,22.96
S023,2025-08-19,2025,655.23,0.00,20.46
S024,2025-08-19,2025,39.80,0.00,18.66
S025,2025-08-19,2025,156.73,0.00,19.32
S026,2025-08-19,2025,78.91,0.00,18.85
S027,2025-08-19,2025,864.56,0.00,23.18
S028,2025-08-19,2025,130.10,0.00,21.13
S029,2025-08-19,2025,47.66,0.00,20.37
S030,2025-08-19,2025,0.00,0.00,21.56
S001,2025-08-20,2025,149.38,0.00,19.53
S002,2025-08-20,2025,116.75,0.00,20.68
S003,2025-08-20,2025,840.10,0.00,18.38
S004,2025-08-20,2025,178.44,0.00,18.92
S005,2025-08-20,2025,130.67,0.00,20.24
S006,2025-08-20,2025,146.07,0.00,21.54
S007,2025-08-20,2025,725.59,21.42,17.61
S008,2025-08-20,2025,27.97,0.00,19.63
S009,2025-08-20,2025,125.23,0.00,19.12
S010,2025-08-20,2025,214.66,0.00,22.09
S011,2025-08-20,2025,824.27,0.00,23.23
S012,2025-08-20,2025,80.16,0.00,20.03
S013,2025-08-20,2025,47.58,0.00,21.27
S014,2025-08-20,2025,241.17,0.00,21.45
S015,2025-08-20,2025,613.82,0.00,21.37
S016,2025-08-20,2025,45.34,0.00,18.82
S017,2025-08-20,2025,48.95,2.28,17.60
S018,2025-08-20,2025,128.58,3.31,17.85
S019,2025-08-20,2025,1020.40,0.00,19.23
S020,2025-08-20,2025,71.16,0.00,18.39
S021,2025-08-20,2025,136.88,0.00,22.33
S022,2025-08-20,2025,122.26,0.00,22.15
S023,2025-08-20,2025,719.24,0.00,20.01
S024,2025-08-20,2025,41.07,0.00,18.03
S025,2025-08-20,2025,171.47,0.00,19.36
S026,2025-08-20,2025,83.34,7.11,17.53
S027,2025-08-20,2025,926.07,29.91,17.44
S028,2025-08-20,2025,112.67,0.00,19.38
S029,2025-08-20,2025,55.06,0.00,20.74
S030,2025-08-20,2025,0.00,0.00,17.60
S001,2025-08-21,2025,166.95,0.00,21.99
S002,2025-08-21,2025,103.81,0.00,19.96
S003,2025-08-21,2025,871.35,0.00,20.73
S004,2025-08-21,2025,180.86,0.00,21.01
S005,2025-08-21,2025,129.85,0.00,19.10
S006,2025-08-21,2025,160.76,0.00,21.18
S007,2025-08-21,2025,785.00,15.90,17.67
S008,2025-08-21,2025,29.36,0.00,19.27
S009,2025-08-21,2025,123.40,0.00,21.69
S010,2025-08-21,2025,260.02,0.00,22.48
S011,2025-08-21,2025,949.46,0.00,18.39
S012,2025-08-21,2025,invalid,0.00,19.46
S013,2025-08-21,2025,54.77,0.00,20.95
S014,2025-08-21,2025,209.67,0.00,18.16
S015,2025-08-21,2025,680.40,0.00,22.56
S016,2025-08-21,2025,56.39,0.00,23.05
S017,2025-08-21,2025,44.99,0.00,22.87
S018,2025-08-21,2025,25123.49,9012.28,17.46
S019,2025-08-21,2025,1084.88,0.00,20.40
S020,2025-08-21,2025,73.76,0.00,21.68
S021,2025-08-21,2025,124.75,0.00,18.96
S022,2025-08-21,2025,125.12,0.00,20.03
S023,2025-08-21,2025,677.27,0.00,20.34
S024,2025-08-21,2025,40.81,0.00,18.37
S025,2025-08-21,2025,164.66,0.00,21.53
S026,2025-08-21,2025,76.49,0.00,20.95
S027,2025-08-21,2025,789.90,0.00,18.24
S028,2025-08-21,2025,130.21,0.00,22.99
S029,2025-08-21,2025,51.03,0.00,23.07
S030,2025-08-21,2025,0.00,0.00,17.73
S001,2025-08-22,2025,163.43,0.00,18.22
S002,2025-08-22,2025,108.90,0.00,22.93
S003,2025-08-22,2025,997.70,0.00,21.55
S004,2025-08-22,2025,194.83,0.00,21.01
S005,2025-08-22,2025,158.86,0.00,19.93
S006,2025-08-22,2025,165.33,0.00,21.24
S007,2025-08-22,2025,747.91,0.00,18.91
S008,2025-08-22,2025,35.08,0.00,23.02
S009,2025-08-22,2025,124.32,0.00,18.86
S010,2025-08-22,2025,225.31,0.00,20.26
S011,2025-08-22,2025,881.74,0.00,19.72
S012,2025-08-22,2025,66.23,0.06,17.99
S013,2025-08-22,2025,52.97,0.00,20.25
,,,,,
S015,2025-08-22,2025,636.10,0.00,21.09
S016,2025-08-22,2025,50.61,0.00,23.16
S017,2025-08-22,2025,51.11,0.00,22.72
S018,2025-08-22,2025,132.11,0.00,22.54
S019,2025-08-22,2025,1243.03,0.00,23.13
S020,2025-08-22,2025,73.50,0.00,20.71
S021,2025-08-22,2025,118.31,0.00,20.10
S022,2025-08-22,2025,126.81,0.00,19.11
S023,2025-08-22,2025,684.94,0.00,19.41
S024,2025-08-22,2025,42.41,0.00,20.89
S025,2025-08-22,2025,161.51,0.00,19.63
S026,2025-08-22,2025,91.93,0.00,19.17
S027,2025-08-22,2025,889.83,0.00,19.05
S028,2025-08-22,2025,130.26,0.00,21.26
S029,2025-08-22,2025,51.35,0.00,22.90
S030,2025-08-22,2025,0.00,0.00,19.03
S001,2025-08-23,2025,108.53,0.00,19.25
S002,2025-08-23,2025,61.99,0.00,21.29
S003,2025-08-23,2025,648.97,0.00,20.67
S004,2025-08-23,2025,114.31,0.00,22.43
S005,2025-08-23,2025,89.13,0.00,18.44
S006,2025-08-23,2025,84.97,0.00,22.99
S007,2025-08-23,2025,447.15,0.00,18.38
S008,2025-08-23,2025,18.30,1.31,17.54
S009,2025-08-23,2025,85.16,0.00,22.18
S010,2025-08-23,2025,145.58,0.00,22.82
S011,2025-08-23,2025,483.90,0.00,18.16
S012,2025-08-23,2025,40.78,0.00,20.07
S013,2025-08-23,2025,34.33,2.04,17.47
S014,2025-08-23,2025,151.83,0.00,20.01
S015,2025-08-23,2025,393.19,0.00,18.97
S016,2025-08-23,2025,32.26,0.00,19.83
S017,2025-08-23,2025,28.10,0.00,18.56
S018,2025-08-23,2025,86.00,0.00,19.84
S019,2025-08-23,2025,736.65,0.00,20.22
S020,2025-08-23,2025,43.39,0.00,18.90
S021,2025-08-23,2025,79.60,0.00,20.35
S022,2025-08-23,2025,68.02,0.00,21.78
S023,2025-08-23,2025,442.77,0.00,19.01
S024,2025-08-23,2025,26.37,0.00,21.68
S025,2025-08-23,2025,100.50,0.00,18.51
S026,2025-08-23,2025,59.11,3.97,17.54
S027,2025-08-23,2025,477.22,0.00,22.26
S028,2025-08-23,2025,79.66,0.00,22.27
S029,2025-08-23,2025,33.32,0.00,19.65
S030,2025-08-23,2025,0.00,0.00,20.77
S001,2025-08-24,2025,111.35,0.00,19.97
S002,2025-08-24,2025,65.81,0.00,21.81
S003,2025-08-24,2025,554.38,17.87,17.55
S004,2025-08-24,2025,114.54,0.00,18.67
S005,2025-08-24,2025,92.42,0.00,22.84
S006,2025-08-24,2025,104.61,0.00,22.48
S007,2025-08-24,2025,529.05,0.00,22.44
S008,2025-08-24,2025,17.53,0.00,20.46
S009,2025-08-24,2025,76.78,0.00,19.75
S010,2025-08-24,2025,145.56,2.16,17.92
S011,2025-08-24,2025,532.02,0.00,22.38
S012,2025-08-24,2025,46.67,0.00,21.26
S013,2025-08-24,2025,33.58,0.00,22.29
S014,2025-08-24,2025,150.59,0.00,22.31
S015,2025-08-24,2025,390.01,23.18,17.10
S016,2025-08-24,2025,34.27,0.00,21.30
S017,2025-08-24,2025,26.52,0.00,18.99
S018,2025-08-24,2025,81.46,0.00,21.60
S019,2025-08-24,2025,698.24,0.00,19.69
S020,2025-08-24,2025,41.24,0.00,18.17
S021,2025-08-24,2025,87.41,0.00,22.93
S022,2025-08-24,2025,71.94,0.00,18.70
S023,2025-08-24,2025,471.03,0.00,18.84
S024,2025-08-24,2025,25.90,0.00,22.87
S025,2025-08-24,2025,112.32,0.00,20.48
S026,2025-08-24,2025,46.80,0.00,18.25
S027,2025-08-24,2025,555.38,0.00,19.61
S028,2025-08-24,2025,74.21,0.00,19.96
S029,2025-08-24,2025,34.20,0.00,18.65
S030,2025-08-24,2025,0.00,0.00,17.00
S001,2025-08-25,2025,170.45,5.87,17.68
S002,2025-08-25,2025,96.80,0.00,18.27
S003,2025-08-25,2025,860.53,0.00,20.38
S004,2025-08-25,2025,193.81,0.00,22.13
S005,2025-08-25,2025,139.00,0.00,20.28
S006,2025-08-25,2025,157.94,0.00,20.37
S007,2025-08-25,2025,877.04,0.00,21.02
S008,2025-08-25,2025,34.98,4.02,17.00
S009,2025-08-25,2025,120.07,0.00,18.17
S010,2025-08-25,2025,214.06,0.00,18.29
S011,2025-08-25,2025,838.40,37.29,17.38
S012,2025-08-25,2025,76.05,0.00,22.86
S013,2025-08-25,2025,48.69,5.60,17.12
S014,2025-08-25,2025,254.68,0.00,19.05
S015,2025-08-25,2025,735.99,0.00,22.05
S016,2025-08-25,2025,52.86,0.00,22.40
S017,2025-08-25,2025,51.98,0.00,21.86
S018,2025-08-25,2025,126.78,0.00,20.27
S019,2025-08-25,2025,1080.46,48.21,17.34
S020,2025-08-25,2025,68.18,0.00,21.93
S021,2025-08-25,2025,109.15,0.00,19.25
S022,2025-08-25,2025,107.75,0.00,20.86
S023,2025-08-25,2025,623.29,0.00,22.78
S024,2025-08-25,2025,38.08,5.76,16.93
S025,2025-08-25,2025,163.51,0.00,21.28
S026,2025-08-25,2025,92.32,0.00,22.37
S027,2025-08-25,2025,797.61,0.00,19.26
S028,2025-08-25,2025,134.52,0.00,20.18
S029,2025-08-25,2025,49.19,0.00,22.71
S030,2025-08-25,2025,0.00,0.00,17.08
S001,2025-08-26,2025,174.55,6.94,17.61
S002,2025-08-26,2025,96.58,0.00,20.84
S003,2025-08-26,2025,1046.34,0.00,22.33
S004,2025-08-26,2025,196.05,0.00,21.63
S005,2025-08-26,2025,128.93,14.37,17.14
S006,2025-08-26,2025,141.98,6.01,17.77
S007,2025-08-26,2025,908.43,0.00,18.68
S008,2025-08-26,2025,29.54,0.00,22.55
S009,2025-08-26,2025,135.20,0.00,19.08
S010,2025-08-26,2025,229.32,0.00,19.90
S011,2025-08-26,2025,795.86,0.00,19.99
S012,2025-08-26,2025,80.50,0.73,17.93
S013,2025-08-26,2025,54.49,0.00,22.68
S014,2025-08-26,2025,256.06,0.00,20.36
S015,2025-08-26,2025,657.39,0.00,18.16
S016,2025-08-26,2025,47.87,3.63,17.47
S017,2025-08-26,2025,51.59,0.00,19.64
S018,2025-08-26,2025,111.94,0.00,19.76
S019,2025-08-26,2025,1014.40,0.00,20.79
S020,2025-08-26,2025,69.42,0.00,19.76
S021,2025-08-26,2025,131.03,0.00,19.05
S022,2025-08-26,2025,116.08,0.00,18.42
S023,2025-08-26,2025,711.16,0.00,22.42
S024,2025-08-26,2025,44.43,5.76,16.96
S025,2025-08-26,2025,161.21,0.00,21.44
S026,2025-08-26,2025,75.34,0.00,19.27
S027,2025-08-26,2025,760.99,0.00,20.42
S028,2025-08-26,2025,123.60,0.00,22.16
S029,2025-08-26,2025,52.79,6.47,16.79
S030,2025-08-26,2025,0.00,0.00,21.54
S001,2025-08-27,2025,148.41,0.00,18.63
S002,2025-08-27,2025,109.27,20.94,16.82
S003,2025-08-27,2025,893.84,49.34,17.19
S004,2025-08-27,2025,211.87,0.00,22.58
S005,2025-08-27,2025,153.48,0.00,20.24
S006,2025-08-27,2025,141.68,0.00,18.64
S007,2025-08-27,2025,720.06,0.00,20.28
S008,2025-08-27,2025,32.05,0.00,18.77
S009,2025-08-27,2025,115.92,7.44,17.42
S010,2025-08-27,2025,260.74,11.89,17.73
S011,2025-08-27,2025,795.32,0.00,19.72
S012,2025-08-27,2025,73.34,0.00,18.26
S013,2025-08-27,2025,56.35,0.00,20.00
S014,2025-08-27,2025,225.37,24.36,17.40
S015,2025-08-27,2025,681.01,0.00,19.55
S016,2025-08-27,2025,51.47,0.00,20.16
S017,2025-08-27,2025,50.66,0.00,19.23
S018,2025-08-27,2025,119.68,0.00,21.46
S019,2025-08-27,2025,1006.11,0.00,19.99
S020,2025-08-27,2025,77.43,0.00,20.39
S021,2025-08-27,2025,133.17,17.41,16.79
S022,2025-08-27,2025,111.67,5.92,17.70
S023,2025-08-27,2025,667.09,46.38,16.98
S024,2025-08-27,2025,43.49,0.00,18.88
S025,2025-08-27,2025,171.11,0.00,20.37
S026,2025-08-27,2025,93.25,0.00,19.74
S027,2025-08-27,2025,764.44,0.00,20.53
S028,2025-08-27,2025,120.00,0.00,20.27
S029,2025-08-27,2025,54.39,0.00,22.31
S030,2025-08-27,2025,0.00,0.00,21.44
S001,2025-08-28,2025,160.89,0.00,22.53
S002,2025-08-28,2025,113.86,6.45,17.66
S003,2025-08-28,2025,981.33,0.00,18.47
S004,2025-08-28,2025,180.60,0.00,21.87
S005,2025-08-28,2025,132.44,0.00,20.87
S006,2025-08-28,2025,132.41,0.00,18.54
S007,2025-08-28,2025,814.15,0.00,19.19
S008,2025-08-28,2025,29.68,0.00,21.55
S009,2025-08-28,2025,129.67,14.74,16.84
S010,2025-08-28,2025,233.72,33.57,17.08
S011,2025-08-28,2025,856.48,31.67,17.40
S012,2025-08-28,2025,80.84,0.00,18.84
S013,2025-08-28,2025,52.98,2.36,17.58
S014,2025-08-28,2025,256.99,0.00,21.35
S015,2025-08-28,2025,727.62,0.00,18.64
S016,2025-08-28,2025,50.78,0.00,19.59
S017,2025-08-28,2025,49.12,0.00,19.86
S018,2025-08-28,2025,132.71,0.00,22.30
S019,2025-08-28,2025,1226.29,0.00,20.05
S020,2025-08-28,2025,62.84,1.22,17.88
S021,2025-08-28,2025,121.08,0.00,19.50
S022,2025-08-28,2025,123.93,0.00,21.05
S023,2025-08-28,2025,659.39,0.00,20.82
S024,2025-08-28,2025,44.33,0.00,19.44
S025,2025-08-28,2025,189.12,0.00,18.60
S026,2025-08-28,2025,93.86,0.00,21.58
S027,2025-08-28,2025,793.39,0.00,20.15
S028,2025-08-28,2025,124.14,14.34,17.08
S029,2025-08-28,2025,49.10,0.00,19.38
S030,2025-08-28,2025,0.00,0.00,18.35
S001,2025-08-29,2025,180.24,0.00,22.08
S002,2025-08-29,2025,100.60,29.21,16.47
S003,2025-08-29,2025,929.42,0.00,19.31
S004,2025-08-29,2025,201.53,36.93,16.61
S005,2025-08-29,2025,143.65,0.00,19.69
S006,2025-08-29,2025,151.30,0.00,21.79
S007,2025-08-29,2025,749.38,0.00,21.05
S008,2025-08-29,2025,33.02,0.00,18.73
S009,2025-08-29,2025,123.64,15.50,16.80
S010,2025-08-29,2025,233.13,0.00,18.15
S011,2025-08-29,2025,869.08,0.00,19.56
S012,2025-08-29,2025,72.18,0.00,19.57
S013,2025-08-29,2025,57.61,0.43,17.93
S014,2025-08-29,2025,243.90,0.00,21.01
S015,2025-08-29,2025,720.71,0.00,19.01
S016,2025-08-29,2025,54.86,7.82,16.91
S017,2025-08-29,2025,43.63,7.02,16.74
S018,2025-08-29,2025,126.11,0.00,22.22
S019,2025-08-29,2025,1064.35,57.48,17.18
S020,2025-08-29,2025,63.27,0.00,21.56
S021,2025-08-29,2025,124.30,7.31,17.44
S022,2025-08-29,2025,107.04,3.14,17.83
S023,2025-08-29,2025,608.16,0.00,20.26
S024,2025-08-29,2025,38.75,0.00,21.04
S025,2025-08-29,2025,196.51,19.92,16.94
S026,2025-08-29,2025,77.75,0.00,21.33
S027,2025-08-29,2025,818.06,0.00,20.28
S028,2025-08-29,2025,123.34,0.67,17.96
S029,2025-08-29,2025,58.56,0.00,19.33
S030,2025-08-29,2025,0.00,0.00,21.35
S001,2025-08-30,2025,108.04,0.00,20.58
S002,2025-08-30,2025,64.13,18.21,16.46
S003,2025-08-30,2025,569.58,0.00,18.54
S004,2025-08-30,2025,111.35,0.00,20.51
S005,2025-08-30,2025,99.66,0.00,20.16
S006,2025-08-30,2025,88.34,0.00,20.43
S007,2025-08-30,2025,563.63,0.00,19.70
S008,2025-08-30,2025,20.29,0.00,19.57
S009,2025-08-30,2025,78.00,0.00,22.12
S010,2025-08-30,2025,141.67,0.00,19.00
S011,2025-08-30,2025,545.43,0.00,19.03
S012,2025-08-30,2025,46.57,0.00,22.30
S013,2025-08-30,2025,31.88,3.49,17.06
S014,2025-08-30,2025,164.83,0.00,20.09
S015,2025-08-30,2025,416.70,0.00,20.68
S016,2025-08-30,2025,30.78,4.74,16.92
S017,2025-08-30,2025,29.18,0.00,19.72
S018,2025-08-30,2025,80.25,14.46,16.94
S019,2025-08-30,2025,757.34,9.65,17.78
S020,2025-08-30,2025,48.58,0.00,19.41
S021,2025-08-30,2025,81.98,0.00,20.39
S022,2025-08-30,2025,79.14,10.64,17.10
S023,2025-08-30,2025,371.47,0.00,21.86
S024,2025-08-30,2025,27.11,0.00,18.31
S025,2025-08-30,2025,107.57,0.00,18.51
S026,2025-08-30,2025,58.85,15.60,16.42
S027,2025-08-30,2025,504.95,0.00,19.48
S028,2025-08-30,2025,73.07,0.00,18.44
S029,2025-08-30,2025,34.82,0.00,21.44
S030,2025-08-30,2025,0.00,0.00,21.46
S001,2025-08-31,2025,110.55,0.00,21.30
S002,2025-08-31,2025,60.44,7.72,17.27
S003,2025-08-31,2025,611.99,0.00,21.75
S004,2025-08-31,2025,104.70,0.00,21.16
S005,2025-08-31,2025,84.60,16.97,16.36
S006,2025-08-31,2025,86.81,0.00,18.00
S007,2025-08-31,2025,455.76,0.00,20.16
S008,2025-08-31,2025,21.59,0.00,18.70
S009,2025-08-31,2025,69.24,10.33,16.77
S010,2025-08-31,2025,152.31,0.00,20.13
S011,2025-08-31,2025,524.45,0.00,21.00
S012,2025-08-31,2025,49.32,0.00,19.95
S013,2025-08-31,2025,33.55,0.00,21.71
S014,2025-08-31,2025,144.96,0.00,20.59
S015,2025-08-31,2025,406.74,9.67,17.59
S016,2025-08-31,2025,32.22,1.44,17.64
S017,2025-08-31,2025,27.33,5.75,16.25
S018,2025-08-31,2025,68.63,0.00,18.41
S019,2025-08-31,2025,606.32,40.38,16.99
S020,2025-08-31,2025,48.30,0.00,21.72
S021,2025-08-31,2025,81.91,0.00,20.24
S022,2025-08-31,2025,63.61,0.00,20.66
S023,2025-08-31,2025,394.35,0.00,20.14
S024,2025-08-31,2025,24.45,1.28,17.61
S025,2025-08-31,2025,113.19,0.00,18.62
S026,2025-08-31,2025,56.61,0.00,20.74
S027,2025-08-31,2025,528.57,0.00,22.12
S028,2025-08-31,2025,83.27,0.00,18.24
S029,2025-08-31,2025,32.42,0.85,17.78
S030,2025-08-31,2025,0.00,0.00,16.93
S001,2025-09-01,2025,145.95,0.00,21.78
S002,2025-09-01,2025,116.96,0.00,18.14
S003,2025-09-01,2025,937.86,0.45,17.99
S004,2025-09-01,2025,169.66,30.93,16.85
S005,2025-09-01,2025,143.62,0.00,19.06
S006,2025-09-01,2025,131.15,0.00,19.77
S007,2025-09-01,2025,754.51,0.00,20.28
S008,2025-09-01,2025,28.19,0.00,18.72
S009,2025-09-01,2025,121.71,25.34,16.17
S010,2025-09-01,2025,209.94,0.00,20.67
S011,2025-09-01,2025,877.28,0.00,20.83
S012,2025-09-01,2025,79.03,0.00,20.48
S013,2025-09-01,2025,57.96,0.00,18.35
S014,2025-09-01,2025,219.34,0.00,21.77
S015,2025-09-01,2025,653.57,57.27,16.72
S016,2025-09-01,2025,51.66,0.00,19.71
S017,2025-09-01,2025,47.18,3.35,17.36
S018,2025-09-01,2025,132.97,0.00,19.21
S019,2025-09-01,2025,1082.31,74.26,16.86
S020,2025-09-01,2025,70.13,0.00,18.54
S021,2025-09-01,2025,127.31,0.00,18.71
S022,2025-09-01,2025,111.17,8.87,17.53
S023,2025-09-01,2025,604.58,66.35,16.41
S024,2025-09-01,2025,39.96,1.10,17.79
S025,2025-09-01,2025,192.61,11.33,17.43
S026,2025-09-01,2025,94.16,0.00,20.70
S027,2025-09-01,2025,909.60,0.00,19.50
S028,2025-09-01,2025,110.45,0.00,20.72
S029,2025-09-01,2025,54.56,2.84,17.46
S030,2025-09-01,2025,0.00,0.00,20.90
S001,2025-09-02,2025,182.31,0.00,20.82
S002,2025-09-02,2025,115.95,0.00,19.70
S003,2025-09-02,2025,843.05,76.38,16.69
S004,2025-09-02,2025,198.43,0.00,18.70
S005,2025-09-02,2025,140.90,0.00,20.16
S006,2025-09-02,2025,163.27,0.00,19.93
S007,2025-09-02,2025,845.55,0.00,21.21
S008,2025-09-02,2025,29.53,0.00,18.68
S009,2025-09-02,2025,111.59,0.00,20.24
S010,2025-09-02,2025,233.51,0.00,20.76
S011,2025-09-02,2025,947.09,0.00,21.30
S012,2025-09-02,2025,68.29,9.10,17.00
S013,2025-09-02,2025,58.47,5.43,17.11
S014,2025-09-02,2025,248.31,3.77,17.91
S015,2025-09-02,2025,661.81,0.00,20.75
S016,2025-09-02,2025,44.48,0.00,18.01
S017,2025-09-02,2025,45.98,3.74,17.24
S018,2025-09-02,2025,135.22,29.39,16.54
S019,2025-09-02,2025,1122.51,0.00,18.47
S020,2025-09-02,2025,66.57,0.00,21.55
S021,2025-09-02,2025,109.76,10.32,17.29
S022,2025-09-02,2025,126.06,29.57,16.39
S023,2025-09-02,2025,705.02,0.00,19.09
S024,2025-09-02,2025,43.07,0.00,18.69
S025,2025-09-02,2025,161.34,0.00,21.39
S026,2025-09-02,2025,76.49,11.54,17.13
S027,2025-09-02,2025,797.08,0.00,18.11
S028,2025-09-02,2025,115.87,27.45,16.19
S029,2025-09-02,2025,48.60,0.00,21.23
S030,2025-09-02,2025,0.00,0.00,20.68
S001,2025-09-03,2025,156.16,27.22,16.46
S002,2025-09-03,2025,109.03,0.00,21.76
S003,2025-09-03,2025,999.90,116.90,16.14
S004,2025-09-03,2025,201.21,0.00,20.06
S005,2025-09-03,2025,143.55,0.00,21.82
S006,2025-09-03,2025,140.25,0.00,20.28
S007,2025-09-03,2025,842.23,34.20,17.33
S008,2025-09-03,2025,31.26,0.00,20.69
S009,2025-09-03,2025,113.01,12.55,17.12
S010,2025-09-03,2025,214.12,0.00,19.88
S011,2025-09-03,2025,964.82,0.00,18.08
S012,2025-09-03,2025,82.37,0.00,20.07
S013,2025-09-03,2025,52.19,0.00,21.77
S014,2025-09-03,2025,215.66,0.00,20.58
S015,2025-09-03,2025,739.12,50.85,16.86
S016,2025-09-03,2025,52.24,14.42,15.84
S017,2025-09-03,2025,43.42,0.00,20.88
S018,2025-09-03,2025,126.61,0.00,18.80
S019,2025-09-03,2025,1192.20,0.00,20.07
S020,2025-09-03,2025,70.56,0.00,20.96
S021,2025-09-03,2025,127.35,0.00,20.23
S022,2025-09-03,2025,122.57,0.00,20.41
S023,2025-09-03,2025,650.70,7.68,17.80
S024,2025-09-03,2025,37.62,0.00,19.99
S025,2025-09-03,2025,179.83,6.97,17.61
S026,2025-09-03,2025,95.17,16.05,16.79
S027,2025-09-03,2025,814.76,0.00,20.03
S028,2025-09-03,2025,132.91,0.00,21.03
S029,2025-09-03,2025,51.51,10.41,16.31
S030,2025-09-03,2025,0.00,0.00,21.51
S001,2025-09-04,2025,149.00,0.00,20.78
S002,2025-09-04,2025,107.11,0.00,18.42
S003,2025-09-04,2025,890.14,0.00,20.25
S004,2025-09-04,2025,186.78,41.51,16.36
S005,2025-09-04,2025,155.68,0.00,18.34
S006,2025-09-04,2025,144.98,0.89,17.96
S007,2025-09-04,2025,908.61,63.83,16.63
S008,2025-09-04,2025,31.03,0.00,21.18
S009,2025-09-04,2025,108.55,18.46,16.66
S010,2025-09-04,2025,237.95,0.45,17.99
S011,2025-09-04,2025,760.78,65.88,16.67
S012,2025-09-04,2025,73.43,11.73,16.86
S013,2025-09-04,2025,54.65,0.00,20.44
S014,2025-09-04,2025,260.12,71.62,16.28
S015,2025-09-04,2025,705.58,0.00,18.81
S016,2025-09-04,2025,48.49,1.41,17.77
S017,2025-09-04,2025,47.26,11.23,15.84
S018,2025-09-04,2025,133.97,0.00,18.86
S019,2025-09-04,2025,1152.55,0.00,19.12
S020,2025-09-04,2025,invalid,0.00,19.12
S021,2025-09-04,2025,110.50,0.00,20.22
S022,2025-09-04,2025,102.93,0.00,18.25
S023,2025-09-04,2025,732.19,28.01,17.39
S024,2025-09-04,2025,42.61,0.00,21.67
S025,2025-09-04,2025,155.90,37.53,16.08
S026,2025-09-04,2025,81.80,0.00,21.06
S027,2025-09-04,2025,839.87,0.00,20.31
S028,2025-09-04,2025,136.66,0.00,19.08
S029,2025-09-04,2025,58.82,0.00,18.49
S030,2025-09-04,2025,0.00,0.00,20.47
S001,2025-09-05,2025,156.50,0.00,18.16
S002,2025-09-05,2025,118.00,0.00,18.67
S003,2025-09-05,2025,1012.59,0.00,19.64
S004,2025-09-05,2025,175.52,9.50,17.58
S005,2025-09-05,2025,149.43,0.00,21.46
S006,2025-09-05,2025,132.88,38.43,16.43
S007,2025-09-05,2025,864.93,0.00,20.78
S008,2025-09-05,2025,29.75,0.00,19.23
S009,2025-09-05,2025,121.04,0.00,20.02
S010,2025-09-05,2025,223.20,28.37,17.24
S011,2025-09-05,2025,901.04,0.00,18.47
S012,2025-09-05,2025,68.28,0.00,20.12
S013,2025-09-05,2025,59.37,0.00,19.97
S014,2025-09-05,2025,252.48,0.00,18.18
S015,2025-09-05,2025,658.49,8.62,17.81
S016,2025-09-05,2025,53.64,9.48,16.69
S017,2025-09-05,2025,48.14,0.00,19.14
S018,2025-09-05,2025,128.08,0.00,19.28
S019,2025-09-05,2025,997.04,0.00,20.56
S020,2025-09-05,2025,70.73,0.00,21.57
S021,2025-09-05,2025,120.13,4.60,17.65
S022,2025-09-05,2025,126.23,0.00,20.80
S023,2025-09-05,2025,716.28,0.00,19.55
S024,2025-09-05,2025,44.40,4.18,17.20
S025,2025-09-05,2025,177.80,36.71,16.04
S026,2025-09-05,2025,95.33,30.05,15.88
S027,2025-09-05,2025,918.52,0.00,20.28
S028,2025-09-05,2025,140.32,0.00,21.58
S029,2025-09-05,2025,59.74,0.99,17.84
S030,2025-09-05,2025,0.00,0.00,15.82
S001,2025-09-06,2025,105.75,0.00,18.48
S002,2025-09-06,2025,65.52,0.00,19.50
S003,2025-09-06,2025,523.20,0.00,20.59
S004,2025-09-06,2025,127.92,0.00,18.78
S005,2025-09-06,2025,79.91,0.00,19.04
S006,2025-09-06,2025,80.84,0.00,20.12
S007,2025-09-06,2025,518.20,64.09,15.91
S008,2025-09-06,2025,18.94,0.00,18.17
S009,2025-09-06,2025,84.62,0.00,18.38
S010,2025-09-06,2025,140.01,0.00,18.62
S011,2025-09-06,2025,505.69,74.64,15.80
S012,2025-09-06,2025,45.36,0.00,19.84
S013,2025-09-06,2025,34.57,7.61,15.91
S014,2025-09-06,2025,148.83,44.12,16.41
S015,2025-09-06,2025,366.44,10.22,17.62
S016,2025-09-06,2025,33.07,0.02,18.00
S017,2025-09-06,2025,30.97,2.47,17.22
S018,2025-09-06,2025,77.73,0.00,21.20
S019,2025-09-06,2025,685.82,0.00,19.39
S020,2025-09-06,2025,48.23,0.00,20.27
S021,2025-09-06,2025,80.03,8.81,16.90
S022,2025-09-06,2025,70.98,17.42,16.52
S023,2025-09-06,2025,390.16,30.09,16.89
S024,2025-09-06,2025,invalid,0.00,21.26
S025,2025-09-06,2025,106.52,19.28,16.40
S026,2025-09-06,2025,46.76,0.00,19.32
S027,2025-09-06,2025,536.11,0.00,20.03
S028,2025-09-06,2025,68.99,14.47,16.56
S029,2025-09-06,2025,32.99,0.00,18.57
S030,2025-09-06,2025,0.00,0.00,19.15
S001,2025-09-07,2025,92.73,16.69,16.63
S002,2025-09-07,2025,70.48,0.00,20.97
S003,2025-09-07,2025,549.32,0.00,19.98
S004,2025-09-07,2025,113.90,0.00,18.88
S005,2025-09-07,2025,87.07,26.59,15.48
S006,2025-09-07,2025,95.37,0.00,18.05
S007,2025-09-07,2025,550.59,37.16,16.86
S008,2025-09-07,2025,19.31,3.40,16.60
S009,2025-09-07,2025,69.41,5.69,17.30
,,,,,
S011,2025-09-07,2025,506.09,0.00,18.83
S012,2025-09-07,2025,43.00,0.00,20.98
S013,2025-09-07,2025,30.28,0.00,19.06
S014,2025-09-07,2025,139.40,42.67,16.36
S015,2025-09-07,2025,411.94,0.00,21.19
S016,2025-09-07,2025,34.25,0.00,20.05
S017,2025-09-07,2025,27.82,8.06,15.39
S018,2025-09-07,2025,70.50,16.50,16.82
S019,2025-09-07,2025,614.87,92.40,15.89
S020,2025-09-07,2025,48.31,5.49,16.98
S021,2025-09-07,2025,67.67,4.21,17.53
S022,2025-09-07,2025,78.66,0.00,19.80
S023,2025-09-07,2025,invalid,0.00,19.16
S024,2025-09-07,2025,27.06,0.00,19.77
S025,2025-09-07,2025,97.85,0.00,19.98
S026,2025-09-07,2025,53.81,0.00,21.14
S027,2025-09-07,2025,500.44,0.00,19.48
S028,2025-09-07,2025,80.25,0.00,19.93
S029,2025-09-07,2025,33.52,9.49,15.61
S030,2025-09-07,2025,0.00,0.00,15.76
S001,2025-09-08,2025,163.67,31.16,16.31
S002,2025-09-08,2025,99.10,29.02,16.48
S003,2025-09-08,2025,1067.48,0.00,19.21
S004,2025-09-08,2025,175.74,0.00,19.98
S005,2025-09-08,2025,148.74,33.76,15.89
S006,2025-09-08,2025,142.98,0.00,19.34
S007,2025-09-08,2025,869.90,0.00,20.03
S008,2025-09-08,2025,34.07,6.43,16.61
S009,2025-09-08,2025,108.29,0.00,18.76
S010,2025-09-08,2025,invalid,0.00,20.02
S011,2025-09-08,2025,791.68,114.42,15.79
S012,2025-09-08,2025,69.36,16.41,16.21
S013,2025-09-08,2025,51.88,3.08,17.44
,,,,,
S015,2025-09-08,2025,601.15,0.00,18.63
S016,2025-09-08,2025,48.66,12.21,16.13
S017,2025-09-08,2025,45.92,5.22,17.01
S018,2025-09-08,2025,136.36,0.00,18.15
S019,2025-09-08,2025,1190.55,3.18,17.96
S020,2025-09-08,2025,69.45,8.06,17.15
S021,2025-09-08,2025,123.79,30.59,15.78
S022,2025-09-08,2025,112.52,0.00,19.44
S023,2025-09-08,2025,605.89,42.77,16.90
S024,2025-09-08,2025,38.87,8.93,16.37
S025,2025-09-08,2025,182.99,0.00,20.80
S026,2025-09-08,2025,85.03,0.00,20.92
S027,2025-09-08,2025,760.63,128.14,15.80
S028,2025-09-08,2025,140.01,17.36,16.90
S029,2025-09-08,2025,49.69,5.04,17.15
S030,2025-09-08,2025,0.00,0.00,17.97
S001,2025-09-09,2025,159.42,40.81,15.60
S002,2025-09-09,2025,118.47,0.00,18.84
S003,2025-09-09,2025,998.35,0.00,20.24
S004,2025-09-09,2025,185.93,13.83,17.42
S005,2025-09-09,2025,160.89,14.09,17.05
S006,2025-09-09,2025,135.80,63.38,15.40
S007,2025-09-09,2025,719.41,75.22,16.49
S008,2025-09-09,2025,28.43,11.11,15.32
S009,2025-09-09,2025,109.26,37.63,15.27
S010,2025-09-09,2025,239.74,31.29,17.15
S011,2025-09-09,2025,848.52,43.19,17.16
S012,2025-09-09,2025,79.84,19.04,16.04
S013,2025-09-09,2025,51.73,4.17,17.29
S014,2025-09-09,2025,235.77,88.40,15.81
S015,2025-09-09,2025,720.85,0.00,19.82
S016,2025-09-09,2025,55.19,0.00,18.91
S017,2025-09-09,2025,48.22,2.07,17.59
S018,2025-09-09,2025,132.93,0.00,19.66
S019,2025-09-09,2025,1106.80,0.00,20.24
S020,2025-09-09,2025,74.70,0.00,19.54
S021,2025-09-09,2025,120.57,9.10,17.35
S022,2025-09-09,2025,116.37,0.00,18.11
S023,2025-09-09,2025,679.12,49.62,16.88
S024,2025-09-09,2025,43.94,2.41,17.59
S025,2025-09-09,2025,187.24,26.31,16.55
S026,2025-09-09,2025,75.26,0.00,19.57
S027,2025-09-09,2025,873.18,0.00,21.02
S028,2025-09-09,2025,126.69,8.34,17.51
S029,2025-09-09,2025,55.68,0.00,18.63
S030,2025-09-09,2025,0.00,0.00,19.97
S001,2025-09-10,2025,153.85,0.00,20.43
S002,2025-09-10,2025,120.48,16.46,17.11
S003,2025-09-10,2025,851.71,0.00,19.00
S004,2025-09-10,2025,166.94,52.81,15.91
S005,2025-09-10,2025,144.94,10.85,17.27
S006,2025-09-10,2025,136.42,46.85,16.09
S007,2025-09-10,2025,780.01,0.00,20.16
S008,2025-09-10,2025,33.08,0.00,19.64
S009,2025-09-10,2025,112.50,0.00,20.30
S010,2025-09-10,2025,214.08,0.00,19.34
S011,2025-09-10,2025,785.44,92.23,16.20
S012,2025-09-10,2025,82.05,0.00,18.18
S013,2025-09-10,2025,50.69,8.41,16.65
S014,2025-09-10,2025,214.79,38.75,17.01
S015,2025-09-10,2025,596.61,0.00,19.37
S016,2025-09-10,2025,53.89,0.00,18.40
S017,2025-09-10,2025,44.71,0.00,18.26
S018,2025-09-10,2025,120.07,1.52,17.93
S019,2025-09-10,2025,1196.09,0.00,19.00
S020,2025-09-10,2025,64.25,23.98,15.57
S021,2025-09-10,2025,113.30,5.51,17.56
S022,2025-09-10,2025,107.24,0.00,18.97
S023,2025-09-10,2025,707.46,19.28,17.59
S024,2025-09-10,2025,37.56,0.00,20.66
S025,2025-09-10,2025,164.16,2.00,17.89
S026,2025-09-10,2025,92.19,0.00,20.37
S027,2025-09-10,2025,821.35,130.98,15.72
S028,2025-09-10,2025,139.59,0.00,20.71
S029,2025-09-10,2025,56.02,0.00,18.67
S030,2025-09-10,2025,0.00,0.00,19.83
S001,2025-09-11,2025,147.78,4.60,17.73
S002,2025-09-11,2025,102.53,35.00,16.18
S003,2025-09-11,2025,1042.82,42.28,17.29
S004,2025-09-11,2025,167.24,0.00,19.72
S005,2025-09-11,2025,149.62,0.00,18.94
S006,2025-09-11,2025,135.06,0.00,18.40
S007,2025-09-11,2025,754.40,44.64,17.18
S008,2025-09-11,2025,31.86,7.40,16.37
S009,2025-09-11,2025,133.15,14.33,16.99
S010,2025-09-11,2025,234.20,41.47,16.96
S011,2025-09-11,2025,911.12,47.20,17.21
S012,2025-09-11,2025,76.89,30.32,14.91
S013,2025-09-11,2025,55.36,6.69,16.92
S014,2025-09-11,2025,246.97,0.00,19.22
S015,2025-09-11,2025,620.39,90.49,15.89
S016,2025-09-11,2025,53.18,0.00,19.77
S017,2025-09-11,2025,48.90,0.00,19.40
S018,2025-09-11,2025,126.19,0.00,19.65
S019,2025-09-11,2025,1115.19,0.00,20.28
S020,2025-09-11,2025,74.69,15.45,16.46
S021,2025-09-11,2025,116.33,0.00,18.21
S022,2025-09-11,2025,121.09,0.00,19.72
S023,2025-09-11,2025,752.41,0.00,19.04
S024,2025-09-11,2025,39.74,15.42,15.19
S025,2025-09-11,2025,182.06,0.00,20.71
S026,2025-09-11,2025,93.59,20.62,16.53
S027,2025-09-11,2025,912.63,0.00,18.65
S028,2025-09-11,2025,138.86,12.04,17.27
S029,2025-09-11,2025,48.06,17.44,15.26
S030,2025-09-11,2025,0.00,0.00,15.02
S001,2025-09-12,2025,149.38,0.00,19.83
S002,2025-09-12,2025,110.90,0.00,18.26
S003,2025-09-12,2025,1044.33,102.89,16.38
S004,2025-09-12,2025,166.27,34.38,16.62
S005,2025-09-12,2025,137.04,0.00,18.48
S006,2025-09-12,2025,143.29,26.22,16.90
S007,2025-09-12,2025,853.64,0.00,18.11
S008,2025-09-12,2025,34.32,7.98,16.13
S009,2025-09-12,2025,133.89,0.00,18.53
S010,2025-09-12,2025,249.50,33.49,17.09
S011,2025-09-12,2025,884.13,0.00,19.35
S012,2025-09-12,2025,65.88,0.00,19.92
S013,2025-09-12,2025,51.86,0.00,20.14
S014,2025-09-12,2025,213.19,0.00,18.24
S015,2025-09-12,2025,678.66,0.00,19.27
S016,2025-09-12,2025,52.99,17.50,15.42
S017,2025-09-12,2025,52.90,6.86,16.59
S018,2025-09-12,2025,113.39,20.20,17.12
S019,2025-09-12,2025,1219.49,0.00,20.03
S020,2025-09-12,2025,78.71,0.00,19.03
S021,2025-09-12,2025,129.96,0.00,20.56
S022,2025-09-12,2025,114.68,0.00,19.45
S023,2025-09-12,2025,723.81,52.91,16.73
S024,2025-09-12,2025,42.75,0.00,19.74
S025,2025-09-12,2025,167.24,54.38,15.17
S026,2025-09-12,2025,80.83,53.19,14.68
S027,2025-09-12,2025,867.51,171.40,14.74
S028,2025-09-12,2025,121.48,0.00,18.97
S029,2025-09-12,2025,51.85,3.48,17.35
S030,2025-09-12,2025,0.00,0.00,20.51
S001,2025-09-13,2025,105.80,0.00,19.44
S002,2025-09-13,2025,63.02,0.00,18.59
S003,2025-09-13,2025,525.92,32.78,17.13
S004,2025-09-13,2025,121.35,48.00,14.93
S005,2025-09-13,2025,87.85,27.95,14.90
S006,2025-09-13,2025,82.07,16.24,16.98
S007,2025-09-13,2025,504.35,60.73,16.03
S008,2025-09-13,2025,20.00,4.28,16.21
S009,2025-09-13,2025,74.43,0.00,20.01
S010,2025-09-13,2025,139.76,82.03,14.64
S011,2025-09-13,2025,556.89,87.49,15.65
S012,2025-09-13,2025,42.86,10.57,16.36
S013,2025-09-13,2025,33.51,0.00,18.77
S014,2025-09-13,2025,142.05,0.00,18.19
S015,2025-09-13,2025,402.59,10.83,17.61
S016,2025-09-13,2025,33.19,5.83,16.62
S017,2025-09-13,2025,27.18,0.00,19.43
S018,2025-09-13,2025,84.63,37.57,14.86
S019,2025-09-13,2025,748.86,110.06,15.49
S020,2025-09-13,2025,39.85,0.00,18.42
S021,2025-09-13,2025,70.96,0.00,20.37
S022,2025-09-13,2025,75.52,19.48,16.38
S023,2025-09-13,2025,395.57,24.28,17.15
S024,2025-09-13,2025,23.83,0.00,19.61
S025,2025-09-13,2025,116.39,21.30,16.20
S026,2025-09-13,2025,51.81,7.80,17.14
S027,2025-09-13,2025,497.52,0.00,20.12
S028,2025-09-13,2025,80.83,13.20,16.71
S029,2025-09-13,2025,30.69,0.00,18.43
S030,2025-09-13,2025,0.00,0.00,20.25
S001,2025-09-14,2025,99.11,0.00,19.95
S002,2025-09-14,2025,73.13,33.52,15.24
S003,2025-09-14,2025,567.19,37.20,17.00
S004,2025-09-14,2025,110.68,0.00,19.93
S005,2025-09-14,2025,99.89,14.56,16.47
S006,2025-09-14,2025,89.00,7.40,17.54
S007,2025-09-14,2025,560.52,0.00,20.25
S008,2025-09-14,2025,19.28,0.00,18.37
S009,2025-09-14,2025,71.88,0.00,19.28
S010,2025-09-14,2025,136.62,0.00,19.04
S011,2025-09-14,2025,581.93,0.00,18.73
S012,2025-09-14,2025,40.96,0.00,19.34
S013,2025-09-14,2025,35.38,0.00,19.49
S014,2025-09-14,2025,140.25,0.00,18.54
S015,2025-09-14,2025,457.82,45.93,16.06
S016,2025-09-14,2025,28.03,14.64,14.62
S017,2025-09-14,2025,33.23,10.58,14.73
S018,2025-09-14,2025,81.08,13.93,16.99
S019,2025-09-14,2025,609.89,0.00,19.61
S020,2025-09-14,2025,41.67,11.95,15.73
S021,2025-09-14,2025,85.18,0.00,18.57
S022,2025-09-14,2025,68.13,21.45,16.14
S023,2025-09-14,2025,441.39,99.05,14.37
S024,2025-09-14,2025,27.33,0.00,20.09
S025,2025-09-14,2025,110.72,35.68,15.10
S026,2025-09-14,2025,55.77,21.43,15.71
S027,2025-09-14,2025,538.30,0.00,18.11
S028,2025-09-14,2025,79.08,18.15,16.34
S029,2025-09-14,2025,36.59,0.00,19.27
S030,2025-09-14,2025,0.00,0.00,18.97
S001,2025-09-15,2025,167.06,0.00,19.29
S002,2025-09-15,2025,96.35,67.15,14.46
S003,2025-09-15,2025,925.08,0.00,18.62
S004,2025-09-15,2025,170.97,38.82,16.56
S005,2025-09-15,2025,160.61,0.00,19.51
S006,2025-09-15,2025,143.82,0.00,19.79
S007,2025-09-15,2025,721.66,173.10,14.90
S008,2025-09-15,2025,32.40,8.17,15.96
S009,2025-09-15,2025,117.76,29.58,15.62
S010,2025-09-15,2025,246.19,100.28,15.39
S011,2025-09-15,2025,911.67,70.88,16.71
S012,2025-09-15,2025,76.60,22.78,15.64
S013,2025-09-15,2025,48.73,17.17,14.85
S014,2025-09-15,2025,243.84,0.00,18.76
S015,2025-09-15,2025,691.83,111.77,15.20
S016,2025-09-15,2025,50.94,0.00,19.36
S017,2025-09-15,2025,50.90,16.20,14.98
S018,2025-09-15,2025,122.12,39.74,15.94
S019,2025-09-15,2025,974.22,0.00,20.02
S020,2025-09-15,2025,76.47,19.96,15.79
S021,2025-09-15,2025,126.35,37.65,15.28
S022,2025-09-15,2025,119.52,0.00,18.79
S023,2025-09-15,2025,728.45,0.00,19.21
S024,2025-09-15,2025,42.01,9.76,16.15
S025,2025-09-15,2025,156.25,18.26,17.09
S026,2025-09-15,2025,93.25,29.00,16.08
S027,2025-09-15,2025,870.82,0.00,20.19
S028,2025-09-15,2025,120.32,6.01,17.66
S029,2025-09-15,2025,51.00,0.00,18.44
S030,2025-09-15,2025,0.00,0.00,17.85
S001,2025-09-16,2025,146.19,65.30,14.68
S002,2025-09-16,2025,100.99,8.35,17.52
S003,2025-09-16,2025,874.95,131.19,15.74
S004,2025-09-16,2025,184.82,65.20,15.29
S005,2025-09-16,2025,131.35,0.00,20.02
S006,2025-09-16,2025,164.25,32.79,16.79
S007,2025-09-16,2025,756.40,0.00,19.57
S008,2025-09-16,2025,28.92,14.34,14.40
S009,2025-09-16,2025,126.02,0.00,20.01
S010,2025-09-16,2025,256.97,10.75,17.74
S011,2025-09-16,2025,872.46,58.74,17.00
S012,2025-09-16,2025,75.37,27.31,15.03
S013,2025-09-16,2025,48.63,18.01,14.76
S014,2025-09-16,2025,249.81,115.84,14.90
S015,2025-09-16,2025,601.25,44.38,16.94
S016,2025-09-16,2025,47.91,9.61,16.49
S017,2025-09-16,2025,43.27,0.00,19.49
S018,2025-09-16,2025,121.10,4.97,17.75
S019,2025-09-16,2025,1126.08,0.00,19.53
S020,2025-09-16,2025,66.10,18.60,16.17
S021,2025-09-16,2025,116.00,42.65,14.97
S022,2025-09-16,2025,107.98,37.90,16.07
S023,2025-09-16,2025,679.30,97.99,15.63
S024,2025-09-16,2025,41.65,5.38,16.90
S025,2025-09-16,2025,177.01,0.00,19.19
S026,2025-09-16,2025,84.34,0.00,19.31
S027,2025-09-16,2025,860.31,71.63,16.73
S028,2025-09-16,2025,139.78,13.62,17.20
S029,2025-09-16,2025,48.87,3.04,17.46
S030,2025-09-16,2025,0.00,0.00,14.50
S001,2025-09-17,2025,158.24,51.23,15.40
S002,2025-09-17,2025,102.64,33.82,16.05
S003,2025-09-17,2025,860.54,0.00,19.41
S004,2025-09-17,2025,179.44,71.81,15.27
S005,2025-09-17,2025,130.40,0.00,19.70
S006,2025-09-17,2025,148.43,69.88,15.17
S007,2025-09-17,2025,881.74,226.24,13.96
S008,2025-09-17,2025,33.81,2.74,17.35
S009,2025-09-17,2025,112.90,43.88,14.73
S010,2025-09-17,2025,209.62,4.42,17.88
S011,2025-09-17,2025,938.75,0.00,18.02
S012,2025-09-17,2025,68.73,22.24,15.86
S013,2025-09-17,2025,56.97,5.34,17.05
S014,2025-09-17,2025,229.41,44.22,16.98
S015,2025-09-17,2025,705.10,105.26,15.68
S016,2025-09-17,2025,54.71,0.00,19.32
S017,2025-09-17,2025,43.50,1.50,17.71
S018,2025-09-17,2025,123.46,45.04,15.72
S019,2025-09-17,2025,1046.74,0.00,19.76
S020,2025-09-17,2025,71.43,21.80,15.73
S021,2025-09-17,2025,134.64,18.70,16.71
S022,2025-09-17,2025,124.28,1.94,17.91
S023,2025-09-17,2025,632.73,94.17,15.74
S024,2025-09-17,2025,45.09,14.27,15.56
S025,2025-09-17,2025,175.77,0.00,18.53
S026,2025-09-17,2025,92.73,0.00,19.54
,,,,,
S028,2025-09-17,2025,129.20,0.00,18.91
S029,2025-09-17,2025,55.76,14.68,15.55
S030,2025-09-17,2025,0.00,0.00,14.26
S001,2025-09-18,2025,170.74,9.91,17.39
S002,2025-09-18,2025,118.65,47.45,15.63
S003,2025-09-18,2025,1014.31,123.66,16.11
S004,2025-09-18,2025,186.69,0.00,18.06
S005,2025-09-18,2025,145.00,34.61,15.62
S006,2025-09-18,2025,141.01,17.19,17.31
S007,2025-09-18,2025,721.25,73.23,16.61
S008,2025-09-18,2025,29.04,0.00,19.23
S009,2025-09-18,2025,131.92,26.00,15.91
S010,2025-09-18,2025,232.70,86.14,15.69
S011,2025-09-18,2025,898.32,0.01,18.00
S012,2025-09-18,2025,74.94,0.00,19.53
S013,2025-09-18,2025,57.55,0.00,18.72
S014,2025-09-18,2025,247.81,32.07,17.13
S015,2025-09-18,2025,685.44,0.00,18.16
S016,2025-09-18,2025,44.50,26.25,14.11
S017,2025-09-18,2025,52.09,0.00,18.90
S018,2025-09-18,2025,122.24,50.88,15.67
S019,2025-09-18,2025,966.88,0.00,18.85
S020,2025-09-18,2025,63.29,11.70,16.64
S021,2025-09-18,2025,126.06,17.82,16.74
S022,2025-09-18,2025,109.51,54.23,15.45
S023,2025-09-18,2025,637.71,0.00,19.37
S024,2025-09-18,2025,42.19,0.00,18.09
S025,2025-09-18,2025,163.02,13.76,17.28
S026,2025-09-18,2025,83.82,31.32,15.69
S027,2025-09-18,2025,866.80,57.93,16.88
S028,2025-09-18,2025,130.42,44.41,15.41
S029,2025-09-18,2025,55.94,12.00,15.78
S030,2025-09-18,2025,0.00,0.00,13.83
S001,2025-09-19,2025,150.21,0.00,18.94
S002,2025-09-19,2025,112.13,25.92,16.64
S003,2025-09-19,2025,1055.13,195.61,14.71
S004,2025-09-19,2025,179.88,25.38,17.07
S005,2025-09-19,2025,149.88,59.69,14.42
S006,2025-09-19,2025,140.68,12.34,17.53
S007,2025-09-19,2025,859.80,190.51,14.43
S008,2025-09-19,2025,30.67,0.62,17.84
S009,2025-09-19,2025,108.33,26.30,15.90
S010,2025-09-19,2025,247.24,0.00,18.77
S011,2025-09-19,2025,931.08,0.00,19.55
S012,2025-09-19,2025,78.33,0.00,18.88
S013,2025-09-19,2025,47.32,13.01,15.87
S014,2025-09-19,2025,218.24,144.49,14.67
S015,2025-09-19,2025,716.42,115.88,15.17
S016,2025-09-19,2025,51.88,24.79,14.36
S017,2025-09-19,2025,48.63,9.87,16.20
S018,2025-09-19,2025,123.89,65.33,15.12
S019,2025-09-19,2025,1164.76,0.00,18.40
S020,2025-09-19,2025,67.80,22.45,15.71
S021,2025-09-19,2025,126.98,17.87,16.75
S022,2025-09-19,2025,105.67,44.83,15.82
S023,2025-09-19,2025,711.76,19.95,17.57
S024,2025-09-19,2025,43.43,9.69,16.35
S025,2025-09-19,2025,185.62,14.50,17.22
S026,2025-09-19,2025,94.40,60.25,14.02
S027,2025-09-19,2025,850.66,166.82,14.96
S028,2025-09-19,2025,138.97,42.55,15.68
S029,2025-09-19,2025,51.09,0.00,18.29
S030,2025-09-19,2025,0.00,0.00,14.37
S001,2025-09-20,2025,113.66,14.06,16.61
S002,2025-09-20,2025,63.88,18.63,16.32
S003,2025-09-20,2025,594.44,103.39,14.97
S004,2025-09-20,2025,105.33,16.99,16.94
S005,2025-09-20,2025,94.57,26.76,15.11
S006,2025-09-20,2025,93.47,20.80,16.78
S007,2025-09-20,2025,525.21,73.58,15.79
S008,2025-09-20,2025,18.99,0.92,17.67
S009,2025-09-20,2025,71.92,0.00,18.73
S010,2025-09-20,2025,131.22,0.00,18.53
S011,2025-09-20,2025,508.09,22.65,17.33
S012,2025-09-20,2025,48.57,0.00,18.94
S013,2025-09-20,2025,33.60,1.63,17.51
S014,2025-09-20,2025,130.52,0.00,18.16
S015,2025-09-20,2025,432.49,90.29,14.67
S016,2025-09-20,2025,27.78,14.48,14.49
S017,2025-09-20,2025,30.67,10.30,14.64
S018,2025-09-20,2025,74.10,37.46,14.98
S019,2025-09-20,2025,652.82,162.16,14.32
S020,2025-09-20,2025,40.58,0.00,18.09
S021,2025-09-20,2025,80.23,37.31,13.51
S022,2025-09-20,2025,70.81,32.57,15.33
S023,2025-09-20,2025,407.96,48.93,16.13
S024,2025-09-20,2025,23.91,14.08,13.75
S025,2025-09-20,2025,110.34,6.41,17.50
S026,2025-09-20,2025,47.06,36.43,14.11
S027,2025-09-20,2025,564.06,0.00,18.40
S028,2025-09-20,2025,72.07,0.00,18.50
S029,2025-09-20,2025,30.30,2.44,17.32
S030,2025-09-20,2025,0.00,0.00,14.95
S001,2025-09-21,2025,101.41,37.07,14.92
S002,2025-09-21,2025,69.84,32.29,15.08
S003,2025-09-21,2025,583.09,171.52,13.58
S004,2025-09-21,2025,124.00,56.51,14.51
S005,2025-09-21,2025,90.99,39.88,14.02
S006,2025-09-21,2025,99.95,11.59,17.18
S007,2025-09-21,2025,531.63,0.00,18.70
S008,2025-09-21,2025,17.64,2.21,17.18
S009,2025-09-21,2025,68.56,4.01,17.54
S010,2025-09-21,2025,132.39,0.00,18.39
S011,2025-09-21,2025,512.82,36.58,16.98
S012,2025-09-21,2025,42.09,17.47,15.22
S013,2025-09-21,2025,33.70,14.34,13.96
S014,2025-09-21,2025,149.72,23.15,16.99
S015,2025-09-21,2025,433.44,98.31,14.06
S016,2025-09-21,2025,invalid,11.85,15.24
S017,2025-09-21,2025,31.85,7.20,15.61
S018,2025-09-21,2025,83.42,53.42,14.31
S019,2025-09-21,2025,605.23,125.75,14.90
S020,2025-09-21,2025,43.34,13.41,15.77
S021,2025-09-21,2025,82.22,22.16,15.32
S022,2025-09-21,2025,69.24,0.00,19.03
S023,2025-09-21,2025,464.95,0.00,18.75
S024,2025-09-21,2025,24.67,15.61,13.74
S025,2025-09-21,2025,97.69,4.88,17.63
S026,2025-09-21,2025,53.81,22.34,15.65
S027,2025-09-21,2025,463.74,2.26,17.93
S028,2025-09-21,2025,70.83,30.62,14.73
S029,2025-09-21,2025,29.24,1.67,17.52
S030,2025-09-21,2025,0.00,0.00,18.57
S001,2025-09-22,2025,168.60,0.00,18.83
S002,2025-09-22,2025,111.89,3.54,17.81
S003,2025-09-22,2025,1034.93,108.65,16.20
S004,2025-09-22,2025,173.95,107.99,13.94
S005,2025-09-22,2025,142.86,23.77,16.38
S006,2025-09-22,2025,145.34,12.24,17.50
S007,2025-09-22,2025,914.58,85.08,16.19
S008,2025-09-22,2025,27.89,16.57,13.92
S009,2025-09-22,2025,112.99,10.66,17.27
S010,2025-09-22,2025,212.88,124.38,14.90
S011,2025-09-22,2025,823.34,193.44,14.67
S012,2025-09-22,2025,67.67,13.88,16.71
S013,2025-09-22,2025,48.19,24.80,13.45
S014,2025-09-22,2025,214.92,0.00,18.38
S015,2025-09-22,2025,662.07,58.09,16.60
S016,2025-09-22,2025,55.19,16.11,15.74
S017,2025-09-22,2025,43.06,6.49,16.63
S018,2025-09-22,2025,135.86,104.41,13.31
S019,2025-09-22,2025,1177.06,201.61,15.22
S020,2025-09-22,2025,70.76,40.39,13.85
S021,2025-09-22,2025,137.00,36.89,15.08
S022,2025-09-22,2025,122.10,45.25,15.92
S023,2025-09-22,2025,603.15,36.85,17.18
S024,2025-09-22,2025,43.71,0.00,19.08
S025,2025-09-22,2025,184.44,75.30,14.24
S026,2025-09-22,2025,93.30,0.00,18.43
S027,2025-09-22,2025,802.90,172.50,14.76
S028,2025-09-22,2025,129.85,46.43,15.37
S029,2025-09-22,2025,55.41,4.03,17.33
S030,2025-09-22,2025,0.00,0.00,14.87
S001,2025-09-23,2025,178.43,0.00,18.71
S002,2025-09-23,2025,116.23,4.15,17.76
S003,2025-09-23,2025,1009.04,18.67,17.66
S004,2025-09-23,2025,207.21,74.84,15.21
S005,2025-09-23,2025,132.49,0.00,18.60
S006,2025-09-23,2025,164.20,90.90,14.33
S007,2025-09-23,2025,862.49,100.70,16.17
S008,2025-09-23,2025,30.19,4.84,16.84
S009,2025-09-23,2025,122.69,0.00,18.39
S010,2025-09-23,2025,212.47,52.49,16.57
S011,2025-09-23,2025,911.43,70.75,16.58
S012,2025-09-23,2025,81.55,10.76,16.93
S013,2025-09-23,2025,50.31,24.84,13.65
S014,2025-09-23,2025,254.80,0.00,18.35
S015,2025-09-23,2025,656.50,200.48,13.54
S016,2025-09-23,2025,48.88,0.00,18.01
S017,2025-09-23,2025,49.22,24.24,13.51
S018,2025-09-23,2025,125.79,36.90,16.38
S019,2025-09-23,2025,1081.05,39.16,17.44
S020,2025-09-23,2025,76.59,18.23,15.92
S021,2025-09-23,2025,131.41,11.88,17.15
S022,2025-09-23,2025,126.39,0.00,18.85
S023,2025-09-23,2025,726.35,96.82,15.70
S024,2025-09-23,2025,41.71,0.00,18.50
S025,2025-09-23,2025,172.94,17.54,17.05
S026,2025-09-23,2025,87.09,6.97,17.56
S027,2025-09-23,2025,829.30,0.00,18.57
S028,2025-09-23,2025,114.77,6.42,17.64
S029,2025-09-23,2025,55.60,11.24,15.92
S030,2025-09-23,2025,0.00,0.00,18.55
S001,2025-09-24,2025,182.52,0.00,18.28
S002,2025-09-24,2025,113.29,66.07,14.56
S003,2025-09-24,2025,1034.14,229.39,14.53
S004,2025-09-24,2025,195.96,52.78,16.03
S005,2025-09-24,2025,157.22,42.38,15.16
S006,2025-09-24,2025,164.09,55.35,15.63
S007,2025-09-24,2025,853.07,123.85,15.50
S008,2025-09-24,2025,31.46,9.64,15.84
S009,2025-09-24,2025,112.76,45.07,14.37
S010,2025-09-24,2025,254.74,31.28,17.23
S011,2025-09-24,2025,816.45,40.11,17.27
S012,2025-09-24,2025,82.29,2.66,17.75
S013,2025-09-24,2025,55.59,0.00,18.81
S014,2025-09-24,2025,242.32,60.03,16.58
S015,2025-09-24,2025,624.80,175.14,14.03
S016,2025-09-24,2025,53.52,0.00,18.33
S017,2025-09-24,2025,50.87,0.00,18.65
S018,2025-09-24,2025,109.90,0.00,18.10
S019,2025-09-24,2025,987.22,58.95,17.11
S020,2025-09-24,2025,63.13,5.83,17.40
S021,2025-09-24,2025,110.86,44.35,14.49
S022,2025-09-24,2025,110.78,104.55,13.10
S023,2025-09-24,2025,702.49,193.41,13.65
S024,2025-09-24,2025,39.05,7.02,16.79
S025,2025-09-24,2025,169.87,69.22,14.61
S026,2025-09-24,2025,81.73,33.23,15.61
S027,2025-09-24,2025,904.29,0.00,18.24
S028,2025-09-24,2025,132.73,70.54,13.98
S029,2025-09-24,2025,54.13,25.34,13.42
S030,2025-09-24,2025,0.00,0.00,15.41
S001,2025-09-25,2025,173.96,49.72,15.16
S002,2025-09-25,2025,117.21,72.32,14.01
S003,2025-09-25,2025,907.73,33.01,17.45
S004,2025-09-25,2025,185.36,13.27,17.48
S005,2025-09-25,2025,145.87,74.57,13.25
S006,2025-09-25,2025,146.94,8.32,17.68
S007,2025-09-25,2025,828.69,49.04,17.07
S008,2025-09-25,2025,28.97,6.99,16.28
S009,2025-09-25,2025,129.39,31.50,15.75
S010,2025-09-25,2025,236.37,28.14,17.32
S011,2025-09-25,2025,766.40,49.71,17.02
S012,2025-09-25,2025,68.37,8.67,17.18
S013,2025-09-25,2025,57.81,0.00,18.61
S014,2025-09-25,2025,232.28,136.73,14.80
S015,2025-09-25,2025,684.79,111.04,15.09
S016,2025-09-25,2025,43.65,4.98,17.18
S017,2025-09-25,2025,53.08,13.39,15.62
S018,2025-09-25,2025,111.55,45.56,15.74
S019,2025-09-25,2025,999.33,285.92,14.03
S020,2025-09-25,2025,64.26,10.84,16.82
S021,2025-09-25,2025,133.85,57.37,14.09
S022,2025-09-25,2025,110.52,90.65,13.46
S023,2025-09-25,2025,697.76,36.06,17.12
S024,2025-09-25,2025,40.34,5.43,17.00
S025,2025-09-25,2025,183.25,19.74,17.04
S026,2025-09-25,2025,84.42,72.92,13.45
S027,2025-09-25,2025,835.43,272.34,12.71
S028,2025-09-25,2025,112.54,11.32,17.37
S029,2025-09-25,2025,51.81,27.32,13.72
S030,2025-09-25,2025,0.00,0.00,14.91
S001,2025-09-26,2025,156.58,74.06,14.08
S002,2025-09-26,2025,106.85,55.44,14.90
S003,2025-09-26,2025,1046.89,297.27,13.10
S004,2025-09-26,2025,206.54,12.51,17.46
S005,2025-09-26,2025,152.18,3.13,17.81
S006,2025-09-26,2025,141.51,10.65,17.56
S007,2025-09-26,2025,736.62,0.00,18.33
S008,2025-09-26,2025,31.28,15.55,14.57
S009,2025-09-26,2025,124.81,22.09,16.16
S010,2025-09-26,2025,209.34,61.69,16.50
S011,2025-09-26,2025,825.20,241.39,13.11
S012,2025-09-26,2025,68.84,4.15,17.62
S013,2025-09-26,2025,54.18,0.03,17.99
S014,2025-09-26,2025,259.58,193.27,13.19
S015,2025-09-26,2025,618.89,26.10,17.34
S016,2025-09-26,2025,52.91,17.68,15.53
S017,2025-09-26,2025,46.78,27.55,12.96
S018,2025-09-26,2025,133.67,0.00,18.22
S019,2025-09-26,2025,1203.73,241.94,14.59
S020,2025-09-26,2025,62.13,2.82,17.72
S021,2025-09-26,2025,136.07,29.54,15.78
S022,2025-09-26,2025,111.83,70.26,14.32
S023,2025-09-26,2025,668.70,78.15,16.19
S024,2025-09-26,2025,44.18,7.70,16.58
S025,2025-09-26,2025,176.57,17.51,17.00
S026,2025-09-26,2025,75.63,22.14,16.51
S027,2025-09-26,2025,783.80,208.99,14.28
S028,2025-09-26,2025,136.60,34.55,15.96
S029,2025-09-26,2025,54.24,23.77,13.56
S030,2025-09-26,2025,0.00,0.00,15.97
S001,2025-09-27,2025,95.48,11.63,16.89
S002,2025-09-27,2025,71.94,54.67,13.48
S003,2025-09-27,2025,602.33,179.36,13.09
S004,2025-09-27,2025,111.41,73.35,13.02
S005,2025-09-27,2025,93.02,26.59,15.04
S006,2025-09-27,2025,100.90,50.10,14.92
S007,2025-09-27,2025,521.20,5.27,17.82
S008,2025-09-27,2025,20.80,3.13,16.86
S009,2025-09-27,2025,76.86,36.04,13.61
S010,2025-09-27,2025,144.45,0.00,18.19
S011,2025-09-27,2025,594.50,77.82,15.82
S012,2025-09-27,2025,47.37,3.02,17.49
S013,2025-09-27,2025,32.42,5.99,16.38
S014,2025-09-27,2025,149.41,122.63,13.00
S015,2025-09-27,2025,372.40,76.33,15.05
S016,2025-09-27,2025,27.54,0.00,18.15
S017,2025-09-27,2025,30.89,7.67,15.66
S018,2025-09-27,2025,80.62,6.02,17.52
S019,2025-09-27,2025,752.89,210.72,12.60
S020,2025-09-27,2025,47.90,15.31,15.23
S021,2025-09-27,2025,79.85,26.91,14.75
S022,2025-09-27,2025,63.41,20.18,16.37
S023,2025-09-27,2025,388.00,144.84,12.83
S024,2025-09-27,2025,27.41,0.13,17.96
S025,2025-09-27,2025,99.70,17.51,16.50
S026,2025-09-27,2025,56.28,44.21,13.27
S027,2025-09-27,2025,482.66,29.78,17.05
S028,2025-09-27,2025,73.69,1.59,17.85
S029,2025-09-27,2025,30.15,2.59,17.24
S030,2025-09-27,2025,0.00,0.00,15.78
S001,2025-09-28,2025,97.46,6.75,17.42
S002,2025-09-28,2025,69.27,0.00,18.14
S003,2025-09-28,2025,558.26,121.17,14.66
S004,2025-09-28,2025,126.68,67.87,13.56
S005,2025-09-28,2025,100.76,5.03,17.53
S006,2025-09-28,2025,97.14,9.87,17.40
S007,2025-09-28,2025,464.40,0.00,18.13
S008,2025-09-28,2025,19.97,8.47,14.76
S009,2025-09-28,2025,80.44,42.44,12.62
S010,2025-09-28,2025,140.31,42.20,16.43
S011,2025-09-28,2025,505.56,102.16,15.16
S012,2025-09-28,2025,49.04,6.73,16.79
,,,,,
S014,2025-09-28,2025,148.81,79.82,15.05
S015,2025-09-28,2025,392.12,21.52,17.13
S016,2025-09-28,2025,32.97,19.37,13.20
S017,2025-09-28,2025,29.67,18.38,12.76
S018,2025-09-28,2025,79.63,10.46,17.14
S019,2025-09-28,2025,755.68,47.63,16.91
S020,2025-09-28,2025,45.85,28.63,13.26
S021,2025-09-28,2025,72.57,23.93,15.37
S022,2025-09-28,2025,74.53,5.34,17.52
S023,2025-09-28,2025,451.40,81.27,15.03
S024,2025-09-28,2025,23.42,0.81,17.74
S025,2025-09-28,2025,108.79,38.74,14.85
S026,2025-09-28,2025,49.58,30.65,14.29
S027,2025-09-28,2025,550.11,51.10,16.56
S028,2025-09-28,2025,85.24,55.40,12.47
S029,2025-09-28,2025,34.53,9.62,15.22
S030,2025-09-28,2025,0.00,0.00,18.15
S001,2025-09-29,2025,164.93,46.02,15.24
S002,2025-09-29,2025,102.68,32.78,16.25
S003,2025-09-29,2025,985.49,261.55,13.30
S004,2025-09-29,2025,198.73,67.04,15.52
S005,2025-09-29,2025,129.07,25.84,16.30
S006,2025-09-29,2025,158.90,113.47,13.24
S007,2025-09-29,2025,818.34,64.92,16.62
S008,2025-09-29,2025,invalid,19.18,13.39
S009,2025-09-29,2025,116.16,18.73,16.57
S010,2025-09-29,2025,262.95,71.62,16.16
S011,2025-09-29,2025,820.25,80.86,16.56
S012,2025-09-29,2025,70.73,49.23,12.53
S013,2025-09-29,2025,53.74,3.35,17.44
S014,2025-09-29,2025,210.27,103.32,15.26
S015,2025-09-29,2025,696.86,220.54,13.11
S016,2025-09-29,2025,46.65,17.05,15.16
S017,2025-09-29,2025,42.99,15.01,15.21
S018,2025-09-29,2025,129.33,73.29,14.35
S019,2025-09-29,2025,966.13,45.45,17.29
S020,2025-09-29,2025,73.32,18.28,16.03
S021,2025-09-29,2025,116.04,47.85,14.72
S022,2025-09-29,2025,103.16,73.19,13.99
S023,2025-09-29,2025,727.94,39.66,17.01
S024,2025-09-29,2025,40.36,31.70,12.48
S025,2025-09-29,2025,173.06,105.20,12.74
S026,2025-09-29,2025,76.44,49.16,14.27
S027,2025-09-29,2025,879.69,19.08,17.62
S028,2025-09-29,2025,126.11,80.89,12.80
S029,2025-09-29,2025,58.96,29.07,13.26
S030,2025-09-29,2025,0.00,0.00,16.86
S001,2025-09-30,2025,148.75,46.04,15.20
S002,2025-09-30,2025,99.47,87.00,13.71
S003,2025-09-30,2025,1014.62,155.89,15.13
S004,2025-09-30,2025,167.13,22.99,17.13
S005,2025-09-30,2025,150.44,70.85,13.47
S006,2025-09-30,2025,138.08,99.26,14.44
S007,2025-09-30,2025,881.47,201.56,14.15
S008,2025-09-30,2025,33.62,12.06,15.07
S009,2025-09-30,2025,122.65,55.02,13.65
S010,2025-09-30,2025,253.33,192.76,13.03
S011,2025-09-30,2025,954.06,27.39,17.51
S012,2025-09-30,2025,66.16,39.97,14.10
S013,2025-09-30,2025,48.10,35.26,12.05
S014,2025-09-30,2025,259.76,87.29,16.02
S015,2025-09-30,2025,700.35,253.96,12.29
S016,2025-09-30,2025,43.79,20.37,14.97
S017,2025-09-30,2025,46.59,16.29,15.09
S018,2025-09-30,2025,131.58,14.59,17.27
S019,2025-09-30,2025,1147.77,117.52,16.33
S020,2025-09-30,2025,64.21,37.76,13.93
S021,2025-09-30,2025,125.94,62.11,13.51
S022,2025-09-30,2025,128.54,91.44,13.65
S023,2025-09-30,2025,742.70,170.78,14.11
S024,2025-09-30,2025,43.33,3.08,17.46
S025,2025-09-30,2025,195.01,19.23,16.94
S026,2025-09-30,2025,93.02,32.10,15.87
S027,2025-09-30,2025,868.23,137.66,15.28
S028,2025-09-30,2025,110.61,79.42,13.45
S029,2025-09-30,2025,52.53,5.63,17.12
S030,2025-09-30,2025,0.00,0.00,13.83
S001,2025-10-01,2025,177.45,7.27,17.56
S002,2025-10-01,2025,100.67,126.30,11.79
S003,2025-10-01,2025,905.37,336.99,11.81
S004,2025-10-01,2025,176.60,11.47,17.55
S005,2025-10-01,2025,144.07,48.22,14.91
S006,2025-10-01,2025,132.00,60.50,15.43
S007,2025-10-01,2025,815.51,159.91,15.07
S008,2025-10-01,2025,34.47,3.35,17.23
S009,2025-10-01,2025,131.79,16.28,16.67
S010,2025-10-01,2025,257.59,174.93,13.79
S011,2025-10-01,2025,829.37,63.99,16.80
S012,2025-10-01,2025,70.34,12.50,16.63
S013,2025-10-01,2025,49.84,32.73,12.56
S014,2025-10-01,2025,222.71,246.23,12.46
S015,2025-10-01,2025,703.84,178.64,13.87
S016,2025-10-01,2025,45.57,4.47,17.38
S017,2025-10-01,2025,46.45,21.64,13.74
S018,2025-10-01,2025,134.06,78.04,14.12
S019,2025-10-01,2025,1217.13,367.72,12.69
S020,2025-10-01,2025,65.98,23.87,15.44
S021,2025-10-01,2025,133.19,57.30,13.39
S022,2025-10-01,2025,125.26,31.97,16.46
S023,2025-10-01,2025,734.67,187.07,13.77
S024,2025-10-01,2025,44.36,8.13,16.56
S025,2025-10-01,2025,189.40,79.53,14.12
S026,2025-10-01,2025,83.17,18.07,16.84
S027,2025-10-01,2025,926.24,129.32,15.34
S028,2025-10-01,2025,122.42,95.39,12.48
S029,2025-10-01,2025,47.73,31.38,13.02
S030,2025-10-01,2025,403.83,146.19,16.06
S001,2025-10-02,2025,169.89,85.57,13.53
S002,2025-10-02,2025,97.86,84.15,13.28
S003,2025-10-02,2025,860.43,116.15,15.98
S004,2025-10-02,2025,173.34,59.27,15.54
S005,2025-10-02,2025,150.84,22.09,16.70
S006,2025-10-02,2025,147.14,118.25,12.89
S007,2025-10-02,2025,841.50,229.64,13.94
S008,2025-10-02,2025,28.15,16.61,14.39
S009,2025-10-02,2025,116.10,55.54,13.86
S010,2025-10-02,2025,248.77,178.66,13.10
S011,2025-10-02,2025,898.97,248.91,13.77
S012,2025-10-02,2025,70.03,14.36,16.61
S013,2025-10-02,2025,52.15,25.20,13.93
S014,2025-10-02,2025,243.67,139.23,14.28
S015,2025-10-02,2025,698.02,97.71,15.47
S016,2025-10-02,2025,44.72,8.25,16.71
S017,2025-10-02,2025,46.46,6.99,16.75
S018,2025-10-02,2025,138.28,11.94,17.42
S019,2025-10-02,2025,1013.96,170.18,15.47
S020,2025-10-02,2025,76.92,18.65,15.88
S021,2025-10-02,2025,131.34,11.07,17.17
S022,2025-10-02,2025,127.37,84.17,13.60
S023,2025-10-02,2025,734.96,119.25,15.43
S024,2025-10-02,2025,39.90,24.83,13.13
S025,2025-10-02,2025,168.90,60.79,14.74
S026,2025-10-02,2025,77.34,29.99,15.79
S027,2025-10-02,2025,932.17,187.34,14.47
S028,2025-10-02,2025,134.06,83.71,12.93
S029,2025-10-02,2025,59.48,24.08,13.57
S030,2025-10-02,2025,378.42,165.55,15.55
S001,2025-10-03,2025,158.52,64.35,14.22
S002,2025-10-03,2025,106.52,104.72,12.44
S003,2025-10-03,2025,851.92,241.49,13.95
S004,2025-10-03,2025,197.75,73.04,15.30
S005,2025-10-03,2025,129.59,39.96,15.54
S006,2025-10-03,2025,152.01,28.76,16.83
S007,2025-10-03,2025,776.58,227.98,13.90
S008,2025-10-03,2025,29.15,12.03,15.27
S009,2025-10-03,2025,invalid,45.56,14.71
S010,2025-10-03,2025,252.30,43.01,16.88
S011,2025-10-03,2025,831.43,320.70,12.21
S012,2025-10-03,2025,66.31,57.99,12.59
S013,2025-10-03,2025,59.54,4.75,17.10
S014,2025-10-03,2025,257.32,185.27,13.20
S015,2025-10-03,2025,678.33,108.08,15.18
S016,2025-10-03,2025,50.99,33.46,13.19
S017,2025-10-03,2025,46.93,3.29,17.32
S018,2025-10-03,2025,138.68,98.20,13.22
S019,2025-10-03,2025,972.20,333.12,12.99
S020,2025-10-03,2025,69.99,44.56,13.60
S021,2025-10-03,2025,130.80,63.42,12.77
S022,2025-10-03,2025,128.04,117.77,12.02
S023,2025-10-03,2025,665.63,288.28,11.65
S024,2025-10-03,2025,38.38,21.91,14.28
S025,2025-10-03,2025,177.80,88.79,12.90
S026,2025-10-03,2025,77.11,48.81,14.92
S027,2025-10-03,2025,820.75,262.42,13.22
S028,2025-10-03,2025,115.82,26.41,16.27
S029,2025-10-03,2025,47.90,5.32,17.01
S030,2025-10-03,2025,379.99,419.56,12.32
S001,2025-10-04,2025,89.87,43.96,13.73
S002,2025-10-04,2025,72.95,17.42,16.54
S003,2025-10-04,2025,616.19,85.84,15.47
S004,2025-10-04,2025,123.20,85.12,11.95
S005,2025-10-04,2025,90.62,38.80,14.12
S006,2025-10-04,2025,91.46,100.05,11.65
S007,2025-10-04,2025,515.14,88.25,15.19
S008,2025-10-04,2025,17.97,13.58,12.31
S009,2025-10-04,2025,68.76,46.06,12.50
S010,2025-10-04,2025,156.96,70.74,15.27
S011,2025-10-04,2025,486.63,27.82,17.17
S012,2025-10-04,2025,44.19,17.46,15.25
S013,2025-10-04,2025,32.88,7.76,15.82
S014,2025-10-04,2025,143.39,35.09,16.51
S015,2025-10-04,2025,410.73,72.61,15.11
S016,2025-10-04,2025,32.18,17.07,13.42
S017,2025-10-04,2025,29.77,18.05,12.88
S018,2025-10-04,2025,84.24,31.06,15.67
S019,2025-10-04,2025,748.83,55.94,16.76
S020,2025-10-04,2025,38.95,27.65,12.77
S021,2025-10-04,2025,76.95,57.15,11.34
S022,2025-10-04,2025,75.82,21.12,16.41
S023,2025-10-04,2025,395.86,137.50,12.98
S024,2025-10-04,2025,22.21,4.12,16.65
S025,2025-10-04,2025,109.56,38.72,14.84
S026,2025-10-04,2025,49.43,57.10,12.18
S027,2025-10-04,2025,530.90,99.91,15.06
S028,2025-10-04,2025,69.78,55.63,12.68
S029,2025-10-04,2025,36.75,13.46,14.09
S030,2025-10-04,2025,259.13,187.08,13.67
S001,2025-10-05,2025,103.45,31.73,15.31
S002,2025-10-05,2025,66.13,38.77,14.91
S003,2025-10-05,2025,568.96,143.70,14.48
S004,2025-10-05,2025,119.82,36.38,15.73
S005,2025-10-05,2025,95.20,27.43,15.21
S006,2025-10-05,2025,81.79,86.47,12.39
S007,2025-10-05,2025,458.70,166.77,12.53
S008,2025-10-05,2025,18.47,14.72,12.38
S009,2025-10-05,2025,67.28,18.65,15.57
S010,2025-10-05,2025,149.49,156.77,12.02
S011,2025-10-05,2025,598.23,127.35,14.15
S012,2025-10-05,2025,41.90,17.06,14.93
S013,2025-10-05,2025,30.01,7.16,15.93
S014,2025-10-05,2025,154.09,158.18,12.27
S015,2025-10-05,2025,403.55,73.19,15.15
S016,2025-10-05,2025,31.58,22.28,12.37
S017,2025-10-05,2025,31.91,19.34,11.93
S018,2025-10-05,2025,68.69,43.98,14.36
S019,2025-10-05,2025,757.72,308.50,11.03
S020,2025-10-05,2025,43.45,35.01,11.38
S021,2025-10-05,2025,68.93,49.99,12.33
S022,2025-10-05,2025,69.14,79.37,11.07
S023,2025-10-05,2025,386.84,29.22,16.84
S024,2025-10-05,2025,25.47,10.55,14.65
S025,2025-10-05,2025,99.32,31.06,15.48
S026,2025-10-05,2025,48.58,40.71,13.81
S027,2025-10-05,2025,467.28,80.02,15.68
S028,2025-10-05,2025,70.80,24.33,15.65
S029,2025-10-05,2025,35.46,10.23,14.87
S030,2025-10-05,2025,256.41,59.43,16.71
S001,2025-10-06,2025,168.16,117.50,11.26
S002,2025-10-06,2025,106.68,92.61,13.27
S003,2025-10-06,2025,1050.26,132.58,15.87
S004,2025-10-06,2025,171.98,87.83,14.45
S005,2025-10-06,2025,142.51,23.71,16.56
S006,2025-10-06,2025,154.59,71.27,15.07
S007,2025-10-06,2025,756.80,146.53,15.38
S008,2025-10-06,2025,28.16,21.34,13.22
S009,2025-10-06,2025,116.74,46.71,14.11
S010,2025-10-06,2025,229.84,121.32,15.11
S011,2025-10-06,2025,846.13,257.03,12.87
S012,2025-10-06,2025,78.26,29.14,15.13
S013,2025-10-06,2025,57.56,42.19,11.39
S014,2025-10-06,2025,210.87,100.22,15.68
S015,2025-10-06,2025,744.93,184.60,13.24
S016,2025-10-06,2025,52.39,37.03,12.80
S017,2025-10-06,2025,48.72,9.62,16.01
S018,2025-10-06,2025,125.37,61.36,15.05
S019,2025-10-06,2025,996.89,205.63,15.15
S020,2025-10-06,2025,72.45,50.09,12.80
S021,2025-10-06,2025,111.05,35.10,15.51
S022,2025-10-06,2025,119.54,87.92,13.40
S023,2025-10-06,2025,615.54,227.99,12.92
S024,2025-10-06,2025,42.28,29.77,12.68
S025,2025-10-06,2025,184.44,23.94,16.71
S026,2025-10-06,2025,89.54,61.95,13.37
S027,2025-10-06,2025,759.03,87.95,16.27
S028,2025-10-06,2025,139.56,97.92,12.10
S029,2025-10-06,2025,49.14,40.22,11.11
,,,,,
S001,2025-10-07,2025,167.48,112.81,11.41
S002,2025-10-07,2025,109.90,118.96,12.10
S003,2025-10-07,2025,951.29,379.12,11.80
S004,2025-10-07,2025,177.72,52.11,15.67
S005,2025-10-07,2025,156.54,40.92,15.34
S006,2025-10-07,2025,161.33,71.29,15.20
S007,2025-10-07,2025,820.94,359.62,11.29
S008,2025-10-07,2025,33.17,11.59,15.30
S009,2025-10-07,2025,115.53,33.27,15.64
S010,2025-10-07,2025,250.94,124.83,14.62
S011,2025-10-07,2025,806.64,345.90,12.00
S012,2025-10-07,2025,77.73,18.57,16.20
S013,2025-10-07,2025,55.62,35.05,11.53
S014,2025-10-07,2025,221.66,220.81,13.03
S015,2025-10-07,2025,691.27,263.70,11.95
S016,2025-10-07,2025,49.95,49.64,10.67
S017,2025-10-07,2025,50.60,16.47,15.02
S018,2025-10-07,2025,134.90,122.49,12.43
S019,2025-10-07,2025,1159.36,416.18,11.63
S020,2025-10-07,2025,76.36,52.74,12.36
S021,2025-10-07,2025,131.35,33.60,15.46
S022,2025-10-07,2025,124.92,92.87,13.33
S023,2025-10-07,2025,673.30,87.91,15.92
S024,2025-10-07,2025,42.02,32.57,11.50
S025,2025-10-07,2025,179.01,79.53,13.58
S026,2025-10-07,2025,85.64,81.48,11.83
S027,2025-10-07,2025,850.77,299.50,12.86
S028,2025-10-07,2025,125.26,78.76,13.18
S029,2025-10-07,2025,47.61,28.97,12.82
S030,2025-10-07,2025,384.82,172.74,15.40
S001,2025-10-08,2025,163.27,111.20,12.01
S002,2025-10-08,2025,102.33,73.84,14.05
S003,2025-10-08,2025,1020.87,290.68,13.10
S004,2025-10-08,2025,176.75,143.10,12.41
S005,2025-10-08,2025,161.31,46.25,14.87
S006,2025-10-08,2025,158.51,138.09,12.61
S007,2025-10-08,2025,771.13,248.38,12.77
S008,2025-10-08,2025,31.12,28.25,11.89
S009,2025-10-08,2025,119.85,38.77,14.97
S010,2025-10-08,2025,209.36,280.08,11.52
S011,2025-10-08,2025,invalid,294.31,12.29
S012,2025-10-08,2025,73.83,36.02,14.30
S013,2025-10-08,2025,48.92,24.84,13.50
S014,2025-10-08,2025,248.70,70.04,16.37
S015,2025-10-08,2025,670.01,238.25,12.08
S016,2025-10-08,2025,48.03,20.63,14.76
S017,2025-10-08,2025,51.83,11.74,15.84
S018,2025-10-08,2025,134.69,141.14,11.26
S019,2025-10-08,2025,973.78,133.82,16.15
S020,2025-10-08,2025,65.40,50.27,12.49
S021,2025-10-08,2025,137.04,45.86,14.87
S022,2025-10-08,2025,120.53,144.78,10.83
S023,2025-10-08,2025,invalid,174.08,14.12
S024,2025-10-08,2025,37.90,18.22,14.30
S025,2025-10-08,2025,193.20,43.89,15.55
S026,2025-10-08,2025,81.32,105.79,11.29
S027,2025-10-08,2025,920.79,158.46,14.90
S028,2025-10-08,2025,120.00,61.18,14.04
S029,2025-10-08,2025,57.99,43.46,10.55
S030,2025-10-08,2025,366.83,402.11,11.85
S001,2025-10-09,2025,150.66,102.09,12.61
S002,2025-10-09,2025,113.47,75.71,14.26
S003,2025-10-09,2025,851.01,346.01,12.32
S004,2025-10-09,2025,177.08,139.44,12.49
S005,2025-10-09,2025,154.84,51.64,14.99
S006,2025-10-09,2025,148.40,78.09,14.89
S007,2025-10-09,2025,805.44,316.86,11.83
S008,2025-10-09,2025,35.11,23.82,12.26
S009,2025-10-09,2025,124.33,102.28,10.44
S010,2025-10-09,2025,232.71,128.38,14.80
S011,2025-10-09,2025,776.31,115.27,15.77
S012,2025-10-09,2025,78.92,29.96,14.90
S013,2025-10-09,2025,56.02,13.13,15.70
S014,2025-10-09,2025,222.17,279.25,10.48
S015,2025-10-09,2025,685.66,94.09,15.75
S016,2025-10-09,2025,50.72,12.76,16.03
S017,2025-10-09,2025,46.30,40.32,10.80
S018,2025-10-09,2025,127.89,88.28,14.02
S019,2025-10-09,2025,1006.04,161.51,15.55
S020,2025-10-09,2025,71.00,19.48,15.72
S021,2025-10-09,2025,135.51,84.72,11.61
S022,2025-10-09,2025,112.52,140.62,11.34
S023,2025-10-09,2025,648.42,199.95,13.15
S024,2025-10-09,2025,39.76,33.51,11.82
S025,2025-10-09,2025,157.06,52.39,15.46
S026,2025-10-09,2025,77.82,58.21,13.78
S027,2025-10-09,2025,775.80,403.75,10.56
S028,2025-10-09,2025,123.93,106.13,12.13
S029,2025-10-09,2025,49.73,17.32,15.03
S030,2025-10-09,2025,430.64,353.11,13.35
S001,2025-10-10,2025,154.24,71.17,13.88
S002,2025-10-10,2025,108.30,42.98,15.56
S003,2025-10-10,2025,951.95,371.53,11.41
S004,2025-10-10,2025,189.95,165.41,10.86
S005,2025-10-10,2025,135.83,78.99,12.73
S006,2025-10-10,2025,158.47,62.18,15.47
S007,2025-10-10,2025,884.13,405.28,10.50
S008,2025-10-10,2025,30.14,28.71,11.39
S009,2025-10-10,2025,121.80,66.70,12.80
S010,2025-10-10,2025,251.44,287.78,11.25
S011,2025-10-10,2025,880.88,246.54,13.58
S012,2025-10-10,2025,66.96,29.91,15.20
S013,2025-10-10,2025,51.25,30.89,12.18
S014,2025-10-10,2025,235.13,219.10,13.01
S015,2025-10-10,2025,603.97,293.79,11.42
S016,2025-10-10,2025,52.68,25.54,13.78
S017,2025-10-10,2025,48.45,18.02,14.22
S018,2025-10-10,2025,120.93,81.28,13.84
S019,2025-10-10,2025,1074.12,326.65,13.22
S020,2025-10-10,2025,69.08,40.26,13.54
S021,2025-10-10,2025,121.98,26.18,15.85
S022,2025-10-10,2025,119.90,71.48,14.26
S023,2025-10-10,2025,751.07,310.55,11.07
S024,2025-10-10,2025,44.92,14.72,15.01
S025,2025-10-10,2025,166.98,136.77,11.03
S026,2025-10-10,2025,77.23,54.02,14.61
S027,2025-10-10,2025,748.15,105.63,15.90
S028,2025-10-10,2025,124.43,111.19,11.31
S029,2025-10-10,2025,57.71,13.90,15.56
S030,2025-10-10,2025,431.35,532.10,11.07
S001,2025-10-11,2025,99.02,79.69,11.02
S002,2025-10-11,2025,70.86,81.80,11.21
S003,2025-10-11,2025,539.55,281.81,10.31
S004,2025-10-11,2025,119.49,77.22,12.91
S005,2025-10-11,2025,96.84,43.98,13.58
S006,2025-10-11,2025,96.42,85.20,11.99
S007,2025-10-11,2025,519.74,225.39,10.82
S008,2025-10-11,2025,20.04,19.83,10.66
S009,2025-10-11,2025,68.00,57.15,10.89
S010,2025-10-11,2025,161.52,148.32,11.55
S011,2025-10-11,2025,519.61,175.14,12.38
S012,2025-10-11,2025,43.12,43.25,11.59
S013,2025-10-11,2025,34.93,11.76,14.64
S014,2025-10-11,2025,132.28,118.92,12.99
S015,2025-10-11,2025,440.88,130.02,13.20
S016,2025-10-11,2025,30.05,26.10,11.23
S017,2025-10-11,2025,28.21,11.60,14.52
S018,2025-10-11,2025,80.07,79.43,11.43
S019,2025-10-11,2025,750.47,330.17,10.97
S020,2025-10-11,2025,44.25,37.41,11.38
S021,2025-10-11,2025,74.78,34.62,14.19
S022,2025-10-11,2025,63.48,43.96,14.26
S023,2025-10-11,2025,438.36,219.10,10.03
S024,2025-10-11,2025,23.83,17.05,12.70
S025,2025-10-11,2025,104.19,53.06,13.78
S026,2025-10-11,2025,57.24,55.30,12.11
S027,2025-10-11,2025,522.43,139.39,13.74
S028,2025-10-11,2025,71.42,71.51,11.45
S029,2025-10-11,2025,34.76,9.56,15.07
S030,2025-10-11,2025,281.79,210.94,13.31
S001,2025-10-12,2025,93.15,94.20,9.83
S002,2025-10-12,2025,67.36,39.85,14.46
S003,2025-10-12,2025,627.86,223.83,11.53
S004,2025-10-12,2025,101.50,112.08,11.21
S005,2025-10-12,2025,101.34,52.35,12.52
S006,2025-10-12,2025,99.58,114.74,11.04
S007,2025-10-12,2025,522.29,236.32,11.19
S008,2025-10-12,2025,17.90,17.40,11.24
S009,2025-10-12,2025,66.71,57.15,10.55
S010,2025-10-12,2025,131.20,163.43,11.89
S011,2025-10-12,2025,478.99,277.17,10.47
S012,2025-10-12,2025,41.76,20.31,14.36
S013,2025-10-12,2025,29.61,8.40,15.58
S014,2025-10-12,2025,142.75,100.44,14.30
S015,2025-10-12,2025,397.10,137.41,12.60
S016,2025-10-12,2025,31.31,9.95,15.40
S017,2025-10-12,2025,29.61,24.09,10.54
S018,2025-10-12,2025,73.11,34.59,15.24
S019,2025-10-12,2025,599.99,196.63,13.50
S020,2025-10-12,2025,40.46,26.36,13.11
S021,2025-10-12,2025,79.78,21.21,15.33
S022,2025-10-12,2025,72.13,42.72,14.56
S023,2025-10-12,2025,443.46,194.61,11.11
S024,2025-10-12,2025,24.08,16.99,13.23
S025,2025-10-12,2025,105.77,90.64,11.06
S026,2025-10-12,2025,48.43,49.59,12.81
S027,2025-10-12,2025,501.72,212.97,10.99
S028,2025-10-12,2025,75.48,23.96,15.45
S029,2025-10-12,2025,32.10,8.71,15.80
S030,2025-10-12,2025,278.75,308.84,11.04
S001,2025-10-13,2025,172.64,84.12,13.09
S002,2025-10-13,2025,104.95,107.74,12.42
S003,2025-10-13,2025,1033.13,507.22,10.10
S004,2025-10-13,2025,170.97,104.43,13.40
S005,2025-10-13,2025,157.72,55.03,14.81
S006,2025-10-13,2025,143.78,193.18,10.84
S007,2025-10-13,2025,801.38,329.22,12.05
S008,2025-10-13,2025,33.81,19.33,13.81
S009,2025-10-13,2025,130.17,60.83,13.20
S010,2025-10-13,2025,231.05,346.78,10.15
S011,2025-10-13,2025,899.34,168.80,14.74
S012,2025-10-13,2025,74.80,57.58,12.55
S013,2025-10-13,2025,56.77,22.77,14.11
S014,2025-10-13,2025,265.49,262.59,11.11
,,,,,
S016,2025-10-13,2025,47.28,41.51,11.99
S017,2025-10-13,2025,47.92,36.77,11.12
S018,2025-10-13,2025,132.68,133.64,12.24
S019,2025-10-13,2025,1049.78,380.08,12.64
S020,2025-10-13,2025,75.93,58.77,11.19
S021,2025-10-13,2025,126.39,66.23,13.14
S022,2025-10-13,2025,123.23,129.32,11.77
S023,2025-10-13,2025,614.89,182.87,13.76
S024,2025-10-13,2025,43.47,26.15,13.30
S025,2025-10-13,2025,183.33,144.59,9.71
S026,2025-10-13,2025,91.96,113.54,9.80
S027,2025-10-13,2025,790.36,414.43,9.80
S028,2025-10-13,2025,126.37,90.39,12.33
S029,2025-10-13,2025,54.24,49.33,10.22
S030,2025-10-13,2025,411.22,250.69,14.51
S001,2025-10-14,2025,169.94,73.56,14.05
S002,2025-10-14,2025,111.12,93.55,12.66
S003,2025-10-14,2025,921.32,371.75,11.45
S004,2025-10-14,2025,186.34,197.96,9.97
S005,2025-10-14,2025,137.78,84.32,12.66
S006,2025-10-14,2025,147.20,196.56,9.94
S007,2025-10-14,2025,729.83,250.97,13.42
S008,2025-10-14,2025,28.61,22.57,13.07
S009,2025-10-14,2025,122.62,107.52,10.36
S010,2025-10-14,2025,248.23,130.27,15.00
S011,2025-10-14,2025,808.16,155.85,15.00
S012,2025-10-14,2025,65.82,71.57,10.01
S013,2025-10-14,2025,48.80,21.58,14.13
S014,2025-10-14,2025,238.41,331.11,10.24
S015,2025-10-14,2025,599.24,148.78,14.58
S016,2025-10-14,2025,50.84,37.03,12.12
S017,2025-10-14,2025,53.79,41.79,10.35
S018,2025-10-14,2025,132.76,87.73,13.73
S019,2025-10-14,2025,1150.74,186.42,15.36
S020,2025-10-14,2025,64.33,53.51,12.67
S021,2025-10-14,2025,121.94,94.50,11.18
S022,2025-10-14,2025,122.20,147.81,10.12
S023,2025-10-14,2025,602.72,141.50,14.46
S024,2025-10-14,2025,43.12,20.25,14.20
S025,2025-10-14,2025,163.57,154.96,9.88
S026,2025-10-14,2025,92.49,108.21,10.19
S027,2025-10-14,2025,935.79,335.06,11.37
S028,2025-10-14,2025,119.90,78.43,12.95
S029,2025-10-14,2025,47.56,18.24,14.73
S030,2025-10-14,2025,423.32,520.49,10.76
S001,2025-10-15,2025,178.89,74.96,13.92
S002,2025-10-15,2025,109.87,53.67,15.27
S003,2025-10-15,2025,929.15,172.07,15.13
S004,2025-10-15,2025,187.50,194.63,9.44
S005,2025-10-15,2025,136.56,107.14,10.87
S006,2025-10-15,2025,162.43,137.12,12.64
S007,2025-10-15,2025,811.86,188.81,14.19
S008,2025-10-15,2025,30.81,19.13,12.99
S009,2025-10-15,2025,111.81,76.02,12.06
S010,2025-10-15,2025,244.44,149.44,14.28
S011,2025-10-15,2025,846.56,319.24,11.57
S012,2025-10-15,2025,73.30,57.24,12.52
S013,2025-10-15,2025,48.53,28.60,13.02
S014,2025-10-15,2025,227.24,358.13,9.61
S015,2025-10-15,2025,622.83,159.34,14.48
S016,2025-10-15,2025,51.01,34.72,12.93
S017,2025-10-15,2025,51.33,26.54,13.03
S018,2025-10-15,2025,132.29,61.81,14.83
S019,2025-10-15,2025,1005.38,568.78,9.56
S020,2025-10-15,2025,76.41,40.35,13.93
S021,2025-10-15,2025,134.17,77.76,12.49
,,,,,
S023,2025-10-15,2025,651.44,269.37,12.23
S024,2025-10-15,2025,38.30,20.61,13.94
S025,2025-10-15,2025,160.69,65.67,14.82
S026,2025-10-15,2025,76.20,55.46,14.45
S027,2025-10-15,2025,893.70,378.01,11.40
S028,2025-10-15,2025,115.06,127.61,10.06
S029,2025-10-15,2025,52.85,34.62,12.25
S030,2025-10-15,2025,456.85,189.13,15.01
S001,2025-10-16,2025,155.78,102.59,12.32
S002,2025-10-16,2025,108.55,105.21,12.84
S003,2025-10-16,2025,923.62,436.72,11.04
S004,2025-10-16,2025,176.49,195.52,9.65
S005,2025-10-16,2025,147.36,126.65,10.47
S006,2025-10-16,2025,150.28,150.59,11.93
S007,2025-10-16,2025,779.20,283.83,12.66
S008,2025-10-16,2025,29.20,24.58,12.65
S009,2025-10-16,2025,119.79,53.72,14.01
S010,2025-10-16,2025,207.53,191.43,13.45
S011,2025-10-16,2025,956.38,334.17,11.72
S012,2025-10-16,2025,67.20,59.38,11.57
S013,2025-10-16,2025,54.24,42.55,9.95
S014,2025-10-16,2025,259.74,173.62,13.44
S015,2025-10-16,2025,667.47,307.78,10.38
S016,2025-10-16,2025,54.76,52.78,10.68
S017,2025-10-16,2025,45.89,34.65,10.85
S018,2025-10-16,2025,135.85,98.73,13.69
S019,2025-10-16,2025,1095.74,561.81,10.36
S020,2025-10-16,2025,64.83,46.03,13.33
S021,2025-10-16,2025,134.98,69.66,12.31
S022,2025-10-16,2025,106.30,143.30,10.51
S023,2025-10-16,2025,681.28,170.82,13.90
S024,2025-10-16,2025,43.96,31.75,11.71
S025,2025-10-16,2025,189.83,147.15,9.84
S026,2025-10-16,2025,84.41,68.50,13.38
S027,2025-10-16,2025,900.54,311.30,12.57
S028,2025-10-16,2025,125.42,106.97,11.76
S029,2025-10-16,2025,56.59,40.84,10.69
S030,2025-10-16,2025,386.74,621.85,9.63
S001,2025-10-17,2025,154.52,141.12,9.49
S002,2025-10-17,2025,118.52,131.31,10.42
S003,2025-10-17,2025,972.12,433.25,10.22
S004,2025-10-17,2025,200.69,101.63,13.96
S005,2025-10-17,2025,161.98,95.00,11.40
S006,2025-10-17,2025,151.84,163.35,11.20
S007,2025-10-17,2025,798.16,176.70,14.52
S008,2025-10-17,2025,28.62,28.06,11.48
S009,2025-10-17,2025,136.04,63.43,13.46
S010,2025-10-17,2025,211.62,140.21,14.27
S011,2025-10-17,2025,954.71,315.22,12.55
S012,2025-10-17,2025,80.69,80.65,9.70
S013,2025-10-17,2025,58.58,52.94,9.36
S014,2025-10-17,2025,257.46,293.22,10.99
S015,2025-10-17,2025,729.89,339.40,9.70
S016,2025-10-17,2025,46.88,29.08,13.89
S017,2025-10-17,2025,invalid,20.03,14.53
S018,2025-10-17,2025,115.37,109.34,13.08
S019,2025-10-17,2025,1214.89,275.63,13.92
S020,2025-10-17,2025,78.84,45.89,12.68
S021,2025-10-17,2025,128.78,116.58,9.94
S022,2025-10-17,2025,128.24,135.88,11.51
S023,2025-10-17,2025,614.90,155.72,14.24
S024,2025-10-17,2025,36.08,39.85,9.91
S025,2025-10-17,2025,181.53,106.33,12.79
S026,2025-10-17,2025,91.48,101.49,10.82
S027,2025-10-17,2025,821.92,495.90,9.39
S028,2025-10-17,2025,134.74,96.09,12.60
S029,2025-10-17,2025,58.81,24.88,13.55
S030,2025-10-17,2025,410.29,633.33,9.63
S001,2025-10-18,2025,111.35,42.65,14.17
S002,2025-10-18,2025,62.09,99.39,9.35
S003,2025-10-18,2025,641.72,171.89,13.11
S004,2025-10-18,2025,124.09,133.08,9.31
S005,2025-10-18,2025,82.48,76.80,10.66
S006,2025-10-18,2025,96.71,76.92,12.66
S007,2025-10-18,2025,490.72,260.09,8.97
S008,2025-10-18,2025,19.38,20.49,9.57
S009,2025-10-18,2025,72.05,36.95,13.62
S010,2025-10-18,2025,158.42,159.86,11.52
S011,2025-10-18,2025,501.25,113.91,14.60
S012,2025-10-18,2025,45.74,38.33,12.11
S013,2025-10-18,2025,29.87,13.58,14.24
S014,2025-10-18,2025,141.26,178.35,11.59
S015,2025-10-18,2025,374.21,114.45,13.16
S016,2025-10-18,2025,30.31,17.81,13.29
S017,2025-10-18,2025,31.68,16.48,13.25
S018,2025-10-18,2025,70.98,102.18,10.35
S019,2025-10-18,2025,755.20,137.22,14.48
S020,2025-10-18,2025,48.00,25.72,13.82
S021,2025-10-18,2025,78.85,30.91,14.21
S022,2025-10-18,2025,65.79,54.86,13.65
S023,2025-10-18,2025,424.46,208.03,9.98
S024,2025-10-18,2025,22.86,19.04,11.88
S025,2025-10-18,2025,107.18,84.08,10.37
S026,2025-10-18,2025,56.33,75.48,9.16
S027,2025-10-18,2025,483.07,109.99,14.57
S028,2025-10-18,2025,70.96,68.87,11.69
,,,,,
S030,2025-10-18,2025,248.73,363.78,9.91
S001,2025-10-19,2025,113.37,89.53,9.91
S002,2025-10-19,2025,61.17,94.19,9.81
S003,2025-10-19,2025,594.19,201.34,12.26
S004,2025-10-19,2025,102.37,114.78,10.39
S005,2025-10-19,2025,84.91,44.64,13.46
S006,2025-10-19,2025,94.46,107.96,10.57
S007,2025-10-19,2025,521.95,237.28,9.97
S008,2025-10-19,2025,18.07,16.94,11.36
S009,2025-10-19,2025,68.04,51.35,11.67
S010,2025-10-19,2025,156.15,183.04,10.58
S011,2025-10-19,2025,515.90,120.61,14.10
S012,2025-10-19,2025,49.68,37.48,11.62
S013,2025-10-19,2025,34.55,24.62,11.56
S014,2025-10-19,2025,140.39,83.42,14.54
S015,2025-10-19,2025,412.20,193.17,11.18
S016,2025-10-19,2025,34.19,34.20,9.68
S017,2025-10-19,2025,29.10,19.37,11.90
S018,2025-10-19,2025,81.95,98.65,10.63
S019,2025-10-19,2025,644.72,240.13,12.75
S020,2025-10-19,2025,45.44,36.49,12.26
S021,2025-10-19,2025,78.28,34.19,13.75
S022,2025-10-19,2025,72.31,55.31,13.81
S023,2025-10-19,2025,398.33,184.55,10.79
S024,2025-10-19,2025,27.97,33.00,8.62
S025,2025-10-19,2025,105.69,52.55,13.54
S026,2025-10-19,2025,58.74,50.85,12.55
S027,2025-10-19,2025,488.92,202.58,12.04
S028,2025-10-19,2025,84.22,41.97,14.12
S029,2025-10-19,2025,32.54,22.67,11.36
S030,2025-10-19,2025,243.56,396.71,9.09
S001,2025-10-20,2025,150.51,75.89,13.88
S002,2025-10-20,2025,116.95,84.87,13.22
S003,2025-10-20,2025,979.18,371.53,11.48
S004,2025-10-20,2025,197.65,215.21,9.72
S005,2025-10-20,2025,161.20,113.48,10.73
S006,2025-10-20,2025,145.51,131.99,12.61
S007,2025-10-20,2025,752.42,383.66,10.00
S008,2025-10-20,2025,34.07,24.48,11.84
S009,2025-10-20,2025,124.34,51.14,14.04
S010,2025-10-20,2025,243.13,158.07,13.71
S011,2025-10-20,2025,841.23,458.17,10.30
S012,2025-10-20,2025,74.83,88.53,8.59
S013,2025-10-20,2025,48.36,51.83,9.12
S014,2025-10-20,2025,248.15,271.07,11.12
S015,2025-10-20,2025,649.39,281.78,11.07
S016,2025-10-20,2025,44.87,33.37,13.36
S017,2025-10-20,2025,46.16,39.20,11.10
S018,2025-10-20,2025,130.28,107.84,13.05
S019,2025-10-20,2025,1085.64,540.25,10.66
S020,2025-10-20,2025,62.95,38.89,13.47
S021,2025-10-20,2025,127.69,55.52,13.42
S022,2025-10-20,2025,108.87,154.52,9.88
S023,2025-10-20,2025,755.33,420.23,8.91
S024,2025-10-20,2025,44.34,24.14,13.14
S025,2025-10-20,2025,168.47,144.87,9.92
S026,2025-10-20,2025,90.21,65.28,13.47
S027,2025-10-20,2025,766.37,243.21,13.74
S028,2025-10-20,2025,126.92,61.52,14.30
S029,2025-10-20,2025,54.58,26.04,13.67
S030,2025-10-20,2025,409.25,578.72,9.63
S001,2025-10-21,2025,152.97,142.24,10.41
S002,2025-10-21,2025,121.95,110.40,12.29
S003,2025-10-21,2025,891.22,258.35,13.80
S004,2025-10-21,2025,204.64,220.44,9.83
S005,2025-10-21,2025,139.34,61.74,14.25
S006,2025-10-21,2025,140.89,236.10,9.20
S007,2025-10-21,2025,739.29,293.30,12.81
S008,2025-10-21,2025,31.03,35.81,8.61
S009,2025-10-21,2025,126.72,58.04,13.69
S010,2025-10-21,2025,240.12,337.62,9.15
S011,2025-10-21,2025,899.62,229.16,14.08
S012,2025-10-21,2025,69.65,85.02,8.79
S013,2025-10-21,2025,47.98,39.42,11.26
S014,2025-10-21,2025,212.78,285.81,11.42
S015,2025-10-21,2025,670.66,276.94,11.21
S016,2025-10-21,2025,43.71,55.31,9.28
S017,2025-10-21,2025,50.67,20.25,14.26
S018,2025-10-21,2025,122.73,109.18,12.91
S019,2025-10-21,2025,1091.96,658.37,8.96
S020,2025-10-21,2025,78.91,51.48,12.82
S021,2025-10-21,2025,136.42,82.37,11.51
S022,2025-10-21,2025,126.18,146.23,10.58
S023,2025-10-21,2025,707.14,209.91,13.31
S024,2025-10-21,2025,44.93,21.17,13.73
S025,2025-10-21,2025,175.22,160.56,9.72
,,,,,
S027,2025-10-21,2025,901.32,268.75,12.57
S028,2025-10-21,2025,112.78,101.42,11.51
S029,2025-10-21,2025,56.85,33.74,11.72
S030,2025-10-21,2025,424.71,680.43,8.96
S001,2025-10-22,2025,146.07,183.29,8.60
S002,2025-10-22,2025,104.17,125.47,11.10
S003,2025-10-22,2025,1038.59,388.57,11.46
S004,2025-10-22,2025,185.45,223.82,9.53
S005,2025-10-22,2025,163.04,93.01,12.65
S006,2025-10-22,2025,148.74,230.65,8.22
S007,2025-10-22,2025,867.43,208.85,13.93
S008,2025-10-22,2025,31.54,37.73,8.18
S009,2025-10-22,2025,116.52,84.87,11.83
S010,2025-10-22,2025,253.57,311.89,10.27
S011,2025-10-22,2025,882.26,416.66,9.83
S012,2025-10-22,2025,79.03,72.17,10.41
S013,2025-10-22,2025,59.42,45.58,9.30
S014,2025-10-22,2025,229.98,254.57,11.88
S015,2025-10-22,2025,722.99,248.80,11.70
S016,2025-10-22,2025,51.91,40.88,11.35
S017,2025-10-22,2025,43.30,32.81,11.42
S018,2025-10-22,2025,128.06,160.83,9.96
S019,2025-10-22,2025,1117.12,609.25,9.75
S020,2025-10-22,2025,71.07,60.70,11.26
S021,2025-10-22,2025,116.63,90.30,10.81
S022,2025-10-22,2025,107.47,93.33,12.97
S023,2025-10-22,2025,653.00,167.54,13.71
S024,2025-10-22,2025,45.40,29.32,12.40
S025,2025-10-22,2025,188.78,74.06,13.87
S026,2025-10-22,2025,81.27,80.76,12.62
S027,2025-10-22,2025,770.06,287.30,12.13
S028,2025-10-22,2025,132.85,82.19,13.34
S029,2025-10-22,2025,53.00,32.31,12.35
,,,,,
S001,2025-10-23,2025,170.42,117.86,11.85
S002,2025-10-23,2025,102.64,82.14,13.28
S003,2025-10-23,2025,904.98,462.28,9.74
S004,2025-10-23,2025,191.62,143.23,12.13
S005,2025-10-23,2025,145.17,91.93,11.84
S006,2025-10-23,2025,134.89,169.64,10.61
S007,2025-10-23,2025,869.32,308.09,12.30
S008,2025-10-23,2025,33.03,19.45,13.27
S009,2025-10-23,2025,130.55,71.76,12.61
S010,2025-10-23,2025,249.42,219.33,12.50
S011,2025-10-23,2025,807.43,238.59,13.82
S012,2025-10-23,2025,76.64,53.47,12.57
S013,2025-10-23,2025,50.76,42.14,11.31
S014,2025-10-23,2025,260.56,305.76,9.89
S015,2025-10-23,2025,638.19,227.44,12.91
S016,2025-10-23,2025,52.45,53.75,9.83
S017,2025-10-23,2025,43.85,44.66,8.61
S018,2025-10-23,2025,110.47,159.81,11.05
S019,2025-10-23,2025,1213.83,517.10,10.49
S020,2025-10-23,2025,70.49,61.90,11.09
S021,2025-10-23,2025,125.92,72.32,12.29
S022,2025-10-23,2025,118.72,115.50,12.09
S023,2025-10-23,2025,609.76,348.94,10.18
S024,2025-10-23,2025,40.01,49.24,8.25
S025,2025-10-23,2025,170.80,145.73,10.12
S026,2025-10-23,2025,80.70,74.67,13.03
S027,2025-10-23,2025,825.92,461.11,8.95
S028,2025-10-23,2025,135.19,76.42,13.77
S029,2025-10-23,2025,58.96,30.20,13.26
S030,2025-10-23,2025,376.52,473.66,10.90
S001,2025-10-24,2025,169.25,98.67,12.00
S002,2025-10-24,2025,101.60,166.07,9.08
S003,2025-10-24,2025,1049.27,302.37,13.42
S004,2025-10-24,2025,164.32,246.91,8.15
S005,2025-10-24,2025,135.17,119.30,9.82
S006,2025-10-24,2025,140.00,205.40,10.26
S007,2025-10-24,2025,749.98,286.95,12.26
S008,2025-10-24,2025,33.07,21.43,13.30
S009,2025-10-24,2025,116.58,104.09,10.72
S010,2025-10-24,2025,218.28,319.25,10.27
S011,2025-10-24,2025,900.42,328.59,11.83
S012,2025-10-24,2025,67.86,50.41,12.89
S013,2025-10-24,2025,53.29,38.08,11.15
S014,2025-10-24,2025,216.38,269.79,11.50
S015,2025-10-24,2025,732.57,413.38,9.05
S016,2025-10-24,2025,46.13,66.85,7.93
S017,2025-10-24,2025,invalid,35.90,10.46
S018,2025-10-24,2025,123.86,102.94,13.00
S019,2025-10-24,2025,1089.72,419.50,12.16
S020,2025-10-24,2025,65.69,75.34,10.20
S021,2025-10-24,2025,117.56,128.89,8.00
S022,2025-10-24,2025,125.64,178.00,8.93
S023,2025-10-24,2025,667.75,237.54,12.88
S024,2025-10-24,2025,41.04,41.96,10.78
S025,2025-10-24,2025,176.96,204.07,7.84
S026,2025-10-24,2025,86.46,111.73,10.59
S027,2025-10-24,2025,836.06,260.20,13.36
S028,2025-10-24,2025,114.15,73.84,13.45
S029,2025-10-24,2025,57.07,29.24,12.85
S030,2025-10-24,2025,395.42,653.06,7.83
S001,2025-10-25,2025,107.08,89.80,9.52
S002,2025-10-25,2025,69.59,86.82,9.95
S003,2025-10-25,2025,537.60,259.31,11.40
S004,2025-10-25,2025,123.58,97.33,11.92
S005,2025-10-25,2025,83.57,56.61,12.42
S006,2025-10-25,2025,85.05,143.85,9.19
S007,2025-10-25,2025,563.85,241.81,9.95
S008,2025-10-25,2025,18.30,20.36,9.93
S009,2025-10-25,2025,79.82,78.98,8.28
S010,2025-10-25,2025,154.65,173.52,11.66
S011,2025-10-25,2025,597.14,294.32,8.67
S012,2025-10-25,2025,44.41,29.36,12.73
S013,2025-10-25,2025,36.28,19.72,12.73
S014,2025-10-25,2025,142.78,144.43,12.24
S015,2025-10-25,2025,406.03,282.18,7.94
S016,2025-10-25,2025,29.40,38.25,8.07
S017,2025-10-25,2025,33.37,18.59,11.96
S018,2025-10-25,2025,72.14,138.70,8.43
S019,2025-10-25,2025,624.91,415.07,7.69
S020,2025-10-25,2025,44.53,43.66,10.77
S021,2025-10-25,2025,71.01,63.28,9.71
S022,2025-10-25,2025,68.58,94.28,10.44
S023,2025-10-25,2025,420.38,163.20,11.79
S024,2025-10-25,2025,24.33,27.96,9.68
S025,2025-10-25,2025,103.68,96.57,9.38
S026,2025-10-25,2025,49.33,46.74,12.56
S027,2025-10-25,2025,568.13,279.39,10.30
S028,2025-10-25,2025,73.68,100.34,7.94
S029,2025-10-25,2025,35.43,31.07,9.67
S030,2025-10-25,2025,250.14,394.14,9.22
S001,2025-10-26,2025,96.87,89.18,10.65
S002,2025-10-26,2025,74.15,76.96,10.70
S003,2025-10-26,2025,569.44,280.07,9.87
S004,2025-10-26,2025,108.11,118.72,10.80
S005,2025-10-26,2025,83.61,55.16,12.42
S006,2025-10-26,2025,85.84,81.67,12.46
S007,2025-10-26,2025,487.40,249.99,10.14
S008,2025-10-26,2025,20.81,21.55,9.56
S009,2025-10-26,2025,68.64,76.97,7.86
S010,2025-10-26,2025,158.87,214.13,8.88
S011,2025-10-26,2025,594.13,346.72,8.49
S012,2025-10-26,2025,47.69,65.59,7.89
S013,2025-10-26,2025,35.60,32.92,7.96
S014,2025-10-26,2025,143.35,279.01,7.77
S015,2025-10-26,2025,410.20,230.53,9.30
S016,2025-10-26,2025,28.66,20.46,13.33
S017,2025-10-26,2025,33.17,15.99,13.04
S018,2025-10-26,2025,78.14,75.57,12.65
S019,2025-10-26,2025,invalid,330.65,10.03
S020,2025-10-26,2025,46.93,58.44,8.08
S021,2025-10-26,2025,67.87,67.03,9.41
S022,2025-10-26,2025,71.86,109.95,8.38
S023,2025-10-26,2025,439.72,131.75,13.22
S024,2025-10-26,2025,22.60,15.29,13.24
S025,2025-10-26,2025,99.45,109.65,8.54
S026,2025-10-26,2025,47.16,75.59,8.80
S027,2025-10-26,2025,495.33,314.85,8.37
S028,2025-10-26,2025,71.74,60.74,12.38
S029,2025-10-26,2025,29.76,31.13,8.64
S030,2025-10-26,2025,223.77,407.09,8.84
S001,2025-10-27,2025,160.11,164.44,9.48
S002,2025-10-27,2025,118.12,139.89,11.14
S003,2025-10-27,2025,1041.43,515.35,9.30
S004,2025-10-27,2025,196.42,236.39,7.91
S005,2025-10-27,2025,158.44,85.69,12.20
S006,2025-10-27,2025,165.48,126.07,12.84
S007,2025-10-27,2025,769.93,352.44,10.93
S008,2025-10-27,2025,32.61,30.95,10.33
S009,2025-10-27,2025,122.45,78.69,12.19
S010,2025-10-27,2025,227.27,364.12,9.78
S011,2025-10-27,2025,764.10,500.69,8.03
S012,2025-10-27,2025,74.06,60.39,11.39
S013,2025-10-27,2025,51.10,39.43,11.76
S014,2025-10-27,2025,215.05,292.65,11.47
S015,2025-10-27,2025,733.55,290.28,10.99
S016,2025-10-27,2025,53.42,60.04,9.10
S017,2025-10-27,2025,48.38,47.50,8.71
S018,2025-10-27,2025,121.30,232.10,7.78
S019,2025-10-27,2025,1078.81,377.46,12.73
S020,2025-10-27,2025,69.85,72.87,10.05
S021,2025-10-27,2025,126.22,104.65,10.46
S022,2025-10-27,2025,126.41,142.90,11.25
S023,2025-10-27,2025,599.15,278.90,11.18
S024,2025-10-27,2025,39.55,46.55,9.86
S025,2025-10-27,2025,196.52,186.13,9.02
S026,2025-10-27,2025,82.75,82.66,11.92
S027,2025-10-27,2025,937.66,377.74,10.23
S028,2025-10-27,2025,126.15,189.19,7.49
S029,2025-10-27,2025,56.46,49.57,9.10
S030,2025-10-27,2025,410.41,552.21,9.28
S001,2025-10-28,2025,180.76,174.59,7.97
S002,2025-10-28,2025,99.19,216.35,7.35
S003,2025-10-28,2025,990.57,377.72,11.39
S004,2025-10-28,2025,190.27,257.53,7.52
S005,2025-10-28,2025,156.14,116.33,11.08
S006,2025-10-28,2025,145.77,235.98,9.04
S007,2025-10-28,2025,897.37,434.93,8.96
S008,2025-10-28,2025,32.91,39.73,9.40
S009,2025-10-28,2025,122.31,102.02,9.95
S010,2025-10-28,2025,259.98,422.63,8.46
S011,2025-10-28,2025,910.24,318.89,12.35
S012,2025-10-28,2025,83.01,58.81,12.38
S013,2025-10-28,2025,52.40,30.81,12.81
S014,2025-10-28,2025,249.29,212.00,12.38
S015,2025-10-28,2025,635.72,383.39,9.08
S016,2025-10-28,2025,47.02,49.10,9.91
S017,2025-10-28,2025,53.24,29.46,12.10
S018,2025-10-28,2025,133.87,221.89,7.24
S019,2025-10-28,2025,1158.17,466.23,11.33
S020,2025-10-28,2025,63.39,55.39,12.35
S021,2025-10-28,2025,127.84,117.73,10.03
S022,2025-10-28,2025,122.72,188.12,7.64
S023,2025-10-28,2025,720.30,468.42,7.23
S024,2025-10-28,2025,42.93,55.83,8.57
S025,2025-10-28,2025,165.41,191.77,7.36
S026,2025-10-28,2025,83.15,130.10,9.02
S027,2025-10-28,2025,944.96,514.12,8.83
,,,,,
S029,2025-10-28,2025,53.78,46.47,9.20
S030,2025-10-28,2025,446.97,353.40,12.92
S001,2025-10-29,2025,173.59,115.87,11.81
S002,2025-10-29,2025,114.71,141.28,9.63
S003,2025-10-29,2025,1026.85,680.29,7.64
S004,2025-10-29,2025,200.12,138.70,12.01
S005,2025-10-29,2025,161.25,170.91,7.85
S006,2025-10-29,2025,134.55,269.49,7.94
S007,2025-10-29,2025,886.18,481.03,8.09
S008,2025-10-29,2025,31.93,21.34,12.56
S009,2025-10-29,2025,135.87,102.90,9.54
S010,2025-10-29,2025,217.79,345.30,8.57
S011,2025-10-29,2025,897.70,494.43,9.53
S012,2025-10-29,2025,71.85,97.87,7.91
S013,2025-10-29,2025,54.03,34.86,12.19
S014,2025-10-29,2025,244.68,415.63,7.50
S015,2025-10-29,2025,593.66,436.08,7.56
S016,2025-10-29,2025,52.52,39.32,11.57
S017,2025-10-29,2025,45.59,52.87,7.50
S018,2025-10-29,2025,127.00,157.61,10.45
S019,2025-10-29,2025,1164.54,460.76,11.17
S020,2025-10-29,2025,73.29,49.80,12.53
S021,2025-10-29,2025,136.22,111.12,9.08
S022,2025-10-29,2025,122.49,123.59,12.04
S023,2025-10-29,2025,633.69,362.01,9.73
S024,2025-10-29,2025,42.30,52.60,7.97
S025,2025-10-29,2025,196.01,130.86,10.69
S026,2025-10-29,2025,76.74,117.11,9.71
S027,2025-10-29,2025,839.41,532.19,7.41
S028,2025-10-29,2025,126.17,165.31,8.39
S029,2025-10-29,2025,50.28,34.80,12.51
S030,2025-10-29,2025,366.29,556.03,9.35
S001,2025-10-30,2025,159.96,105.59,12.40
S002,2025-10-30,2025,105.87,108.03,12.23
S003,2025-10-30,2025,915.15,430.18,10.13
S004,2025-10-30,2025,176.01,160.48,10.92
S005,2025-10-30,2025,151.08,116.47,10.18
S006,2025-10-30,2025,151.98,223.70,9.22
S007,2025-10-30,2025,882.98,547.11,7.70
S008,2025-10-30,2025,28.18,42.45,7.90
S009,2025-10-30,2025,120.75,71.60,12.69
S010,2025-10-30,2025,230.38,227.09,12.04
S011,2025-10-30,2025,784.14,462.07,9.01
S012,2025-10-30,2025,76.24,95.90,8.62
S013,2025-10-30,2025,52.67,41.63,11.41
S014,2025-10-30,2025,237.06,329.83,10.56
S015,2025-10-30,2025,671.51,433.18,7.56
S016,2025-10-30,2025,48.92,39.88,11.68
S017,2025-10-30,2025,53.78,36.76,10.60
S018,2025-10-30,2025,131.02,206.67,8.26
S019,2025-10-30,2025,1216.39,578.07,10.14
S020,2025-10-30,2025,63.00,60.95,11.89
,,,,,
S022,2025-10-30,2025,113.77,157.24,10.11
S023,2025-10-30,2025,598.23,301.10,11.42
S024,2025-10-30,2025,42.01,47.32,9.13
S025,2025-10-30,2025,165.26,200.25,7.62
S026,2025-10-30,2025,83.82,79.78,12.63
S027,2025-10-30,2025,932.62,301.48,12.14
S028,2025-10-30,2025,136.13,182.50,7.27
,,,,,
S030,2025-10-30,2025,368.80,648.22,9.18
S001,2025-10-31,2025,147.78,185.85,6.60
S002,2025-10-31,2025,115.42,117.52,12.00
S003,2025-10-31,2025,1028.63,662.65,6.69
S004,2025-10-31,2025,192.35,168.53,11.24
S005,2025-10-31,2025,131.09,176.58,7.80
S006,2025-10-31,2025,150.93,159.01,11.52
S007,2025-10-31,2025,735.97,481.84,9.16
S008,2025-10-31,2025,28.15,36.25,8.89
S009,2025-10-31,2025,131.76,158.10,6.84
S010,2025-10-31,2025,215.11,471.22,6.86
S011,2025-10-31,2025,929.44,609.23,7.60
S012,2025-10-31,2025,73.81,51.04,12.48
S013,2025-10-31,2025,51.75,50.18,9.26
S014,2025-10-31,2025,247.67,411.12,8.24
S015,2025-10-31,2025,744.47,362.13,9.78
S016,2025-10-31,2025,54.55,55.72,8.74
S017,2025-10-31,2025,44.74,53.34,8.71
S018,2025-10-31,2025,117.26,122.50,11.80
S019,2025-10-31,2025,1187.77,703.72,8.18
S020,2025-10-31,2025,78.44,97.47,6.76
S021,2025-10-31,2025,109.42,130.26,7.42
S022,2025-10-31,2025,116.24,153.35,10.12
S023,2025-10-31,2025,705.08,304.78,10.96
S024,2025-10-31,2025,45.09,50.54,8.35
S025,2025-10-31,2025,178.85,169.17,8.56
S026,2025-10-31,2025,76.83,125.81,9.26
S027,2025-10-31,2025,939.95,555.33,7.05
S028,2025-10-31,2025,120.42,128.35,10.37
S029,2025-10-31,2025,54.03,42.57,11.35
S030,2025-10-31,2025,396.59,387.11,12.43
S001,2025-11-01,2025,93.66,112.49,6.82
S002,2025-11-01,2025,62.11,69.83,12.10
S003,2025-11-01,2025,617.10,322.17,9.02
S004,2025-11-01,2025,104.04,173.74,7.02
S005,2025-11-01,2025,83.26,57.38,11.88
S006,2025-11-01,2025,93.93,102.06,10.86
S007,2025-11-01,2025,498.96,278.69,9.08
S008,2025-11-01,2025,20.94,28.60,7.77
S009,2025-11-01,2025,67.10,83.33,8.82
S010,2025-11-01,2025,135.98,225.92,9.58
S011,2025-11-01,2025,543.34,332.06,8.07
S012,2025-11-01,2025,42.99,37.97,11.87
S013,2025-11-01,2025,34.32,20.51,11.79
S014,2025-11-01,2025,163.48,206.08,9.03
S015,2025-11-01,2025,460.51,245.67,9.14
S016,2025-11-01,2025,33.10,48.78,6.83
S017,2025-11-01,2025,31.03,29.30,9.32
S018,2025-11-01,2025,75.31,104.35,10.80
S019,2025-11-01,2025,727.42,277.28,11.41
S020,2025-11-01,2025,45.21,45.45,9.94
S021,2025-11-01,2025,72.19,65.63,10.33
S022,2025-11-01,2025,69.05,93.17,9.79
S023,2025-11-01,2025,429.14,250.42,7.97
S024,2025-11-01,2025,26.85,30.16,8.52
S025,2025-11-01,2025,104.90,73.52,11.80
S026,2025-11-01,2025,47.65,83.45,8.91
S027,2025-11-01,2025,549.94,255.39,10.95
S028,2025-11-01,2025,71.13,81.01,10.42
S029,2025-11-01,2025,29.33,26.40,11.33
S030,2025-11-01,2025,260.80,440.76,7.15
S001,2025-11-02,2025,98.76,101.11,8.63
S002,2025-11-02,2025,64.64,122.70,7.36
S003,2025-11-02,2025,617.75,399.95,7.36
S004,2025-11-02,2025,127.88,114.07,9.90
S005,2025-11-02,2025,87.32,81.56,9.61
S006,2025-11-02,2025,95.93,133.18,9.44
S007,2025-11-02,2025,486.78,271.43,9.21
S008,2025-11-02,2025,17.32,16.89,11.29
S009,2025-11-02,2025,74.77,74.11,9.14
S010,2025-11-02,2025,135.46,162.46,10.96
S011,2025-11-02,2025,581.55,360.65,8.21
S012,2025-11-02,2025,48.61,53.87,8.36
S013,2025-11-02,2025,31.18,22.35,11.72
S014,2025-11-02,2025,131.58,186.33,10.91
S015,2025-11-02,2025,403.77,295.24,6.84
S016,2025-11-02,2025,29.57,31.23,9.98
S017,2025-11-02,2025,31.16,31.12,8.78
S018,2025-11-02,2025,75.10,73.90,12.23
S019,2025-11-02,2025,674.34,336.61,10.72
S020,2025-11-02,2025,41.07,49.16,9.21
S021,2025-11-02,2025,80.62,53.33,11.74
S022,2025-11-02,2025,71.90,144.61,6.53
S023,2025-11-02,2025,375.76,275.28,6.54
S024,2025-11-02,2025,24.74,36.70,6.37
S025,2025-11-02,2025,112.31,98.97,9.56
S026,2025-11-02,2025,58.94,83.74,8.81
S027,2025-11-02,2025,564.43,296.73,9.05
S028,2025-11-02,2025,75.20,105.93,7.23
S029,2025-11-02,2025,36.05,25.32,11.12
S030,2025-11-02,2025,261.00,346.39,9.94
S001,2025-11-03,2025,161.68,214.92,6.34
S002,2025-11-03,2025,119.07,138.85,11.21
S003,2025-11-03,2025,883.89,504.76,9.65
S004,2025-11-03,2025,190.26,264.46,6.97
S005,2025-11-03,2025,143.40,157.34,8.41
S006,2025-11-03,2025,163.24,293.76,7.02
S007,2025-11-03,2025,738.11,337.28,11.63
S008,2025-11-03,2025,29.54,37.52,9.80
S009,2025-11-03,2025,117.48,82.21,11.27
S010,2025-11-03,2025,251.70,299.28,10.73
S011,2025-11-03,2025,962.48,409.41,11.02
S012,2025-11-03,2025,68.25,94.74,8.73
S013,2025-11-03,2025,58.91,53.37,8.90
S014,2025-11-03,2025,215.65,411.77,7.04
S015,2025-11-03,2025,699.61,417.44,7.88
S016,2025-11-03,2025,53.26,47.30,11.00
S017,2025-11-03,2025,53.55,51.80,7.81
S018,2025-11-03,2025,112.59,191.08,8.90
S019,2025-11-03,2025,1163.34,717.77,7.94
S020,2025-11-03,2025,63.05,114.92,6.34
S021,2025-11-03,2025,118.60,128.60,9.24
S022,2025-11-03,2025,114.19,207.61,7.90
S023,2025-11-03,2025,649.70,508.23,6.09
S024,2025-11-03,2025,36.71,64.75,6.30
S025,2025-11-03,2025,177.57,128.40,11.90
S026,2025-11-03,2025,90.73,113.72,9.97
S027,2025-11-03,2025,910.59,540.64,7.28
S028,2025-11-03,2025,131.19,124.54,11.21
S029,2025-11-03,2025,54.40,60.25,7.11
S030,2025-11-03,2025,446.05,619.78,8.61
S001,2025-11-04,2025,164.11,106.15,11.62
S002,2025-11-04,2025,102.29,158.75,10.11
S003,2025-11-04,2025,993.71,717.02,6.38
S004,2025-11-04,2025,196.90,315.33,6.41
S005,2025-11-04,2025,155.72,133.44,9.37
S006,2025-11-04,2025,147.23,273.63,7.87
S007,2025-11-04,2025,809.15,331.53,11.44
S008,2025-11-04,2025,29.40,42.09,7.30
S009,2025-11-04,2025,127.75,132.55,7.22
S010,2025-11-04,2025,249.31,278.00,10.79
S011,2025-11-04,2025,906.99,321.45,11.87
S012,2025-11-04,2025,78.88,67.16,11.44
S013,2025-11-04,2025,56.49,51.53,8.29
S014,2025-11-04,2025,226.11,426.46,7.43
S015,2025-11-04,2025,605.04,399.20,9.29
S016,2025-11-04,2025,44.21,83.31,6.15
S017,2025-11-04,2025,51.13,61.88,6.02
S018,2025-11-04,2025,129.85,178.20,9.68
S019,2025-11-04,2025,969.04,468.29,10.57
S020,2025-11-04,2025,73.01,58.69,11.90
S021,2025-11-04,2025,111.40,107.07,10.31
S022,2025-11-04,2025,105.28,168.79,8.58
S023,2025-11-04,2025,662.47,330.96,10.31
S024,2025-11-04,2025,36.06,58.44,6.47
S025,2025-11-04,2025,170.58,158.13,9.01
S026,2025-11-04,2025,91.56,186.04,6.02
S027,2025-11-04,2025,937.35,612.44,7.37
S028,2025-11-04,2025,125.18,110.55,10.75
S029,2025-11-04,2025,59.18,46.46,10.56
S030,2025-11-04,2025,359.80,727.11,8.50
S001,2025-11-05,2025,162.00,198.03,6.33
S002,2025-11-05,2025,107.32,127.34,10.91
S003,2025-11-05,2025,1005.42,433.20,11.44
S004,2025-11-05,2025,179.28,262.03,7.73
S005,2025-11-05,2025,141.37,174.79,7.53
S006,2025-11-05,2025,149.85,209.49,9.05
S007,2025-11-05,2025,890.51,508.26,8.61
S008,2025-11-05,2025,32.27,37.45,9.00
S009,2025-11-05,2025,122.09,148.38,6.90
S010,2025-11-05,2025,216.29,383.33,7.87
S011,2025-11-05,2025,922.91,601.05,6.25
S012,2025-11-05,2025,74.77,84.71,9.39
S013,2025-11-05,2025,52.08,50.26,9.32
S014,2025-11-05,2025,245.14,476.67,7.28
,,,,,
S016,2025-11-05,2025,50.12,47.58,10.21
S017,2025-11-05,2025,44.64,45.38,10.00
S018,2025-11-05,2025,116.09,216.71,7.17
S019,2025-11-05,2025,1182.01,763.71,7.63
S020,2025-11-05,2025,65.83,77.41,8.97
S021,2025-11-05,2025,108.37,127.18,8.37
S022,2025-11-05,2025,103.25,165.34,9.17
S023,2025-11-05,2025,705.63,463.92,7.29
S024,2025-11-05,2025,44.71,62.11,6.61
S025,2025-11-05,2025,166.74,237.31,5.83
S026,2025-11-05,2025,85.39,171.11,6.50
S027,2025-11-05,2025,775.64,507.47,7.48
S028,2025-11-05,2025,125.47,150.97,8.91
S029,2025-11-05,2025,47.10,74.40,5.78
S030,2025-11-05,2025,444.26,514.74,11.05
S001,2025-11-06,2025,159.94,112.38,11.49
S002,2025-11-06,2025,107.45,137.35,10.61
S003,2025-11-06,2025,1037.82,779.56,6.15
S004,2025-11-06,2025,194.13,185.83,10.39
S005,2025-11-06,2025,132.46,144.32,8.54
S006,2025-11-06,2025,150.98,200.93,9.66
S007,2025-11-06,2025,891.74,330.60,10.89
S008,2025-11-06,2025,28.25,42.71,8.75
S009,2025-11-06,2025,125.44,124.93,9.11
S010,2025-11-06,2025,247.42,334.53,9.46
S011,2025-11-06,2025,932.51,369.58,10.88
S012,2025-11-06,2025,74.13,109.29,6.55
S013,2025-11-06,2025,52.91,47.13,10.28
S014,2025-11-06,2025,239.91,459.81,6.29
S015,2025-11-06,2025,609.50,470.02,6.06
S016,2025-11-06,2025,50.25,62.04,8.94
S017,2025-11-06,2025,50.38,40.37,9.96
S018,2025-11-06,2025,124.14,224.61,8.28
S019,2025-11-06,2025,1004.90,734.42,8.20
S020,2025-11-06,2025,66.18,73.33,9.56
S021,2025-11-06,2025,122.12,123.21,8.26
S022,2025-11-06,2025,128.30,232.57,7.35
S023,2025-11-06,2025,717.57,335.95,10.86
S024,2025-11-06,2025,41.20,40.82,10.28
S025,2025-11-06,2025,173.15,250.75,5.63
S026,2025-11-06,2025,76.30,164.11,7.11
S027,2025-11-06,2025,805.95,589.51,5.80
S028,2025-11-06,2025,121.16,118.17,11.36
S029,2025-11-06,2025,48.30,67.74,7.29
S030,2025-11-06,2025,397.23,579.66,9.36
S001,2025-11-07,2025,166.72,122.56,11.35
S002,2025-11-07,2025,108.92,190.75,7.01
S003,2025-11-07,2025,867.31,390.32,11.23
S004,2025-11-07,2025,200.73,200.22,10.26
S005,2025-11-07,2025,150.18,150.96,8.13
S006,2025-11-07,2025,157.29,308.20,5.80
S007,2025-11-07,2025,806.02,417.29,9.97
S008,2025-11-07,2025,33.73,44.62,6.41
S009,2025-11-07,2025,114.63,145.36,7.37
S010,2025-11-07,2025,235.17,427.54,8.24
S011,2025-11-07,2025,865.35,378.25,11.38
S012,2025-11-07,2025,70.95,107.62,7.50
S013,2025-11-07,2025,50.73,55.46,7.48
S014,2025-11-07,2025,253.42,266.87,11.15
S015,2025-11-07,2025,725.92,324.01,9.48
S016,2025-11-07,2025,52.41,64.83,7.87
S017,2025-11-07,2025,48.45,61.37,6.17
S018,2025-11-07,2025,110.20,157.35,11.05
S019,2025-11-07,2025,1044.43,894.90,5.96
S020,2025-11-07,2025,69.29,92.22,8.27
S021,2025-11-07,2025,115.58,120.57,9.48
S022,2025-11-07,2025,108.04,150.12,10.34
S023,2025-11-07,2025,673.71,543.50,6.38
S024,2025-11-07,2025,41.82,44.47,9.20
S025,2025-11-07,2025,157.89,116.04,11.31
S026,2025-11-07,2025,95.53,105.25,11.20
S027,2025-11-07,2025,797.70,647.46,6.49
S028,2025-11-07,2025,111.47,219.16,5.84
S029,2025-11-07,2025,47.67,47.83,10.45
S030,2025-11-07,2025,413.58,708.32,7.03
S001,2025-11-08,2025,92.66,81.49,10.56
S002,2025-11-08,2025,63.06,76.99,11.06
S003,2025-11-08,2025,544.18,296.70,9.82
S004,2025-11-08,2025,115.41,119.55,10.44
S005,2025-11-08,2025,93.99,115.86,6.32
,,,,,
S007,2025-11-08,2025,469.41,282.73,9.14
S008,2025-11-08,2025,19.24,31.12,7.09
S009,2025-11-08,2025,81.01,99.73,6.28
S010,2025-11-08,2025,146.41,226.72,8.21
S011,2025-11-08,2025,504.12,248.12,10.48
S012,2025-11-08,2025,47.42,51.86,9.62
S013,2025-11-08,2025,35.03,32.90,8.49
S014,2025-11-08,2025,131.12,267.49,7.00
S015,2025-11-08,2025,364.82,181.16,10.81
S016,2025-11-08,2025,32.86,42.57,7.28
S017,2025-11-08,2025,29.62,24.97,10.15
S018,2025-11-08,2025,81.52,102.93,9.38
S019,2025-11-08,2025,614.06,365.48,9.76
S020,2025-11-08,2025,44.46,68.40,6.12
S021,2025-11-08,2025,77.92,87.13,7.89
S022,2025-11-08,2025,71.38,154.20,5.97
S023,2025-11-08,2025,439.79,343.07,6.19
S024,2025-11-08,2025,27.38,32.56,7.47
S025,2025-11-08,2025,96.35,110.78,7.78
S026,2025-11-08,2025,56.09,68.89,10.32
S027,2025-11-08,2025,535.60,320.38,8.42
S028,2025-11-08,2025,75.25,86.77,10.20
S029,2025-11-08,2025,30.89,26.10,10.47
S030,2025-11-08,2025,271.70,445.02,7.55
S001,2025-11-09,2025,109.32,77.96,10.88
S002,2025-11-09,2025,66.84,104.98,8.61
S003,2025-11-09,2025,541.49,462.70,6.24
S004,2025-11-09,2025,119.38,97.85,10.98
S005,2025-11-09,2025,80.10,110.87,5.72
S006,2025-11-09,2025,86.75,146.14,8.39
S007,2025-11-09,2025,517.34,271.66,10.00
S008,2025-11-09,2025,18.14,28.51,7.18
S009,2025-11-09,2025,80.18,102.05,5.38
S010,2025-11-09,2025,138.86,191.41,9.81
S011,2025-11-09,2025,501.60,302.82,8.11
S012,2025-11-09,2025,43.03,74.26,5.61
,,,,,
S014,2025-11-09,2025,156.39,208.37,10.27
S015,2025-11-09,2025,432.78,239.91,8.19
S016,2025-11-09,2025,31.36,49.82,5.18
S017,2025-11-09,2025,33.12,39.27,5.83
S018,2025-11-09,2025,73.25,98.32,9.94
S019,2025-11-09,2025,709.25,452.43,7.07
S020,2025-11-09,2025,44.35,57.75,7.59
S021,2025-11-09,2025,78.62,105.00,6.36
S022,2025-11-09,2025,64.65,125.77,7.64
S023,2025-11-09,2025,451.49,223.11,9.38
S024,2025-11-09,2025,23.38,31.26,8.45
S025,2025-11-09,2025,117.58,137.29,6.56
S026,2025-11-09,2025,56.33,108.07,5.91
S027,2025-11-09,2025,563.33,255.42,10.66
S028,2025-11-09,2025,76.90,106.03,8.26
S029,2025-11-09,2025,32.54,24.65,10.44
S030,2025-11-09,2025,231.61,520.20,6.74
S001,2025-11-10,2025,172.40,221.28,6.03
S002,2025-11-10,2025,101.22,149.20,10.47
S003,2025-11-10,2025,1017.59,442.70,10.47
S004,2025-11-10,2025,191.34,290.54,6.49
S005,2025-11-10,2025,155.06,171.48,6.18
S006,2025-11-10,2025,136.53,294.50,5.83
S007,2025-11-10,2025,770.57,433.52,8.88
S008,2025-11-10,2025,32.61,49.41,5.69
S009,2025-11-10,2025,122.03,168.29,5.29
S010,2025-11-10,2025,236.47,438.59,7.75
S011,2025-11-10,2025,917.22,652.75,6.28
S012,2025-11-10,2025,76.94,76.77,9.93
S013,2025-11-10,2025,56.69,59.03,7.00
S014,2025-11-10,2025,238.37,366.52,9.44
S015,2025-11-10,2025,703.48,489.81,6.57
S016,2025-11-10,2025,45.85,43.21,10.90
S017,2025-11-10,2025,50.33,61.69,5.68
S018,2025-11-10,2025,111.37,206.79,8.89
S019,2025-11-10,2025,1169.12,638.56,8.77
S020,2025-11-10,2025,72.98,64.29,10.68
S021,2025-11-10,2025,126.39,140.68,7.77
S022,2025-11-10,2025,126.96,210.30,6.48
S023,2025-11-10,2025,735.61,500.60,5.37
S024,2025-11-10,2025,44.77,35.55,10.78
S025,2025-11-10,2025,189.82,224.84,6.42
S026,2025-11-10,2025,94.08,172.78,5.29
S027,2025-11-10,2025,889.74,367.20,10.39
S028,2025-11-10,2025,137.77,153.52,9.36
S029,2025-11-10,2025,53.77,60.12,7.51
S030,2025-11-10,2025,392.32,725.37,8.54
S001,2025-11-11,2025,160.45,124.96,10.27
S002,2025-11-11,2025,98.88,132.99,10.38
S003,2025-11-11,2025,962.20,700.63,7.19
S004,2025-11-11,2025,185.54,309.13,6.22
S005,2025-11-11,2025,invalid,170.04,8.15
S006,2025-11-11,2025,154.71,200.23,10.10
S007,2025-11-11,2025,754.14,694.60,5.32
S008,2025-11-11,2025,31.61,41.17,8.34
S009,2025-11-11,2025,129.43,162.80,5.86
S010,2025-11-11,2025,238.30,497.82,5.01
S011,2025-11-11,2025,813.61,730.51,5.14
S012,2025-11-11,2025,82.01,96.23,7.75
S013,2025-11-11,2025,55.07,50.79,9.35
S014,2025-11-11,2025,invalid,376.10,8.53
S015,2025-11-11,2025,719.40,401.45,7.54
S016,2025-11-11,2025,47.55,53.51,9.78
S017,2025-11-11,2025,47.55,68.61,5.34
S018,2025-11-11,2025,110.54,169.11,10.33
S019,2025-11-11,2025,997.84,519.65,10.36
S020,2025-11-11,2025,77.99,90.82,9.04
S021,2025-11-11,2025,111.59,157.16,7.06
S022,2025-11-11,2025,113.63,214.61,6.21
S023,2025-11-11,2025,635.39,506.36,5.57
S024,2025-11-11,2025,45.15,50.93,8.40
S025,2025-11-11,2025,194.28,231.04,6.87
S026,2025-11-11,2025,82.67,187.59,5.35
S027,2025-11-11,2025,893.93,715.29,5.68
S028,2025-11-11,2025,121.23,203.96,5.36
S029,2025-11-11,2025,51.10,52.90,9.72
S030,2025-11-11,2025,invalid,685.79,7.80
S001,2025-11-12,2025,179.86,168.52,8.95
S002,2025-11-12,2025,105.86,145.76,10.12
S003,2025-11-12,2025,877.24,604.95,7.36
S004,2025-11-12,2025,175.79,197.63,9.41
S005,2025-11-12,2025,148.60,158.86,8.51
S006,2025-11-12,2025,133.42,232.96,9.26
S007,2025-11-12,2025,723.19,544.56,7.05
S008,2025-11-12,2025,28.94,55.44,5.79
S009,2025-11-12,2025,117.12,104.75,10.45
S010,2025-11-12,2025,228.08,405.26,7.36
S011,2025-11-12,2025,761.83,599.86,6.29
S012,2025-11-12,2025,69.70,136.35,4.99
S013,2025-11-12,2025,49.13,50.36,9.57
S014,2025-11-12,2025,265.75,321.27,9.26
S015,2025-11-12,2025,662.30,558.17,5.38
S016,2025-11-12,2025,47.14,72.78,7.77
S017,2025-11-12,2025,46.29,45.63,8.94
S018,2025-11-12,2025,112.74,163.21,10.01
S019,2025-11-12,2025,1110.35,726.31,8.03
S020,2025-11-12,2025,76.05,87.18,9.37
S021,2025-11-12,2025,125.39,175.14,4.84
S022,2025-11-12,2025,109.65,160.61,10.38
S023,2025-11-12,2025,692.66,472.72,6.22
S024,2025-11-12,2025,43.95,59.86,7.12
S025,2025-11-12,2025,160.85,193.31,8.24
S026,2025-11-12,2025,76.52,136.06,8.93
S027,2025-11-12,2025,777.63,479.27,9.12
S028,2025-11-12,2025,124.00,202.85,6.95
S029,2025-11-12,2025,49.73,69.51,6.95
S030,2025-11-12,2025,363.27,775.92,7.77
S001,2025-11-13,2025,169.14,224.24,4.67
S002,2025-11-13,2025,103.31,192.88,8.54
S003,2025-11-13,2025,864.42,562.02,8.72
S004,2025-11-13,2025,175.73,355.63,4.81
S005,2025-11-13,2025,159.61,215.80,5.18
S006,2025-11-13,2025,151.12,207.16,10.10
S007,2025-11-13,2025,795.43,622.83,6.69
S008,2025-11-13,2025,30.59,37.13,9.30
,,,,,
S010,2025-11-13,2025,258.19,562.54,5.00
S011,2025-11-13,2025,904.53,628.56,5.35
S012,2025-11-13,2025,68.93,82.05,9.20
S013,2025-11-13,2025,47.17,50.04,9.42
S014,2025-11-13,2025,253.14,358.77,9.14
S015,2025-11-13,2025,686.35,355.88,10.30
S016,2025-11-13,2025,45.98,79.73,5.23
S017,2025-11-13,2025,51.58,58.35,5.87
S018,2025-11-13,2025,137.17,233.38,7.52
S019,2025-11-13,2025,1120.42,525.43,10.43
S020,2025-11-13,2025,67.19,97.49,7.85
S021,2025-11-13,2025,133.94,148.85,6.68
S022,2025-11-13,2025,108.66,253.21,5.89
S023,2025-11-13,2025,650.70,467.65,7.63
S024,2025-11-13,2025,39.93,42.78,10.11
S025,2025-11-13,2025,176.97,228.74,6.71
S026,2025-11-13,2025,75.36,117.74,9.19
S027,2025-11-13,2025,815.66,429.53,10.04
S028,2025-11-13,2025,121.10,119.31,10.17
S029,2025-11-13,2025,51.07,50.18,9.35
S030,2025-11-13,2025,365.93,736.43,8.38
S001,2025-11-14,2025,172.98,145.82,9.63
S002,2025-11-14,2025,112.21,133.33,10.24
S003,2025-11-14,2025,987.87,690.46,6.02
S004,2025-11-14,2025,177.39,212.91,8.74
S005,2025-11-14,2025,162.19,221.41,5.02
S006,2025-11-14,2025,147.41,210.94,9.48
S007,2025-11-14,2025,774.26,484.10,9.35
S008,2025-11-14,2025,33.03,33.22,9.82
S009,2025-11-14,2025,127.17,122.10,8.62
S010,2025-11-14,2025,233.29,424.17,8.03
S011,2025-11-14,2025,774.19,638.22,5.05
S012,2025-11-14,2025,70.44,81.06,9.57
S013,2025-11-14,2025,53.88,52.18,8.48
S014,2025-11-14,2025,220.22,338.56,9.40
S015,2025-11-14,2025,652.45,454.87,6.79
S016,2025-11-14,2025,53.35,49.46,10.05
S017,2025-11-14,2025,43.44,61.23,6.50
S018,2025-11-14,2025,122.06,187.68,9.16
S019,2025-11-14,2025,1016.92,938.93,4.88
S020,2025-11-14,2025,65.92,73.95,9.95
S021,2025-11-14,2025,113.44,113.65,9.98
S022,2025-11-14,2025,125.33,174.62,9.77
S023,2025-11-14,2025,634.22,515.71,5.10
S024,2025-11-14,2025,25036.09,9057.83,6.89
S025,2025-11-14,2025,181.40,258.57,4.44
S026,2025-11-14,2025,81.85,126.57,9.45
S027,2025-11-14,2025,795.03,495.87,7.83
S028,2025-11-14,2025,118.64,216.17,6.12
S029,2025-11-14,2025,48.25,72.60,4.83
S030,2025-11-14,2025,427.71,553.68,9.96
S001,2025-11-15,2025,103.39,140.27,4.82
S002,2025-11-15,2025,69.40,105.19,8.97
S003,2025-11-15,2025,567.80,365.70,8.57
S004,2025-11-15,2025,121.05,123.75,9.89
S005,2025-11-15,2025,85.47,93.02,8.95
S006,2025-11-15,2025,91.75,197.20,5.65
S007,2025-11-15,2025,499.51,366.54,6.20
S008,2025-11-15,2025,17.35,35.33,5.37
S009,2025-11-15,2025,82.62,72.53,8.85
S010,2025-11-15,2025,136.06,283.14,6.63
S011,2025-11-15,2025,484.87,287.67,9.34
S012,2025-11-15,2025,47.92,64.10,8.16
S013,2025-11-15,2025,37.01,47.94,5.80
S014,2025-11-15,2025,152.77,247.35,8.71
S015,2025-11-15,2025,406.79,330.77,6.19
S016,2025-11-15,2025,29.94,48.55,5.84
S017,2025-11-15,2025,26.67,28.84,8.43
S018,2025-11-15,2025,73.89,172.37,5.04
S019,2025-11-15,2025,622.37,351.69,9.96
S020,2025-11-15,2025,44.83,67.93,7.32
S021,2025-11-15,2025,84.45,105.53,5.05
S022,2025-11-15,2025,80.33,127.92,7.22
S023,2025-11-15,2025,393.80,287.88,6.40
S024,2025-11-15,2025,25.67,30.46,9.08
S025,2025-11-15,2025,114.43,136.97,5.66
S026,2025-11-15,2025,53.19,80.86,9.36
S027,2025-11-15,2025,570.92,280.78,10.15
S028,2025-11-15,2025,84.96,123.47,4.81
S029,2025-11-15,2025,36.71,37.77,6.80
S030,2025-11-15,2025,232.82,388.40,9.03
S001,2025-11-16,2025,113.40,134.06,4.94
S002,2025-11-16,2025,60.67,105.16,8.37
S003,2025-11-16,2025,588.31,367.83,7.19
S004,2025-11-16,2025,114.68,190.87,4.20
S005,2025-11-16,2025,93.79,81.69,9.72
S006,2025-11-16,2025,81.69,190.94,6.32
S007,2025-11-16,2025,476.10,274.56,8.72
S008,2025-11-16,2025,20.24,26.84,7.79
S009,2025-11-16,2025,73.55,77.21,7.76
S010,2025-11-16,2025,136.62,247.95,8.44
S011,2025-11-16,2025,541.59,373.93,5.76
S012,2025-11-16,2025,46.78,90.51,4.25
S013,2025-11-16,2025,36.59,32.10,9.41
S014,2025-11-16,2025,150.25,313.06,5.13
S015,2025-11-16,2025,406.58,317.00,5.02
S016,2025-11-16,2025,33.31,47.89,7.34
S017,2025-11-16,2025,28.88,38.10,6.40
S018,2025-11-16,2025,82.71,106.35,9.48
S019,2025-11-16,2025,619.69,629.72,4.12
S020,2025-11-16,2025,41.87,46.88,9.72
S021,2025-11-16,2025,67.82,111.57,5.04
S022,2025-11-16,2025,63.41,122.85,8.93
S023,2025-11-16,2025,408.34,317.00,6.17
S024,2025-11-16,2025,24.33,41.55,6.02
S025,2025-11-16,2025,110.07,147.82,6.55
S026,2025-11-16,2025,51.41,79.60,9.99
S027,2025-11-16,2025,474.16,309.63,8.87
S028,2025-11-16,2025,84.12,140.67,4.72
,,,,,
S030,2025-11-16,2025,255.65,452.92,6.54
S001,2025-11-17,2025,153.78,243.14,5.44
S002,2025-11-17,2025,101.54,236.54,4.29
S003,2025-11-17,2025,913.57,854.31,4.79
S004,2025-11-17,2025,192.17,324.93,5.64
S005,2025-11-17,2025,142.56,187.32,5.41
S006,2025-11-17,2025,160.85,264.70,8.38
S007,2025-11-17,2025,815.65,689.31,4.91
S008,2025-11-17,2025,32.79,38.00,8.34
S009,2025-11-17,2025,132.47,166.81,4.57
S010,2025-11-17,2025,257.26,390.40,8.07
S011,2025-11-17,2025,890.37,565.14,8.28
S012,2025-11-17,2025,81.40,117.63,5.87
S013,2025-11-17,2025,53.36,80.96,4.70
S014,2025-11-17,2025,225.36,502.22,5.03
S015,2025-11-17,2025,653.19,591.79,5.04
S016,2025-11-17,2025,44.59,63.73,8.68
S017,2025-11-17,2025,46.86,58.85,5.97
S018,2025-11-17,2025,117.98,218.96,7.14
S019,2025-11-17,2025,1219.81,930.73,5.01
S020,2025-11-17,2025,71.95,101.08,7.75
S021,2025-11-17,2025,126.73,162.80,5.93
S022,2025-11-17,2025,112.73,188.67,8.44
S023,2025-11-17,2025,664.55,525.92,4.44
S024,2025-11-17,2025,39.19,60.08,6.03
S025,2025-11-17,2025,173.18,184.24,9.20
S026,2025-11-17,2025,75.44,191.41,5.14
S027,2025-11-17,2025,870.47,684.16,4.53
S028,2025-11-17,2025,115.48,178.33,6.43
S029,2025-11-17,2025,52.36,49.77,9.18
S030,2025-11-17,2025,375.57,885.06,5.92
S001,2025-11-18,2025,152.58,136.30,9.62
S002,2025-11-18,2025,110.29,180.05,9.23
S003,2025-11-18,2025,932.08,658.39,6.30
S004,2025-11-18,2025,172.43,332.83,5.18
S005,2025-11-18,2025,153.30,211.50,5.83
S006,2025-11-18,2025,160.95,327.45,5.12
S007,2025-11-18,2025,856.44,476.90,9.41
S008,2025-11-18,2025,27.91,64.95,3.94
S009,2025-11-18,2025,108.16,188.11,3.89
S010,2025-11-18,2025,259.81,369.62,8.01
S011,2025-11-18,2025,777.95,441.93,9.05
S012,2025-11-18,2025,67.80,128.67,5.35
S013,2025-11-18,2025,55.27,77.55,5.15
S014,2025-11-18,2025,220.45,514.83,4.21
S015,2025-11-18,2025,696.14,378.49,8.66
S016,2025-11-18,2025,50.58,65.63,8.88
S017,2025-11-18,2025,46.12,46.58,8.60
S018,2025-11-18,2025,124.12,216.85,8.36
S019,2025-11-18,2025,1115.18,695.59,7.94
S020,2025-11-18,2025,74.07,106.74,5.84
S021,2025-11-18,2025,123.99,162.57,5.99
S022,2025-11-18,2025,121.40,248.26,6.50
S023,2025-11-18,2025,619.50,526.38,6.24
S024,2025-11-18,2025,38.52,50.01,9.02
S025,2025-11-18,2025,188.24,216.63,7.19
S026,2025-11-18,2025,83.22,190.24,4.08
S027,2025-11-18,2025,746.47,532.96,7.60
S028,2025-11-18,2025,111.19,182.05,6.45
S029,2025-11-18,2025,49.61,53.08,8.08
S030,2025-11-18,2025,428.25,809.55,5.99
S001,2025-11-19,2025,164.74,199.73,7.75
S002,2025-11-19,2025,109.06,243.24,4.10
S003,2025-11-19,2025,1029.76,841.60,5.27
S004,2025-11-19,2025,191.13,259.07,6.47
S005,2025-11-19,2025,133.09,148.84,7.73
S006,2025-11-19,2025,151.88,223.69,8.86
S007,2025-11-19,2025,823.34,561.11,7.69
S008,2025-11-19,2025,29.57,56.62,4.14
S009,2025-11-19,2025,136.62,152.14,5.80
S010,2025-11-19,2025,252.58,487.05,6.87
S011,2025-11-19,2025,884.74,461.50,8.76
S012,2025-11-19,2025,74.89,82.77,9.43
S013,2025-11-19,2025,55.13,55.70,9.06
S014,2025-11-19,2025,260.44,512.53,6.23
S015,2025-11-19,2025,710.52,635.31,4.05
S016,2025-11-19,2025,53.44,69.99,6.92
S017,2025-11-19,2025,46.56,67.49,4.98
S018,2025-11-19,2025,130.01,265.74,5.90
S019,2025-11-19,2025,1033.27,727.73,7.23
S020,2025-11-19,2025,77.64,94.47,8.83
S021,2025-11-19,2025,123.71,169.84,4.17
S022,2025-11-19,2025,108.95,162.08,8.98
S023,2025-11-19,2025,698.46,609.26,4.39
S024,2025-11-19,2025,43.07,50.11,9.53
S025,2025-11-19,2025,176.30,273.16,4.86
S026,2025-11-19,2025,76.79,219.43,4.12
S027,2025-11-19,2025,846.58,692.81,4.41
S028,2025-11-19,2025,113.43,191.56,6.14
S029,2025-11-19,2025,53.50,69.11,5.06
S030,2025-11-19,2025,401.26,828.19,6.22
S001,2025-11-20,2025,151.72,213.33,6.08
S002,2025-11-20,2025,106.91,221.36,5.41
S003,2025-11-20,2025,969.62,650.95,7.02
S004,2025-11-20,2025,167.86,303.89,6.00
S005,2025-11-20,2025,162.50,150.77,8.05
S006,2025-11-20,2025,165.10,250.10,8.89
S007,2025-11-20,2025,903.25,653.35,4.89
S008,2025-11-20,2025,33.47,58.63,3.65
S009,2025-11-20,2025,116.20,129.29,9.00
S010,2025-11-20,2025,259.24,354.94,8.62
S011,2025-11-20,2025,916.50,457.60,9.14
S012,2025-11-20,2025,78.82,117.61,7.16
S013,2025-11-20,2025,56.34,66.84,6.91
S014,2025-11-20,2025,215.13,370.00,8.16
S015,2025-11-20,2025,664.78,601.06,4.71
S016,2025-11-20,2025,50.97,98.43,3.72
S017,2025-11-20,2025,48.04,71.81,4.10
S018,2025-11-20,2025,113.93,217.04,6.89
S019,2025-11-20,2025,1127.77,862.66,6.34
S020,2025-11-20,2025,70.49,88.21,8.08
S021,2025-11-20,2025,108.37,163.01,4.98
S022,2025-11-20,2025,128.86,244.95,5.73
S023,2025-11-20,2025,invalid,443.94,7.16
S024,2025-11-20,2025,38.03,52.27,8.54
S025,2025-11-20,2025,181.39,185.23,8.32
S026,2025-11-20,2025,79.09,133.61,9.38
S027,2025-11-20,2025,914.97,597.79,5.68
S028,2025-11-20,2025,126.73,234.01,4.23
S029,2025-11-20,2025,57.47,70.24,5.01
S030,2025-11-20,2025,384.17,886.58,5.18
S001,2025-11-21,2025,181.91,204.59,5.55
S002,2025-11-21,2025,105.34,262.74,4.34
S003,2025-11-21,2025,918.98,672.83,7.73
S004,2025-11-21,2025,193.34,257.44,7.84
S005,2025-11-21,2025,150.27,211.00,5.42
S006,2025-11-21,2025,141.78,268.17,6.48
S007,2025-11-21,2025,799.52,609.01,5.52
S008,2025-11-21,2025,28.21,45.38,6.44
S009,2025-11-21,2025,134.34,144.19,8.01
S010,2025-11-21,2025,206.81,408.27,7.15
S011,2025-11-21,2025,911.71,472.05,9.19
S012,2025-11-21,2025,66.74,99.23,7.28
S013,2025-11-21,2025,50.96,80.70,5.06
S014,2025-11-21,2025,220.97,362.85,9.10
S015,2025-11-21,2025,658.97,534.54,5.21
S016,2025-11-21,2025,50.22,72.70,5.92
S017,2025-11-21,2025,42.74,50.55,7.97
S018,2025-11-21,2025,126.98,279.88,5.65
S019,2025-11-21,2025,1078.02,674.64,8.61
S020,2025-11-21,2025,64.07,105.54,7.65
S021,2025-11-21,2025,125.24,122.22,8.32
S022,2025-11-21,2025,111.60,253.61,5.95
S023,2025-11-21,2025,invalid,675.60,3.62
S024,2025-11-21,2025,45.38,44.99,9.29
S025,2025-11-21,2025,166.69,273.95,4.18
S026,2025-11-21,2025,84.54,159.36,8.00
S027,2025-11-21,2025,782.70,582.54,8.05
S028,2025-11-21,2025,128.13,201.04,4.91
S029,2025-11-21,2025,48.44,74.04,6.04
S030,2025-11-21,2025,365.12,1019.59,3.33
S001,2025-11-22,2025,96.41,149.08,5.58
S002,2025-11-22,2025,67.56,143.94,6.27
S003,2025-11-22,2025,527.71,394.46,6.43
S004,2025-11-22,2025,101.72,216.70,3.54
S005,2025-11-22,2025,92.76,139.26,4.80
S006,2025-11-22,2025,94.69,144.03,7.94
S007,2025-11-22,2025,540.70,382.58,5.93
S008,2025-11-22,2025,20.70,32.61,5.60
S009,2025-11-22,2025,72.60,96.54,6.96
S010,2025-11-22,2025,159.73,319.92,4.34
S011,2025-11-22,2025,561.93,482.76,4.23
S012,2025-11-22,2025,47.22,81.12,4.02
S013,2025-11-22,2025,29.78,39.91,5.96
S014,2025-11-22,2025,142.13,294.62,5.12
S015,2025-11-22,2025,403.75,330.46,5.61
S016,2025-11-22,2025,29.66,49.08,5.86
S017,2025-11-22,2025,31.97,40.13,6.29
S018,2025-11-22,2025,73.09,118.10,8.75
S019,2025-11-22,2025,661.57,616.51,3.57
S020,2025-11-22,2025,42.76,66.04,5.87
S021,2025-11-22,2025,71.24,80.67,8.40
S022,2025-11-22,2025,65.73,163.02,5.81
S023,2025-11-22,2025,436.01,286.78,7.54
S024,2025-11-22,2025,27.74,38.76,5.54
S025,2025-11-22,2025,96.29,148.72,4.39
S026,2025-11-22,2025,47.03,100.76,7.34
S027,2025-11-22,2025,566.98,326.79,7.09
S028,2025-11-22,2025,70.04,102.69,8.98
S029,2025-11-22,2025,35.59,33.41,8.68
S030,2025-11-22,2025,251.71,371.61,9.00
S001,2025-11-23,2025,94.66,153.54,4.93
S002,2025-11-23,2025,61.16,124.58,6.47
S003,2025-11-23,2025,548.95,493.23,4.40
S004,2025-11-23,2025,123.10,190.11,5.77
S005,2025-11-23,2025,83.74,99.08,8.18
S006,2025-11-23,2025,83.84,173.27,5.94
S007,2025-11-23,2025,477.47,455.65,3.93
S008,2025-11-23,2025,18.25,32.49,5.56
S009,2025-11-23,2025,68.81,118.88,4.47
S010,2025-11-23,2025,136.16,302.64,6.93
S011,2025-11-23,2025,582.07,434.88,5.58
S012,2025-11-23,2025,47.72,79.73,6.12
S013,2025-11-23,2025,31.46,36.12,7.07
,,,,,
S015,2025-11-23,2025,411.37,262.66,8.35
S016,2025-11-23,2025,32.27,53.58,4.84
S017,2025-11-23,2025,26.57,34.60,6.77
S018,2025-11-23,2025,68.05,134.42,6.97
S019,2025-11-23,2025,677.37,551.15,4.24
S020,2025-11-23,2025,46.03,74.72,5.69
S021,2025-11-23,2025,77.05,110.30,5.35
S022,2025-11-23,2025,71.26,154.39,4.36
S023,2025-11-23,2025,411.35,380.47,3.54
S024,2025-11-23,2025,26.49,32.37,7.48
S025,2025-11-23,2025,106.64,118.79,7.33
S026,2025-11-23,2025,49.14,100.02,6.66
S027,2025-11-23,2025,581.72,325.53,8.07
S028,2025-11-23,2025,70.81,119.03,6.41
S029,2025-11-23,2025,32.55,50.19,4.79
S030,2025-11-23,2025,260.85,459.13,8.30
S001,2025-11-24,2025,161.87,260.14,4.19
S002,2025-11-24,2025,115.39,186.03,8.58
S003,2025-11-24,2025,904.76,689.46,7.36
S004,2025-11-24,2025,181.45,336.01,5.58
S005,2025-11-24,2025,161.57,233.03,3.95
S006,2025-11-24,2025,161.14,328.98,3.74
S007,2025-11-24,2025,791.68,523.42,7.62
S008,2025-11-24,2025,30.14,53.82,4.87
S009,2025-11-24,2025,124.00,146.13,7.00
S010,2025-11-24,2025,248.84,480.65,6.55
S011,2025-11-24,2025,917.07,555.80,7.34
S012,2025-11-24,2025,75.31,107.62,7.21
S013,2025-11-24,2025,47.89,79.61,4.33
S014,2025-11-24,2025,265.53,521.52,4.33
S015,2025-11-24,2025,747.14,397.21,8.74
S016,2025-11-24,2025,52.39,104.49,2.88
S017,2025-11-24,2025,48.47,80.36,3.23
S018,2025-11-24,2025,119.08,262.10,5.67
S019,2025-11-24,2025,1085.70,638.40,7.77
S020,2025-11-24,2025,69.98,143.47,4.05
S021,2025-11-24,2025,124.94,154.62,7.07
S022,2025-11-24,2025,114.52,225.79,7.20
S023,2025-11-24,2025,703.44,416.72,7.84
S024,2025-11-24,2025,43.13,65.22,6.22
S025,2025-11-24,2025,191.12,270.10,5.07
S026,2025-11-24,2025,91.74,146.42,6.95
S027,2025-11-24,2025,916.64,632.83,5.30
S028,2025-11-24,2025,122.60,191.58,6.63
S029,2025-11-24,2025,54.70,93.04,2.97
S030,2025-11-24,2025,383.70,659.45,8.75
S001,2025-11-25,2025,147.24,241.01,4.96
S002,2025-11-25,2025,102.41,270.32,4.41
S003,2025-11-25,2025,971.15,593.60,8.12
S004,2025-11-25,2025,177.62,384.65,3.76
S005,2025-11-25,2025,143.87,170.79,6.82
S006,2025-11-25,2025,139.94,281.69,6.49
S007,2025-11-25,2025,724.66,792.43,4.00
S008,2025-11-25,2025,34.25,55.07,3.85
S009,2025-11-25,2025,121.71,170.09,4.02
S010,2025-11-25,2025,233.29,495.71,6.39
S011,2025-11-25,2025,776.37,783.04,4.76
S012,2025-11-25,2025,80.57,144.98,4.40
S013,2025-11-25,2025,48.17,73.61,4.35
S014,2025-11-25,2025,221.10,451.49,7.61
S015,2025-11-25,2025,683.78,438.89,6.69
S016,2025-11-25,2025,44.70,89.88,4.02
S017,2025-11-25,2025,51.56,76.42,3.74
S018,2025-11-25,2025,137.24,204.28,7.46
S019,2025-11-25,2025,970.72,715.27,7.65
S020,2025-11-25,2025,75.43,97.87,8.46
S021,2025-11-25,2025,133.73,133.83,7.21
S022,2025-11-25,2025,108.05,256.87,3.76
S023,2025-11-25,2025,739.00,684.77,2.88
S024,2025-11-25,2025,38.32,53.20,7.62
S025,2025-11-25,2025,194.90,188.90,7.44
S026,2025-11-25,2025,91.06,169.27,6.38
S027,2025-11-25,2025,817.05,608.78,6.06
S028,2025-11-25,2025,136.60,196.31,6.21
S029,2025-11-25,2025,55.30,78.24,4.08
S030,2025-11-25,2025,392.65,854.12,6.63
S001,2025-11-26,2025,160.53,234.57,4.22
S002,2025-11-26,2025,102.41,226.15,6.56
S003,2025-11-26,2025,1036.66,697.83,5.21
S004,2025-11-26,2025,183.14,276.49,6.97
S005,2025-11-26,2025,129.04,238.98,4.35
S006,2025-11-26,2025,135.74,344.58,3.93
S007,2025-11-26,2025,809.73,491.92,7.67
S008,2025-11-26,2025,33.58,43.97,7.70
S009,2025-11-26,2025,121.89,172.27,5.19
S010,2025-11-26,2025,235.99,553.74,3.86
S011,2025-11-26,2025,964.50,773.16,3.59
S012,2025-11-26,2025,72.19,88.34,8.13
S013,2025-11-26,2025,47.63,71.34,4.77
S014,2025-11-26,2025,262.16,398.84,8.19
S015,2025-11-26,2025,688.64,448.17,6.65
S016,2025-11-26,2025,45.21,73.93,5.76
S017,2025-11-26,2025,43.14,60.36,5.82
S018,2025-11-26,2025,118.59,294.10,4.21
S019,2025-11-26,2025,1050.79,634.02,8.51
S020,2025-11-26,2025,72.98,95.26,7.35
S021,2025-11-26,2025,133.91,129.90,8.46
S022,2025-11-26,2025,128.19,295.54,3.09
S023,2025-11-26,2025,626.94,533.34,4.97
S024,2025-11-26,2025,39.30,80.54,2.72
S025,2025-11-26,2025,172.07,202.95,7.57
S026,2025-11-26,2025,83.43,182.61,5.96
S027,2025-11-26,2025,761.39,778.64,4.09
S028,2025-11-26,2025,139.02,246.50,4.19
S029,2025-11-26,2025,48.83,58.58,7.69
S030,2025-11-26,2025,427.35,877.55,5.68
S001,2025-11-27,2025,157.67,202.94,6.42
S002,2025-11-27,2025,107.14,256.06,2.79
S003,2025-11-27,2025,933.82,594.67,8.43
S004,2025-11-27,2025,184.48,287.28,5.60
S005,2025-11-27,2025,156.16,217.72,3.79
S006,2025-11-27,2025,159.38,352.87,4.08
S007,2025-11-27,2025,778.03,519.04,7.59
S008,2025-11-27,2025,31.48,62.88,4.23
S009,2025-11-27,2025,117.81,156.44,6.88
S010,2025-11-27,2025,248.23,660.10,2.73
S011,2025-11-27,2025,823.77,686.65,6.15
S012,2025-11-27,2025,67.83,149.20,2.73
S013,2025-11-27,2025,59.62,55.96,8.20
S014,2025-11-27,2025,264.96,498.74,5.01
S015,2025-11-27,2025,698.40,541.75,3.88
S016,2025-11-27,2025,52.48,89.98,3.17
S017,2025-11-27,2025,53.55,46.24,8.37
S018,2025-11-27,2025,114.62,248.20,7.33
S019,2025-11-27,2025,1008.90,903.98,3.56
S020,2025-11-27,2025,64.97,122.84,5.65
S021,2025-11-27,2025,110.73,171.61,6.16
S022,2025-11-27,2025,105.74,323.78,2.51
S023,2025-11-27,2025,758.20,566.23,5.07
S024,2025-11-27,2025,44.72,57.62,8.21
S025,2025-11-27,2025,170.48,229.50,4.81
S026,2025-11-27,2025,82.90,194.73,4.87
S027,2025-11-27,2025,916.31,604.03,7.28
S028,2025-11-27,2025,116.17,241.50,4.24
S029,2025-11-27,2025,48.06,58.77,8.28
S030,2025-11-27,2025,432.01,653.99,8.04
S001,2025-11-28,2025,144.96,263.29,3.41
S002,2025-11-28,2025,111.45,193.68,6.58
S003,2025-11-28,2025,889.01,964.76,2.85
S004,2025-11-28,2025,183.82,378.60,4.08
S005,2025-11-28,2025,148.78,206.40,3.84
S006,2025-11-28,2025,141.74,277.29,6.40
S007,2025-11-28,2025,783.24,561.46,6.65
S008,2025-11-28,2025,34.61,46.20,7.68
S009,2025-11-28,2025,117.58,159.00,4.82
S010,2025-11-28,2025,233.61,590.60,3.59
S011,2025-11-28,2025,841.23,664.67,5.96
S012,2025-11-28,2025,72.36,121.84,4.83
S013,2025-11-28,2025,55.73,55.72,7.83
S014,2025-11-28,2025,233.98,432.04,7.47
S015,2025-11-28,2025,623.88,606.81,3.21
S016,2025-11-28,2025,54.64,91.81,3.68
S017,2025-11-28,2025,53.94,58.41,5.91
S018,2025-11-28,2025,123.15,331.33,3.72
S019,2025-11-28,2025,979.34,815.44,5.66
S020,2025-11-28,2025,78.36,140.66,3.39
S021,2025-11-28,2025,134.43,136.18,8.09
S022,2025-11-28,2025,105.29,237.48,5.92
S023,2025-11-28,2025,648.14,608.94,3.34
S024,2025-11-28,2025,40.95,67.10,5.35
S025,2025-11-28,2025,177.87,213.88,6.45
S026,2025-11-28,2025,78.05,179.24,5.63
S027,2025-11-28,2025,801.53,692.33,5.65
S028,2025-11-28,2025,116.54,222.05,3.44
S029,2025-11-28,2025,55.47,56.66,7.46
S030,2025-11-28,2025,412.58,694.84,7.54
S001,2025-11-29,2025,107.11,137.83,5.54
S002,2025-11-29,2025,68.20,151.78,3.88
S003,2025-11-29,2025,547.02,512.42,5.21
S004,2025-11-29,2025,119.65,206.51,4.49
S005,2025-11-29,2025,89.67,99.34,7.18
S006,2025-11-29,2025,94.02,201.35,4.61
S007,2025-11-29,2025,460.27,412.36,6.05
S008,2025-11-29,2025,19.29,23.97,8.04
S009,2025-11-29,2025,84.70,103.15,4.25
S010,2025-11-29,2025,134.42,247.56,8.13
S011,2025-11-29,2025,572.92,411.93,6.65
S012,2025-11-29,2025,40.95,70.54,7.38
S013,2025-11-29,2025,34.78,50.66,4.70
S014,2025-11-29,2025,156.63,336.47,4.63
S015,2025-11-29,2025,408.10,257.13,7.96
S016,2025-11-29,2025,31.01,60.71,3.66
S017,2025-11-29,2025,31.40,37.44,6.47
S018,2025-11-29,2025,74.80,144.10,6.02
S019,2025-11-29,2025,743.51,473.46,6.69
S020,2025-11-29,2025,39.76,68.37,6.83
S021,2025-11-29,2025,78.00,108.13,4.91
S022,2025-11-29,2025,65.29,120.37,7.89
S023,2025-11-29,2025,435.74,362.25,5.05
S024,2025-11-29,2025,22.57,51.33,3.64
S025,2025-11-29,2025,104.56,186.75,3.63
S026,2025-11-29,2025,56.87,95.86,6.29
S027,2025-11-29,2025,478.01,333.21,7.38
S028,2025-11-29,2025,87.01,135.30,5.72
S029,2025-11-29,2025,34.69,45.90,4.14
S030,2025-11-29,2025,245.78,693.34,2.87
S001,2025-11-30,2025,100.07,106.17,7.61
S002,2025-11-30,2025,67.47,133.59,5.62
S003,2025-11-30,2025,658.52,364.49,7.18
S004,2025-11-30,2025,125.45,206.63,3.93
S005,2025-11-30,2025,80.64,109.68,5.80
S006,2025-11-30,2025,80.85,217.77,3.71
S007,2025-11-30,2025,533.58,305.88,7.72
S008,2025-11-30,2025,18.00,36.96,4.67
S009,2025-11-30,2025,74.64,104.30,6.39
S010,2025-11-30,2025,143.62,322.43,4.69
S011,2025-11-30,2025,559.31,382.16,6.20
S012,2025-11-30,2025,51.14,80.24,4.97
S013,2025-11-30,2025,34.90,44.42,6.31
S014,2025-11-30,2025,162.24,262.31,7.34
S015,2025-11-30,2025,368.79,422.44,2.37
S016,2025-11-30,2025,33.73,53.58,5.58
S017,2025-11-30,2025,32.45,33.93,7.00
S018,2025-11-30,2025,80.99,158.21,6.79
S019,2025-11-30,2025,712.78,572.82,4.03
S020,2025-11-30,2025,46.68,82.61,2.91
S021,2025-11-30,2025,78.27,125.29,3.65
S022,2025-11-30,2025,64.56,187.40,3.72
S023,2025-11-30,2025,371.96,329.86,6.37
S024,2025-11-30,2025,22.57,40.02,4.89
S025,2025-11-30,2025,103.37,168.43,2.74
S026,2025-11-30,2025,51.01,140.70,3.92
S027,2025-11-30,2025,535.90,326.72,7.04
S028,2025-11-30,2025,78.55,115.15,6.72
S029,2025-11-30,2025,29.87,40.86,7.23
S030,2025-11-30,2025,262.37,519.55,5.30
S001,2025-12-01,2025,152.89,197.48,7.61
S002,2025-12-01,2025,112.19,223.28,5.93
S003,2025-12-01,2025,981.78,727.05,5.15
S004,2025-12-01,2025,199.74,297.58,5.71
S005,2025-12-01,2025,162.94,210.16,5.63
S006,2025-12-01,2025,148.42,316.12,6.43
S007,2025-12-01,2025,832.59,569.34,6.38
S008,2025-12-01,2025,29.84,51.98,4.28
S009,2025-12-01,2025,107.47,208.78,2.38
S010,2025-12-01,2025,239.69,525.64,3.61
S011,2025-12-01,2025,813.14,629.63,7.12
S012,2025-12-01,2025,65.83,140.95,2.99
S013,2025-12-01,2025,51.27,60.31,6.57
S014,2025-12-01,2025,254.02,470.44,6.04
S015,2025-12-01,2025,667.47,433.40,7.41
S016,2025-12-01,2025,50.68,83.96,4.37
S017,2025-12-01,2025,52.08,79.36,3.32
S018,2025-12-01,2025,110.32,316.26,4.13
S019,2025-12-01,2025,1057.22,817.35,5.32
S020,2025-12-01,2025,62.56,141.06,3.05
S021,2025-12-01,2025,126.08,178.55,3.79
S022,2025-12-01,2025,111.20,260.47,3.97
S023,2025-12-01,2025,616.16,615.95,2.56
S024,2025-12-01,2025,43.05,53.39,7.63
S025,2025-12-01,2025,158.77,271.90,4.51
S026,2025-12-01,2025,93.67,154.21,7.00
S027,2025-12-01,2025,857.14,655.04,5.51
S028,2025-12-01,2025,115.37,185.22,6.87
S029,2025-12-01,2025,59.41,77.06,3.68
S030,2025-12-01,2025,427.34,871.65,6.55
S001,2025-12-02,2025,166.05,196.54,5.82
S002,2025-12-02,2025,98.64,243.28,5.73
S003,2025-12-02,2025,940.07,751.06,4.62
S004,2025-12-02,2025,175.97,305.07,5.05
S005,2025-12-02,2025,154.68,175.38,7.01
S006,2025-12-02,2025,139.79,286.93,5.94
S007,2025-12-02,2025,859.25,747.99,1.91
S008,2025-12-02,2025,31.18,65.48,2.35
S009,2025-12-02,2025,115.60,164.33,4.32
S010,2025-12-02,2025,248.43,419.71,7.04
S011,2025-12-02,2025,943.81,729.86,3.65
S012,2025-12-02,2025,76.91,133.52,5.41
S013,2025-12-02,2025,55.08,62.60,7.07
S014,2025-12-02,2025,254.07,590.19,4.22
S015,2025-12-02,2025,597.52,605.77,2.35
S016,2025-12-02,2025,45.05,89.61,5.13
S017,2025-12-02,2025,50.70,53.95,7.47
S018,2025-12-02,2025,136.29,308.44,4.27
S019,2025-12-02,2025,1159.49,980.73,4.60
S020,2025-12-02,2025,72.38,120.87,4.92
S021,2025-12-02,2025,112.56,211.04,3.04
S022,2025-12-02,2025,129.90,201.06,7.01
S023,2025-12-02,2025,685.72,556.82,6.10
S024,2025-12-02,2025,42.88,60.03,6.42
S025,2025-12-02,2025,165.68,248.07,5.14
S026,2025-12-02,2025,90.05,161.68,6.48
S027,2025-12-02,2025,793.57,775.62,2.51
S028,2025-12-02,2025,133.47,251.79,2.81
S029,2025-12-02,2025,50.36,69.85,5.40
S030,2025-12-02,2025,373.74,981.63,3.24
S001,2025-12-03,2025,158.25,221.28,6.61
S002,2025-12-03,2025,116.96,216.07,6.99
S003,2025-12-03,2025,964.55,673.98,6.26
S004,2025-12-03,2025,178.43,289.31,6.38
S005,2025-12-03,2025,132.17,163.49,7.55
S006,2025-12-03,2025,163.88,362.24,3.87
S007,2025-12-03,2025,848.41,739.78,4.87
S008,2025-12-03,2025,30.38,62.88,3.55
S009,2025-12-03,2025,112.67,215.44,2.19
S010,2025-12-03,2025,208.83,456.64,6.37
S011,2025-12-03,2025,940.73,668.67,6.78
S012,2025-12-03,2025,76.18,128.22,4.13
S013,2025-12-03,2025,57.66,81.93,5.09
S014,2025-12-03,2025,250.60,598.59,3.91
S015,2025-12-03,2025,640.14,436.92,7.13
S016,2025-12-03,2025,54.11,95.70,2.32
S017,2025-12-03,2025,51.34,64.94,5.54
S018,2025-12-03,2025,129.51,270.90,6.35
S019,2025-12-03,2025,1146.55,1049.94,2.87
S020,2025-12-03,2025,70.39,126.09,4.36
S021,2025-12-03,2025,134.72,146.55,7.62
S022,2025-12-03,2025,116.10,303.81,3.75
S023,2025-12-03,2025,610.30,530.08,5.44
S024,2025-12-03,2025,39.24,71.61,5.22
S025,2025-12-03,2025,184.00,255.85,4.69
S026,2025-12-03,2025,86.37,194.64,3.46
S027,2025-12-03,2025,857.18,840.36,2.73
S028,2025-12-03,2025,128.29,197.98,6.38
S029,2025-12-03,2025,58.13,78.06,5.38
S030,2025-12-03,2025,381.89,934.76,5.56
S001,2025-12-04,2025,162.54,266.01,4.26
S002,2025-12-04,2025,109.77,205.82,6.47
S003,2025-12-04,2025,1015.24,690.65,5.29
S004,2025-12-04,2025,202.15,355.60,2.31
S005,2025-12-04,2025,153.97,239.91,3.37
S006,2025-12-04,2025,153.19,283.14,6.59
S007,2025-12-04,2025,799.30,681.62,5.16
S008,2025-12-04,2025,32.97,65.05,2.97
S009,2025-12-04,2025,112.58,200.09,3.37
S010,2025-12-04,2025,262.69,441.36,6.35
S011,2025-12-04,2025,848.20,796.58,2.03
S012,2025-12-04,2025,82.77,161.46,2.46
S013,2025-12-04,2025,55.41,87.70,2.05
S014,2025-12-04,2025,248.58,400.91,7.46
S015,2025-12-04,2025,689.07,558.75,4.11
S016,2025-12-04,2025,45.33,73.24,7.49
S017,2025-12-04,2025,44.62,73.61,3.37
S018,2025-12-04,2025,127.27,257.86,6.00
S019,2025-12-04,2025,1056.89,868.52,6.30
S020,2025-12-04,2025,74.15,123.59,5.71
S021,2025-12-04,2025,121.92,156.84,6.16
S022,2025-12-04,2025,112.71,263.42,5.42
S023,2025-12-04,2025,invalid,639.18,3.59
S024,2025-12-04,2025,38.34,54.93,6.93
S025,2025-12-04,2025,187.16,235.62,5.14
S026,2025-12-04,2025,77.77,157.43,6.31
S027,2025-12-04,2025,757.25,945.20,1.91
S028,2025-12-04,2025,116.42,201.39,5.99
S029,2025-12-04,2025,55.98,76.14,6.14
S030,2025-12-04,2025,448.89,806.94,5.20
S001,2025-12-05,2025,157.25,259.58,2.47
S002,2025-12-05,2025,97.45,230.59,5.61
S003,2025-12-05,2025,1056.33,933.43,1.95
S004,2025-12-05,2025,185.01,336.62,4.13
S005,2025-12-05,2025,156.61,227.66,3.27
S006,2025-12-05,2025,146.98,372.34,1.87
S007,2025-12-05,2025,726.21,796.75,2.01
S008,2025-12-05,2025,30.52,56.77,5.08
S009,2025-12-05,2025,108.69,153.12,5.61
S010,2025-12-05,2025,239.48,547.17,5.39
S011,2025-12-05,2025,953.07,872.35,3.24
S012,2025-12-05,2025,72.23,106.98,6.54
S013,2025-12-05,2025,57.95,56.66,7.27
S014,2025-12-05,2025,224.78,560.13,4.19
S015,2025-12-05,2025,672.63,563.84,5.31
S016,2025-12-05,2025,52.99,69.53,6.39
S017,2025-12-05,2025,48.16,79.99,3.30
S018,2025-12-05,2025,130.47,353.10,2.80
S019,2025-12-05,2025,1129.70,791.56,5.81
S020,2025-12-05,2025,70.55,137.63,3.49
S021,2025-12-05,2025,130.44,174.15,3.99
S022,2025-12-05,2025,107.28,231.42,7.22
S023,2025-12-05,2025,708.73,461.06,6.47
S024,2025-12-05,2025,41.49,85.70,2.44
S025,2025-12-05,2025,187.28,228.50,6.39
S026,2025-12-05,2025,88.26,205.74,3.59
S027,2025-12-05,2025,928.78,682.60,4.83
S028,2025-12-05,2025,120.12,165.98,7.04
S029,2025-12-05,2025,55.43,84.44,4.26
S030,2025-12-05,2025,387.21,926.93,4.20
S001,2025-12-06,2025,99.32,189.55,1.99
S002,2025-12-06,2025,66.51,196.88,1.44
S003,2025-12-06,2025,601.36,519.04,3.60
S004,2025-12-06,2025,121.31,181.30,7.02
S005,2025-12-06,2025,95.05,108.83,6.61
S006,2025-12-06,2025,83.75,208.48,5.28
S007,2025-12-06,2025,499.47,465.09,2.99
S008,2025-12-06,2025,19.16,27.72,6.49
S009,2025-12-06,2025,71.61,100.77,6.71
S010,2025-12-06,2025,146.25,392.30,2.31
S011,2025-12-06,2025,586.32,551.36,2.56
S012,2025-12-06,2025,40.55,92.73,3.82
S013,2025-12-06,2025,33.66,53.98,2.64
S014,2025-12-06,2025,161.51,313.98,4.54
S015,2025-12-06,2025,419.19,282.46,6.68
S016,2025-12-06,2025,30.02,46.20,6.37
S017,2025-12-06,2025,31.26,46.43,2.27
S018,2025-12-06,2025,84.09,137.22,6.51
S019,2025-12-06,2025,618.27,554.71,5.86
S020,2025-12-06,2025,48.52,90.72,3.16
S021,2025-12-06,2025,72.23,102.18,6.55
S022,2025-12-06,2025,76.25,162.15,4.00
S023,2025-12-06,2025,397.42,402.20,4.19
S024,2025-12-06,2025,26.86,45.47,5.36
S025,2025-12-06,2025,98.30,149.19,6.48
S026,2025-12-06,2025,51.34,140.55,3.90
S027,2025-12-06,2025,522.04,381.45,5.79
S028,2025-12-06,2025,83.04,121.50,5.21
S029,2025-12-06,2025,36.69,56.81,3.59
S030,2025-12-06,2025,282.48,745.22,1.55
S001,2025-12-07,2025,95.04,129.72,6.07
S002,2025-12-07,2025,64.10,145.09,6.27
S003,2025-12-07,2025,576.97,496.92,3.65
S004,2025-12-07,2025,106.55,166.11,6.61
S005,2025-12-07,2025,91.13,116.84,6.15
S006,2025-12-07,2025,86.28,263.28,2.47
S007,2025-12-07,2025,526.37,504.00,3.51
S008,2025-12-07,2025,20.39,42.92,2.34
S009,2025-12-07,2025,80.13,121.46,3.25
S010,2025-12-07,2025,146.59,378.11,2.55
S011,2025-12-07,2025,495.44,530.46,2.41
S012,2025-12-07,2025,51.30,77.61,4.48
S013,2025-12-07,2025,32.24,62.10,1.90
S014,2025-12-07,2025,153.10,343.72,4.62
S015,2025-12-07,2025,451.41,452.77,1.50
S016,2025-12-07,2025,33.01,44.64,6.87
S017,2025-12-07,2025,27.96,57.65,1.40
S018,2025-12-07,2025,83.73,197.13,2.49
S019,2025-12-07,2025,635.77,492.80,5.73
S020,2025-12-07,2025,44.74,100.03,1.71
S021,2025-12-07,2025,74.38,107.92,5.96
S022,2025-12-07,2025,67.73,127.98,6.76
S023,2025-12-07,2025,464.64,461.54,1.95
S024,2025-12-07,2025,23.80,34.73,6.63
S025,2025-12-07,2025,99.67,136.57,6.86
S026,2025-12-07,2025,56.77,140.64,2.97
S027,2025-12-07,2025,566.07,449.55,5.05
S028,2025-12-07,2025,85.47,177.20,1.31
S029,2025-12-07,2025,31.64,58.27,3.19
S030,2025-12-07,2025,235.52,437.57,7.21
S001,2025-12-08,2025,153.90,287.93,3.19
S002,2025-12-08,2025,108.04,283.17,1.61
S003,2025-12-08,2025,848.46,905.04,2.56
S004,2025-12-08,2025,173.65,403.19,2.39
S005,2025-12-08,2025,137.41,264.37,2.72
S006,2025-12-08,2025,137.65,385.44,2.29
S007,2025-12-08,2025,838.70,890.74,1.76
S008,2025-12-08,2025,35.00,46.94,6.05
S009,2025-12-08,2025,128.63,189.64,4.46
S010,2025-12-08,2025,233.96,481.81,5.86
S011,2025-12-08,2025,822.92,601.81,6.82
S012,2025-12-08,2025,65.78,132.33,3.68
S013,2025-12-08,2025,51.59,93.52,3.12
S014,2025-12-08,2025,213.80,740.44,1.18
S015,2025-12-08,2025,643.94,746.57,1.49
S016,2025-12-08,2025,48.15,86.16,4.80
S017,2025-12-08,2025,52.55,79.96,2.90
S018,2025-12-08,2025,137.33,279.19,3.91
S019,2025-12-08,2025,1211.85,862.75,6.54
S020,2025-12-08,2025,71.98,134.76,3.93
S021,2025-12-08,2025,111.98,151.41,7.06
S022,2025-12-08,2025,118.30,225.44,6.93
S023,2025-12-08,2025,613.55,587.33,3.25
S024,2025-12-08,2025,36.66,79.58,3.22
S025,2025-12-08,2025,179.46,250.16,5.42
S026,2025-12-08,2025,93.47,161.99,6.83
S027,2025-12-08,2025,906.68,678.79,5.83
S028,2025-12-08,2025,121.90,284.20,1.61
S029,2025-12-08,2025,58.31,82.50,4.49
S030,2025-12-08,2025,446.49,1204.26,1.79
S001,2025-12-09,2025,153.36,225.13,4.52
S002,2025-12-09,2025,107.06,233.52,6.08
S003,2025-12-09,2025,925.60,910.05,2.78
S004,2025-12-09,2025,183.99,459.05,1.08
S005,2025-12-09,2025,151.85,242.69,1.95
S006,2025-12-09,2025,159.90,362.03,3.08
S007,2025-12-09,2025,754.15,596.28,6.00
S008,2025-12-09,2025,30.18,44.21,6.97
S009,2025-12-09,2025,121.01,200.07,3.44
S010,2025-12-09,2025,210.33,439.35,6.72
S011,2025-12-09,2025,879.93,586.79,6.50
S012,2025-12-09,2025,66.86,170.55,2.32
S013,2025-12-09,2025,56.09,87.24,1.51
S014,2025-12-09,2025,222.72,453.59,6.64
S015,2025-12-09,2025,711.97,560.24,5.23
S016,2025-12-09,2025,43.82,79.50,5.46
S017,2025-12-09,2025,47.57,82.09,1.58
S018,2025-12-09,2025,111.51,252.15,5.94
S019,2025-12-09,2025,1183.53,1137.76,2.87
S020,2025-12-09,2025,75.86,124.04,3.75
S021,2025-12-09,2025,122.77,183.34,4.06
S022,2025-12-09,2025,104.50,237.80,6.52
S023,2025-12-09,2025,604.12,512.42,6.12
S024,2025-12-09,2025,43.74,79.90,3.78
S025,2025-12-09,2025,159.86,284.30,4.51
S026,2025-12-09,2025,78.73,205.40,4.22
S027,2025-12-09,2025,916.78,758.26,2.61
S028,2025-12-09,2025,135.87,211.62,5.43
S029,2025-12-09,2025,50.90,68.15,5.98
S030,2025-12-09,2025,423.12,989.05,4.04
S001,2025-12-10,2025,179.44,306.59,1.06
S002,2025-12-10,2025,121.66,282.75,3.98
S003,2025-12-10,2025,987.58,709.96,6.63
S004,2025-12-10,2025,165.27,272.63,6.70
S005,2025-12-10,2025,147.82,217.06,3.60
S006,2025-12-10,2025,150.33,356.29,4.00
S007,2025-12-10,2025,788.26,821.76,2.67
S008,2025-12-10,2025,28.27,73.99,1.29
S009,2025-12-10,2025,109.77,182.09,5.06
S010,2025-12-10,2025,259.31,471.33,6.79
S011,2025-12-10,2025,924.27,614.74,5.88
S012,2025-12-10,2025,73.93,165.20,1.37
S013,2025-12-10,2025,56.30,69.61,6.03
S014,2025-12-10,2025,261.92,661.27,3.05
S015,2025-12-10,2025,675.01,731.91,1.14
S016,2025-12-10,2025,46.90,112.92,1.88
S017,2025-12-10,2025,53.75,76.82,4.25
S018,2025-12-10,2025,134.31,311.79,3.79
S019,2025-12-10,2025,1050.51,927.00,5.27
S020,2025-12-10,2025,74.51,119.29,5.47
S021,2025-12-10,2025,109.28,218.63,3.01
S022,2025-12-10,2025,111.17,271.98,3.92
S023,2025-12-10,2025,663.07,767.11,1.72
S024,2025-12-10,2025,37.88,68.07,4.09
S025,2025-12-10,2025,189.71,233.17,6.25
S026,2025-12-10,2025,80.95,189.78,4.10
S027,2025-12-10,2025,745.77,921.70,1.52
S028,2025-12-10,2025,128.65,204.98,4.96
S029,2025-12-10,2025,47.74,89.13,2.85
S030,2025-12-10,2025,445.32,1056.91,2.58
S001,2025-12-11,2025,157.59,257.14,4.47
S002,2025-12-11,2025,106.15,270.07,2.76
S003,2025-12-11,2025,860.11,714.48,5.84
S004,2025-12-11,2025,197.64,269.67,6.65
S005,2025-12-11,2025,148.58,208.50,5.49
S006,2025-12-11,2025,163.90,358.52,3.77
S007,2025-12-11,2025,725.63,871.54,1.01
S008,2025-12-11,2025,29.66,69.51,2.60
S009,2025-12-11,2025,130.52,189.32,2.21
S010,2025-12-11,2025,226.93,629.43,2.28
S011,2025-12-11,2025,903.22,832.82,1.50
S012,2025-12-11,2025,65.51,114.02,6.71
S013,2025-12-11,2025,59.23,74.12,5.89
S014,2025-12-11,2025,238.01,583.10,4.38
S015,2025-12-11,2025,662.14,598.34,4.80
S016,2025-12-11,2025,46.70,110.59,1.70
S017,2025-12-11,2025,42.72,87.35,2.51
S018,2025-12-11,2025,127.28,312.65,1.86
S019,2025-12-11,2025,1024.37,893.71,4.76
S020,2025-12-11,2025,74.42,138.61,2.03
S021,2025-12-11,2025,109.20,196.69,3.70
S022,2025-12-11,2025,106.77,288.37,2.02
S023,2025-12-11,2025,705.53,633.50,3.46
S024,2025-12-11,2025,37.03,71.39,4.88
S025,2025-12-11,2025,196.91,279.90,2.81
S026,2025-12-11,2025,79.18,198.77,4.30
S027,2025-12-11,2025,909.79,721.47,4.63
S028,2025-12-11,2025,116.11,215.18,5.81
S029,2025-12-11,2025,48.13,93.09,3.11
S030,2025-12-11,2025,447.86,966.86,3.90
S001,2025-12-12,2025,151.04,320.94,1.52
S002,2025-12-12,2025,104.62,294.99,3.10
S003,2025-12-12,2025,990.88,857.71,4.76
S004,2025-12-12,2025,207.42,307.31,5.25
S005,2025-12-12,2025,140.05,261.57,1.68
S006,2025-12-12,2025,151.74,419.74,1.39
S007,2025-12-12,2025,771.07,838.97,1.96
S008,2025-12-12,2025,32.15,74.95,1.69
S009,2025-12-12,2025,125.41,190.83,2.26
S010,2025-12-12,2025,256.36,526.56,4.84
,,,,,
S012,2025-12-12,2025,77.24,129.06,4.46
S013,2025-12-12,2025,59.31,71.93,6.67
S014,2025-12-12,2025,223.83,607.32,2.08
S015,2025-12-12,2025,708.07,506.06,5.05
S016,2025-12-12,2025,52.32,94.50,3.23
S017,2025-12-12,2025,53.56,60.26,5.28
S018,2025-12-12,2025,122.30,319.53,1.41
S019,2025-12-12,2025,992.11,1124.45,2.55
S020,2025-12-12,2025,77.98,150.73,0.90
S021,2025-12-12,2025,119.20,197.62,3.87
S022,2025-12-12,2025,122.02,270.72,4.58
S023,2025-12-12,2025,661.88,683.89,2.15
S024,2025-12-12,2025,40.94,60.30,6.21
S025,2025-12-12,2025,195.00,287.41,4.06
S026,2025-12-12,2025,93.34,253.46,1.93
S027,2025-12-12,2025,930.32,792.65,1.98
S028,2025-12-12,2025,123.86,197.89,6.69
S029,2025-12-12,2025,53.63,83.78,2.92
S030,2025-12-12,2025,411.74,768.75,6.58
S001,2025-12-13,2025,105.88,140.31,6.48
S002,2025-12-13,2025,74.78,126.14,6.34
S003,2025-12-13,2025,595.21,427.81,6.65
S004,2025-12-13,2025,116.60,168.14,6.30
S005,2025-12-13,2025,96.61,132.34,5.78
S006,2025-12-13,2025,101.18,242.40,2.68
S007,2025-12-13,2025,476.37,496.68,2.94
S008,2025-12-13,2025,17.28,44.07,1.49
S009,2025-12-13,2025,78.92,127.96,3.02
S010,2025-12-13,2025,131.27,324.95,6.06
S011,2025-12-13,2025,515.18,578.70,0.70
S012,2025-12-13,2025,44.34,66.72,6.22
S013,2025-12-13,2025,35.52,47.15,5.35
S014,2025-12-13,2025,163.23,376.36,3.34
S015,2025-12-13,2025,367.61,378.19,4.56
S016,2025-12-13,2025,27.33,63.00,3.34
S017,2025-12-13,2025,28.51,44.28,3.42
S018,2025-12-13,2025,81.42,228.91,2.26
S019,2025-12-13,2025,744.57,686.43,2.32
S020,2025-12-13,2025,invalid,77.50,5.19
S021,2025-12-13,2025,78.76,121.30,2.32
S022,2025-12-13,2025,80.00,157.54,5.23
S023,2025-12-13,2025,384.35,355.16,4.32
S024,2025-12-13,2025,22.45,39.81,4.85
S025,2025-12-13,2025,118.72,162.20,4.94
S026,2025-12-13,2025,58.96,136.69,1.34
S027,2025-12-13,2025,467.33,616.04,0.82
S028,2025-12-13,2025,72.88,163.49,3.61
S029,2025-12-13,2025,37.04,54.40,3.13
S030,2025-12-13,2025,244.32,729.46,1.78
S001,2025-12-14,2025,97.92,161.18,2.97
S002,2025-12-14,2025,73.51,181.73,3.32
S003,2025-12-14,2025,636.11,463.30,4.72
S004,2025-12-14,2025,111.23,211.53,2.72
S005,2025-12-14,2025,94.05,172.80,0.60
S006,2025-12-14,2025,90.46,199.92,5.09
S007,2025-12-14,2025,544.99,418.53,6.06
S008,2025-12-14,2025,20.86,40.08,1.35
S009,2025-12-14,2025,71.25,96.07,5.27
S010,2025-12-14,2025,144.67,341.10,4.51
S011,2025-12-14,2025,540.06,402.68,6.22
S012,2025-12-14,2025,46.20,98.33,1.71
S013,2025-12-14,2025,30.78,48.01,4.75
S014,2025-12-14,2025,154.62,389.92,1.95
S015,2025-12-14,2025,382.87,480.69,1.25
S016,2025-12-14,2025,31.27,74.66,0.67
S017,2025-12-14,2025,27.75,41.04,5.65
S018,2025-12-14,2025,83.49,246.33,0.95
S019,2025-12-14,2025,735.27,555.78,3.92
S020,2025-12-14,2025,41.73,90.35,0.90
S021,2025-12-14,2025,69.69,121.15,2.76
S022,2025-12-14,2025,68.74,148.44,5.24
S023,2025-12-14,2025,397.65,384.96,4.30
S024,2025-12-14,2025,23.42,41.34,4.84
S025,2025-12-14,2025,114.82,176.79,2.79
S026,2025-12-14,2025,48.08,127.93,4.40
S027,2025-12-14,2025,523.18,528.46,2.22
S028,2025-12-14,2025,86.77,145.68,4.53
S029,2025-12-14,2025,30.05,53.22,3.00
S030,2025-12-14,2025,243.66,545.79,6.09
S001,2025-12-15,2025,159.44,235.80,4.64
S002,2025-12-15,2025,106.22,262.90,5.13
S003,2025-12-15,2025,857.13,894.49,3.25
S004,2025-12-15,2025,172.51,462.26,0.84
S005,2025-12-15,2025,160.39,220.16,3.38
S006,2025-12-15,2025,160.69,409.32,1.91
S007,2025-12-15,2025,848.37,586.90,5.87
S008,2025-12-15,2025,28.07,60.63,2.64
S009,2025-12-15,2025,113.13,162.35,5.59
S010,2025-12-15,2025,258.38,581.46,3.60
S011,2025-12-15,2025,963.54,948.91,1.98
S012,2025-12-15,2025,79.86,119.05,5.28
S013,2025-12-15,2025,55.44,96.25,1.19
S014,2025-12-15,2025,250.24,710.27,2.13
S015,2025-12-15,2025,729.78,554.75,5.74
S016,2025-12-15,2025,49.86,86.19,4.01
S017,2025-12-15,2025,49.56,70.74,5.15
S018,2025-12-15,2025,116.48,370.88,0.67
S019,2025-12-15,2025,1201.15,817.36,6.29
S020,2025-12-15,2025,68.63,126.07,3.39
S021,2025-12-15,2025,120.08,167.44,5.01
S022,2025-12-15,2025,126.09,234.56,5.90
S023,2025-12-15,2025,737.78,672.35,2.59
S024,2025-12-15,2025,39.75,97.78,1.44
S025,2025-12-15,2025,173.18,309.68,2.53
S026,2025-12-15,2025,92.07,245.78,2.56
S027,2025-12-15,2025,891.90,853.94,2.24
S028,2025-12-15,2025,125.93,247.32,3.79
S029,2025-12-15,2025,50.95,74.28,4.19
S030,2025-12-15,2025,375.01,807.03,6.25
S001,2025-12-16,2025,176.89,295.61,2.86
S002,2025-12-16,2025,97.97,317.33,0.60
S003,2025-12-16,2025,956.29,1099.80,1.39
S004,2025-12-16,2025,179.74,403.12,2.77
S005,2025-12-16,2025,148.21,269.88,0.92
S006,2025-12-16,2025,138.28,421.83,2.12
S007,2025-12-16,2025,820.21,718.71,3.48
S008,2025-12-16,2025,28.56,62.89,3.93
S009,2025-12-16,2025,124.97,240.32,1.52
S010,2025-12-16,2025,209.37,643.70,2.09
S011,2025-12-16,2025,852.20,846.36,3.89
S012,2025-12-16,2025,74.85,176.31,0.51
S013,2025-12-16,2025,57.09,83.04,4.67
S014,2025-12-16,2025,214.92,659.48,2.80
S015,2025-12-16,2025,731.03,681.52,1.60
S016,2025-12-16,2025,47.84,105.57,3.01
S017,2025-12-16,2025,43.08,61.45,5.71
S018,2025-12-16,2025,117.36,303.52,3.95
S019,2025-12-16,2025,1215.77,930.51,3.91
S020,2025-12-16,2025,70.86,124.29,4.62
S021,2025-12-16,2025,136.08,251.80,0.82
S022,2025-12-16,2025,107.21,306.32,2.23
S023,2025-12-16,2025,715.86,529.64,4.38
S024,2025-12-16,2025,42.34,82.71,2.09
S025,2025-12-16,2025,157.81,286.98,3.74
S026,2025-12-16,2025,81.93,221.84,2.75
S027,2025-12-16,2025,837.30,824.60,3.80
S028,2025-12-16,2025,111.37,265.78,2.71
S029,2025-12-16,2025,55.22,104.76,0.42
S030,2025-12-16,2025,387.37,1092.97,1.94
S001,2025-12-17,2025,181.47,229.82,6.19
,,,,,
S003,2025-12-17,2025,896.91,724.80,5.85
S004,2025-12-17,2025,182.42,390.03,3.37
S005,2025-12-17,2025,130.78,224.82,4.66
S006,2025-12-17,2025,138.39,377.81,4.01
S007,2025-12-17,2025,762.97,819.13,1.87
S008,2025-12-17,2025,32.25,70.05,0.42
S009,2025-12-17,2025,124.91,240.02,1.33
S010,2025-12-17,2025,262.55,663.57,2.47
S011,2025-12-17,2025,913.29,840.80,3.98
S012,2025-12-17,2025,71.06,141.46,4.56
S013,2025-12-17,2025,57.39,79.48,4.48
S014,2025-12-17,2025,260.48,531.32,4.42
S015,2025-12-17,2025,619.57,569.77,3.04
S016,2025-12-17,2025,45.33,109.83,2.22
S017,2025-12-17,2025,51.43,60.09,6.21
S018,2025-12-17,2025,112.84,412.83,0.39
S019,2025-12-17,2025,1180.00,1036.76,1.49
S020,2025-12-17,2025,77.98,147.96,1.92
S021,2025-12-17,2025,133.62,178.44,4.54
S022,2025-12-17,2025,117.91,242.21,6.10
S023,2025-12-17,2025,699.67,543.24,5.69
S024,2025-12-17,2025,37.15,74.42,3.02
S025,2025-12-17,2025,197.36,330.57,0.50
S026,2025-12-17,2025,92.69,227.40,3.63
S027,2025-12-17,2025,921.36,801.36,1.46
S028,2025-12-17,2025,129.08,296.40,0.63
S029,2025-12-17,2025,50.80,103.80,1.61
S030,2025-12-17,2025,381.59,1096.63,1.18
S001,2025-12-18,2025,152.47,317.49,1.84
S002,2025-12-18,2025,107.93,288.40,2.24
S003,2025-12-18,2025,883.56,782.77,3.93
S004,2025-12-18,2025,206.47,309.14,5.10
S005,2025-12-18,2025,132.16,250.04,1.03
S006,2025-12-18,2025,150.42,309.38,4.78
S007,2025-12-18,2025,859.94,831.41,0.78
S008,2025-12-18,2025,32.60,51.32,5.18
S009,2025-12-18,2025,134.05,186.59,3.87
S010,2025-12-18,2025,223.53,520.88,5.18
S011,2025-12-18,2025,960.67,668.31,5.95
S012,2025-12-18,2025,74.46,159.67,3.16
S013,2025-12-18,2025,54.05,80.92,4.78
S014,2025-12-18,2025,213.46,675.95,2.38
S015,2025-12-18,2025,705.25,550.49,5.38
S016,2025-12-18,2025,53.02,105.50,2.06
S017,2025-12-18,2025,42.65,79.99,1.86
S018,2025-12-18,2025,121.74,279.78,5.35
S019,2025-12-18,2025,1146.72,940.93,4.43
S020,2025-12-18,2025,70.98,158.93,1.60
S021,2025-12-18,2025,118.83,155.71,5.55
S022,2025-12-18,2025,112.30,244.83,5.11
S023,2025-12-18,2025,636.34,651.22,4.10
S024,2025-12-18,2025,44.87,88.08,2.38
S025,2025-12-18,2025,170.76,332.02,1.12
S026,2025-12-18,2025,78.65,215.39,1.70
S027,2025-12-18,2025,748.96,691.48,6.10
S028,2025-12-18,2025,118.13,205.36,6.01
S029,2025-12-18,2025,57.99,101.54,1.46
S030,2025-12-18,2025,395.22,870.32,4.71
S001,2025-12-19,2025,147.73,248.40,5.22
S002,2025-12-19,2025,104.55,321.72,0.33
S003,2025-12-19,2025,943.07,691.30,6.01
S004,2025-12-19,2025,188.82,328.15,4.04
S005,2025-12-19,2025,145.85,242.54,2.66
S006,2025-12-19,2025,131.52,334.55,4.68
S007,2025-12-19,2025,865.63,915.11,0.21
S008,2025-12-19,2025,33.63,61.59,2.48
S009,2025-12-19,2025,123.61,154.51,5.98
S010,2025-12-19,2025,213.16,579.98,3.57
S011,2025-12-19,2025,917.91,785.60,3.30
S012,2025-12-19,2025,65.42,191.03,0.31
S013,2025-12-19,2025,57.67,102.53,1.61
S014,2025-12-19,2025,236.17,525.69,3.74
S015,2025-12-19,2025,709.44,717.50,1.16
S016,2025-12-19,2025,44.50,78.84,5.91
S017,2025-12-19,2025,50.51,66.29,4.78
S018,2025-12-19,2025,129.39,256.55,5.25
S019,2025-12-19,2025,1176.71,853.87,4.41
S020,2025-12-19,2025,73.18,133.77,4.66
S021,2025-12-19,2025,116.01,247.02,0.65
S022,2025-12-19,2025,116.74,362.88,0.18
S023,2025-12-19,2025,643.94,686.68,1.91
S024,2025-12-19,2025,40.82,72.57,3.23
S025,2025-12-19,2025,181.56,241.37,4.70
S026,2025-12-19,2025,78.21,166.97,5.63
S027,2025-12-19,2025,944.44,739.43,5.01
S028,2025-12-19,2025,134.37,237.00,2.80
S029,2025-12-19,2025,48.88,107.22,0.44
S030,2025-12-19,2025,455.18,1201.31,1.03
S001,2025-12-20,2025,89.89,127.46,5.98
S002,2025-12-20,2025,61.25,132.78,5.69
S003,2025-12-20,2025,541.76,486.42,5.84
S004,2025-12-20,2025,103.85,219.56,2.56
S005,2025-12-20,2025,85.07,154.89,3.64
S006,2025-12-20,2025,100.34,262.99,1.62
S007,2025-12-20,2025,531.09,469.69,3.56
S008,2025-12-20,2025,21.40,34.51,5.36
S009,2025-12-20,2025,66.79,108.99,4.11
S010,2025-12-20,2025,129.45,414.35,1.34
S011,2025-12-20,2025,473.64,596.65,1.91
S012,2025-12-20,2025,40.88,79.94,4.65
S013,2025-12-20,2025,30.21,48.61,5.51
S014,2025-12-20,2025,154.10,400.96,3.02
S015,2025-12-20,2025,418.74,392.23,3.42
S016,2025-12-20,2025,31.29,55.32,5.43
S017,2025-12-20,2025,27.88,41.97,5.68
S018,2025-12-20,2025,83.33,216.53,0.21
S019,2025-12-20,2025,694.97,711.84,0.93
S020,2025-12-20,2025,44.06,73.47,5.21
S021,2025-12-20,2025,69.25,98.47,5.11
S022,2025-12-20,2025,75.52,192.35,1.58
S023,2025-12-20,2025,412.81,457.71,1.87
S024,2025-12-20,2025,24.47,50.49,3.35
S025,2025-12-20,2025,106.47,226.62,0.08
S026,2025-12-20,2025,49.77,141.88,2.69
S027,2025-12-20,2025,497.47,513.17,2.77
S028,2025-12-20,2025,80.86,194.34,0.42
S029,2025-12-20,2025,33.47,66.02,0.55
S030,2025-12-20,2025,275.48,611.09,2.96
S001,2025-12-21,2025,89.85,136.91,5.10
S002,2025-12-21,2025,62.67,144.59,5.69
S003,2025-12-21,2025,524.03,451.89,4.58
S004,2025-12-21,2025,125.10,190.91,4.36
S005,2025-12-21,2025,83.69,137.33,4.69
S006,2025-12-21,2025,99.13,232.23,2.00
S007,2025-12-21,2025,497.41,515.51,3.25
S008,2025-12-21,2025,20.90,29.66,5.55
S009,2025-12-21,2025,80.32,135.54,2.69
S010,2025-12-21,2025,151.39,397.05,0.54
S011,2025-12-21,2025,520.68,502.54,2.12
S012,2025-12-21,2025,48.01,74.31,4.76
S013,2025-12-21,2025,33.61,56.46,1.42
S014,2025-12-21,2025,150.26,396.59,2.45
S015,2025-12-21,2025,439.61,336.11,5.56
,,,,,
S017,2025-12-21,2025,31.25,45.39,5.13
S018,2025-12-21,2025,75.25,234.55,0.49
S019,2025-12-21,2025,754.75,533.26,5.32
S020,2025-12-21,2025,44.38,78.67,4.13
S021,2025-12-21,2025,75.19,130.81,1.11
S022,2025-12-21,2025,70.80,213.41,1.08
S023,2025-12-21,2025,382.55,409.45,3.97
S024,2025-12-21,2025,26.35,56.18,2.10
S025,2025-12-21,2025,108.85,194.17,3.19
S026,2025-12-21,2025,57.44,149.92,1.94
S027,2025-12-21,2025,501.89,443.63,3.28
S028,2025-12-21,2025,79.32,141.80,2.82
S029,2025-12-21,2025,30.35,56.90,1.65
S030,2025-12-21,2025,237.87,603.75,4.18
S001,2025-12-22,2025,177.10,243.28,3.62
S002,2025-12-22,2025,109.63,271.98,3.06
S003,2025-12-22,2025,1013.71,748.36,5.35
S004,2025-12-22,2025,163.95,354.49,4.27
S005,2025-12-22,2025,158.87,211.26,3.62
S006,2025-12-22,2025,138.92,329.88,4.13
S007,2025-12-22,2025,757.27,767.94,3.58
S008,2025-12-22,2025,32.82,66.31,1.05
S009,2025-12-22,2025,109.41,229.10,0.62
S010,2025-12-22,2025,242.85,599.91,2.13
S011,2025-12-22,2025,763.35,925.14,1.75
S012,2025-12-22,2025,71.01,136.13,2.73
S013,2025-12-22,2025,48.06,81.18,2.59
S014,2025-12-22,2025,240.03,727.37,1.22
S015,2025-12-22,2025,656.79,631.78,2.33
S016,2025-12-22,2025,51.60,109.31,1.93
S017,2025-12-22,2025,50.17,81.07,3.51
S018,2025-12-22,2025,136.91,362.24,1.58
S019,2025-12-22,2025,1190.94,1252.42,0.03
S020,2025-12-22,2025,69.89,159.52,2.56
S021,2025-12-22,2025,108.78,175.27,3.81
S022,2025-12-22,2025,122.72,282.33,4.66
S023,2025-12-22,2025,670.43,600.07,4.27
S024,2025-12-22,2025,37.87,83.14,3.71
S025,2025-12-22,2025,157.94,230.19,5.02
S026,2025-12-22,2025,88.77,218.47,1.50
S027,2025-12-22,2025,890.93,1005.82,0.04
S028,2025-12-22,2025,111.29,221.51,5.54
S029,2025-12-22,2025,51.09,72.89,4.46
S030,2025-12-22,2025,383.27,895.57,4.91
S001,2025-12-23,2025,150.10,223.54,4.30
S002,2025-12-23,2025,119.57,362.76,0.13
S003,2025-12-23,2025,915.51,1056.88,-0.09
S004,2025-12-23,2025,188.71,353.52,3.55
S005,2025-12-23,2025,152.15,227.72,2.40
S006,2025-12-23,2025,162.27,336.97,4.65
,,,,,
S008,2025-12-23,2025,30.60,63.32,2.44
S009,2025-12-23,2025,125.59,200.21,2.33
S010,2025-12-23,2025,255.37,536.58,5.36
S011,2025-12-23,2025,947.90,861.47,3.32
S012,2025-12-23,2025,71.32,137.49,3.82
S013,2025-12-23,2025,49.42,87.40,1.88
S014,2025-12-23,2025,213.99,697.30,1.23
S015,2025-12-23,2025,660.23,606.66,3.87
S016,2025-12-23,2025,52.21,106.11,3.35
S017,2025-12-23,2025,49.02,84.00,1.93
S018,2025-12-23,2025,135.78,375.37,0.13
S019,2025-12-23,2025,1021.15,939.04,5.59
S020,2025-12-23,2025,66.89,127.15,4.44
S021,2025-12-23,2025,136.19,217.80,0.24
S022,2025-12-23,2025,128.05,347.01,0.57
S023,2025-12-23,2025,659.58,770.11,0.17
S024,2025-12-23,2025,42.08,66.83,4.78
S025,2025-12-23,2025,157.19,292.97,1.14
S026,2025-12-23,2025,85.80,209.37,3.52
S027,2025-12-23,2025,883.50,968.63,1.27
S028,2025-12-23,2025,135.24,205.62,5.75
S029,2025-12-23,2025,49.18,101.42,1.44
S030,2025-12-23,2025,451.64,1197.26,2.14
S001,2025-12-24,2025,165.23,237.57,5.50
S002,2025-12-24,2025,115.80,279.72,3.15
S003,2025-12-24,2025,1033.22,792.59,3.91
S004,2025-12-24,2025,198.55,334.51,4.86
S005,2025-12-24,2025,149.48,234.95,2.70
S006,2025-12-24,2025,156.48,391.46,3.87
S007,2025-12-24,2025,893.84,631.00,5.42
S008,2025-12-24,2025,28.47,66.17,3.47
S009,2025-12-24,2025,114.70,252.31,0.19
S010,2025-12-24,2025,218.89,640.72,0.33
S011,2025-12-24,2025,933.46,720.14,4.93
S012,2025-12-24,2025,80.82,163.00,1.79
S013,2025-12-24,2025,47.64,102.66,0.54
S014,2025-12-24,2025,215.33,689.95,2.10
S015,2025-12-24,2025,588.33,586.95,4.38
S016,2025-12-24,2025,50.89,103.84,3.04
S017,2025-12-24,2025,51.31,82.30,1.09
S018,2025-12-24,2025,129.23,304.86,4.41
S019,2025-12-24,2025,1223.93,1024.13,2.48
S020,2025-12-24,2025,62.70,131.30,4.77
S021,2025-12-24,2025,132.36,176.29,4.03
S022,2025-12-24,2025,127.15,306.48,3.78
S023,2025-12-24,2025,751.97,533.04,4.74
S024,2025-12-24,2025,36.66,79.98,1.98
S025,2025-12-24,2025,184.49,347.33,0.03
S026,2025-12-24,2025,84.67,191.46,4.76
S027,2025-12-24,2025,859.58,912.33,1.05
S028,2025-12-24,2025,111.12,227.79,5.00
S029,2025-12-24,2025,49.41,85.55,3.62
S030,2025-12-24,2025,394.52,1187.60,0.00
S001,2025-12-25,2025,176.84,314.30,1.88
S002,2025-12-25,2025,113.98,292.86,3.17
S003,2025-12-25,2025,1009.91,971.67,1.14
S004,2025-12-25,2025,186.36,340.06,5.52
S005,2025-12-25,2025,150.01,240.07,3.16
S006,2025-12-25,2025,151.21,336.96,4.92
S007,2025-12-25,2025,883.57,793.25,1.47
S008,2025-12-25,2025,31.66,65.68,0.84
S009,2025-12-25,2025,132.16,217.35,2.90
S010,2025-12-25,2025,239.62,478.64,5.04
S011,2025-12-25,2025,893.83,910.00,2.11
S012,2025-12-25,2025,74.66,149.49,1.87
S013,2025-12-25,2025,58.19,89.29,3.07
S014,2025-12-25,2025,220.31,495.32,4.59
S015,2025-12-25,2025,637.88,542.10,5.55
S016,2025-12-25,2025,45.84,112.95,1.69
S017,2025-12-25,2025,50.48,73.35,3.12
S018,2025-12-25,2025,129.86,412.77,0.07
S019,2025-12-25,2025,983.53,894.90,5.55
S020,2025-12-25,2025,67.97,167.72,0.55
S021,2025-12-25,2025,117.93,160.29,5.60
S022,2025-12-25,2025,110.39,318.77,1.80
S023,2025-12-25,2025,750.41,604.44,3.87
S024,2025-12-25,2025,38.17,72.39,5.36
S025,2025-12-25,2025,191.92,310.25,0.63
S026,2025-12-25,2025,87.18,250.39,0.44
S027,2025-12-25,2025,876.43,806.50,3.75
S028,2025-12-25,2025,132.60,263.64,2.94
S029,2025-12-25,2025,48.27,107.66,0.55
S030,2025-12-25,2025,447.65,875.64,4.88
S001,2025-12-26,2025,152.00,249.34,4.57
S002,2025-12-26,2025,112.84,246.00,4.48
S003,2025-12-26,2025,1021.62,997.50,0.61
S004,2025-12-26,2025,201.89,354.23,4.51
S005,2025-12-26,2025,160.87,230.20,3.77
S006,2025-12-26,2025,153.54,440.03,2.13
S007,2025-12-26,2025,771.49,771.89,2.17
S008,2025-12-26,2025,30.35,56.49,3.78
S009,2025-12-26,2025,131.08,198.01,3.76
S010,2025-12-26,2025,247.82,615.63,1.30
S011,2025-12-26,2025,786.39,872.48,1.14
S012,2025-12-26,2025,75.39,125.38,4.97
S013,2025-12-26,2025,56.55,93.59,2.49
S014,2025-12-26,2025,243.79,622.37,2.12
S015,2025-12-26,2025,689.16,595.46,3.67
S016,2025-12-26,2025,54.88,128.47,0.13
S017,2025-12-26,2025,47.45,66.59,4.96
S018,2025-12-26,2025,125.75,326.28,2.72
S019,2025-12-26,2025,1078.73,1166.43,1.25
S020,2025-12-26,2025,68.29,127.72,3.80
S021,2025-12-26,2025,117.95,166.52,5.21
S022,2025-12-26,2025,116.50,262.16,4.41
S023,2025-12-26,2025,756.59,579.25,4.68
S024,2025-12-26,2025,37.20,95.54,0.96
S025,2025-12-26,2025,170.78,291.46,1.60
S026,2025-12-26,2025,83.47,236.86,0.54
S027,2025-12-26,2025,748.45,897.87,2.65
S028,2025-12-26,2025,131.54,281.96,0.93
S029,2025-12-26,2025,50.42,93.85,3.01
S030,2025-12-26,2025,389.13,1030.10,3.64
S001,2025-12-27,2025,111.89,152.13,2.89
S002,2025-12-27,2025,62.87,132.20,5.54
S003,2025-12-27,2025,601.74,530.10,3.07
S004,2025-12-27,2025,111.81,226.55,1.86
S005,2025-12-27,2025,97.70,152.73,1.89
S006,2025-12-27,2025,94.62,262.01,0.39
S007,2025-12-27,2025,497.01,390.82,4.68
S008,2025-12-27,2025,19.11,40.60,2.65
S009,2025-12-27,2025,82.42,129.36,3.41
S010,2025-12-27,2025,156.40,479.02,0.53
S011,2025-12-27,2025,551.16,528.98,0.84
S012,2025-12-27,2025,48.48,110.49,0.18
S013,2025-12-27,2025,32.00,63.64,1.59
S014,2025-12-27,2025,157.27,455.61,1.47
S015,2025-12-27,2025,424.99,339.82,5.15
S016,2025-12-27,2025,30.08,59.78,3.20
S017,2025-12-27,2025,30.29,45.58,3.48
S018,2025-12-27,2025,81.41,191.09,3.27
S019,2025-12-27,2025,638.55,583.65,4.37
S020,2025-12-27,2025,44.18,76.58,4.15
S021,2025-12-27,2025,78.82,108.06,5.32
S022,2025-12-27,2025,67.16,226.04,0.87
S023,2025-12-27,2025,422.10,358.43,4.94
S024,2025-12-27,2025,24.09,61.19,0.26
S025,2025-12-27,2025,115.99,173.67,2.95
S026,2025-12-27,2025,48.24,124.65,4.18
S027,2025-12-27,2025,565.62,577.59,0.44
S028,2025-12-27,2025,76.58,152.03,2.67
S029,2025-12-27,2025,36.43,44.93,4.47
S030,2025-12-27,2025,249.40,814.76,0.20
S001,2025-12-28,2025,95.61,139.51,4.06
S002,2025-12-28,2025,73.98,169.76,4.31
S003,2025-12-28,2025,601.72,611.13,2.78
S004,2025-12-28,2025,110.39,253.40,2.91
S005,2025-12-28,2025,81.10,167.29,2.34
S006,2025-12-28,2025,87.99,255.34,0.59
S007,2025-12-28,2025,479.23,443.64,4.22
S008,2025-12-28,2025,18.13,40.35,0.84
S009,2025-12-28,2025,78.16,125.73,3.80
S010,2025-12-28,2025,156.06,365.64,2.54
S011,2025-12-28,2025,598.13,566.74,0.32
S012,2025-12-28,2025,51.55,105.02,0.87
S013,2025-12-28,2025,31.15,43.75,5.12
S014,2025-12-28,2025,140.01,481.82,-0.41
S015,2025-12-28,2025,408.54,430.85,0.59
S016,2025-12-28,2025,30.01,62.98,2.92
S017,2025-12-28,2025,30.14,60.91,0.00
S018,2025-12-28,2025,80.23,184.45,5.29
S019,2025-12-28,2025,668.78,608.95,3.93
S020,2025-12-28,2025,43.86,77.05,3.33
S021,2025-12-28,2025,85.01,122.97,3.50
S022,2025-12-28,2025,72.96,201.00,1.93
S023,2025-12-28,2025,467.36,352.62,3.59
S024,2025-12-28,2025,22.64,46.61,3.08
S025,2025-12-28,2025,107.69,184.65,1.11
S026,2025-12-28,2025,58.57,124.81,4.80
S027,2025-12-28,2025,501.67,586.25,0.74
S028,2025-12-28,2025,86.94,145.25,3.95
S029,2025-12-28,2025,29.66,46.52,4.05
S030,2025-12-28,2025,251.51,670.19,3.62
S001,2025-12-29,2025,177.64,261.68,3.61
S002,2025-12-29,2025,99.08,330.10,0.31
S003,2025-12-29,2025,965.09,838.12,5.23
S004,2025-12-29,2025,182.14,320.96,4.41
S005,2025-12-29,2025,130.19,199.94,4.84
S006,2025-12-29,2025,150.19,469.94,0.92
S007,2025-12-29,2025,904.82,647.74,4.52
S008,2025-12-29,2025,30.75,62.91,3.54
S009,2025-12-29,2025,121.82,222.99,0.17
S010,2025-12-29,2025,221.23,563.41,2.59
S011,2025-12-29,2025,819.43,1054.98,-0.00
S012,2025-12-29,2025,77.03,151.32,3.96
S013,2025-12-29,2025,53.42,81.34,4.13
S014,2025-12-29,2025,257.86,566.44,2.99
S015,2025-12-29,2025,743.67,548.66,3.54
S016,2025-12-29,2025,45.84,112.63,-0.08
S017,2025-12-29,2025,43.68,87.09,2.89
S018,2025-12-29,2025,111.29,353.03,1.05
S019,2025-12-29,2025,1122.40,1176.23,2.09
S020,2025-12-29,2025,67.23,154.91,2.98
S021,2025-12-29,2025,112.64,228.45,1.38
S022,2025-12-29,2025,114.49,275.18,3.76
S023,2025-12-29,2025,659.36,658.96,3.19
S024,2025-12-29,2025,39.18,76.11,4.17
S025,2025-12-29,2025,194.05,256.39,4.52
S026,2025-12-29,2025,89.29,191.44,4.63
S027,2025-12-29,2025,819.45,790.25,2.42
S028,2025-12-29,2025,123.58,280.14,1.64
S029,2025-12-29,2025,52.44,95.58,0.61
S030,2025-12-29,2025,447.44,999.12,2.29
S001,2025-12-30,2025,163.52,225.22,4.62
S002,2025-12-30,2025,108.44,319.68,0.32
S003,2025-12-30,2025,919.66,1051.41,1.85
S004,2025-12-30,2025,177.37,467.11,-0.11
S005,2025-12-30,2025,140.26,274.90,2.10
S006,2025-12-30,2025,163.55,416.66,1.39
S007,2025-12-30,2025,819.95,755.25,4.22
S008,2025-12-30,2025,34.48,66.03,2.75
S009,2025-12-30,2025,132.55,202.44,1.14
S010,2025-12-30,2025,259.45,681.03,-0.16
S011,2025-12-30,2025,835.50,796.19,3.57
S012,2025-12-30,2025,66.10,157.49,0.49
S013,2025-12-30,2025,48.84,96.67,2.21
S014,2025-12-30,2025,250.52,622.02,1.63
S015,2025-12-30,2025,725.58,598.91,3.08
S016,2025-12-30,2025,51.37,125.77,-0.30
S017,2025-12-30,2025,46.15,77.29,1.71
S018,2025-12-30,2025,137.23,354.11,0.91
S019,2025-12-30,2025,1061.39,959.16,4.42
S020,2025-12-30,2025,73.51,131.94,2.76
S021,2025-12-30,2025,137.29,230.99,0.55
S022,2025-12-30,2025,124.96,345.08,1.49
S023,2025-12-30,2025,674.66,665.17,2.84
S024,2025-12-30,2025,38.09,81.59,4.08
S025,2025-12-30,2025,186.73,284.05,3.96
S026,2025-12-30,2025,83.42,175.56,5.18
S027,2025-12-30,2025,801.89,925.35,1.12
S028,2025-12-30,2025,115.93,268.25,0.45
S029,2025-12-30,2025,54.54,107.90,-0.25
S030,2025-12-30,2025,425.28,1257.93,0.84
S001,2025-12-31,2025,145.60,325.58,0.74
S002,2025-12-31,2025,102.49,284.94,2.72
S003,2025-12-31,2025,1056.37,879.24,2.69
S004,2025-12-31,2025,176.47,431.31,1.70
S005,2025-12-31,2025,133.14,269.00,0.67
S006,2025-12-31,2025,150.04,319.64,4.90
S007,2025-12-31,2025,819.49,875.47,-0.01
S008,2025-12-31,2025,30.04,73.29,0.04
S009,2025-12-31,2025,121.51,201.91,1.32
S010,2025-12-31,2025,211.23,665.72,0.19
S011,2025-12-31,2025,820.75,747.31,3.16
S012,2025-12-31,2025,70.70,133.77,4.83
S013,2025-12-31,2025,48.25,75.17,4.29
S014,2025-12-31,2025,227.42,638.30,1.71
S015,2025-12-31,2025,594.02,655.12,2.39
S016,2025-12-31,2025,53.01,96.07,4.66
S017,2025-12-31,2025,53.85,85.54,1.32
S018,2025-12-31,2025,125.51,289.54,4.18
S019,2025-12-31,2025,1063.17,847.97,5.11
S020,2025-12-31,2025,69.91,146.20,0.74
S021,2025-12-31,2025,127.82,176.88,5.11
S022,2025-12-31,2025,123.17,272.95,4.11
S023,2025-12-31,2025,707.24,697.72,1.80
S024,2025-12-31,2025,36.01,87.98,2.34
S025,2025-12-31,2025,184.18,325.37,0.20
S026,2025-12-31,2025,91.06,217.13,2.36
S027,2025-12-31,2025,747.81,899.72,2.30
S028,2025-12-31,2025,138.45,237.49,2.40
S029,2025-12-31,2025,49.62,117.30,-0.37
S030,2025-12-31,2025,25420.50,10090.86,3.65
